label,x0,y0,z0,x1,y1,z1,x2,y2,z2,x3,y3,z3,x4,y4,z4,x5,y5,z5,x6,y6,z6,x7,y7,z7,x8,y8,z8,x9,y9,z9,x10,y10,z10,x11,y11,z11,x12,y12,z12,x13,y13,z13,x14,y14,z14,x15,y15,z15,x16,y16,z16,x17,y17,z17,x18,y18,z18,x19,y19,z19,x20,y20,z20
1,0.0,0.0,0.0,-0.02936863899230957,-0.019211113452911377,-0.00985529200744395,-0.051564693450927734,-0.04717731475830078,-0.013182691499707744,-0.06885010004043579,-0.07166028022766113,-0.016054447010276363,-0.08287572860717773,-0.08865952491760254,-0.01823125520360236,-0.02020937204360962,-0.09309446811676025,4.375827927560749e-06,-0.025417327880859375,-0.12990343570709229,-0.0043947088682330104,-0.027758121490478516,-0.15132173895835876,-0.00941850358259444,-0.028023064136505127,-0.16953718662261963,-0.012940697573242232,-0.0029112696647644043,-0.09279990196228027,0.001226004826719418,-0.006091773509979248,-0.13040870428085327,0.001159596986951783,-0.007935285568237305,-0.15219742059707642,-0.00010254999989456337,-0.008989393711090088,-0.16830229759216309,-0.0013880554736829254,0.014355599880218506,-0.08565831184387207,0.00021055099449540648,0.014477074146270752,-0.11680340766906738,-0.0003779333758870962,0.013833343982696533,-0.13475143909454346,0.00022696492914064947,0.012924671173095703,-0.1481814980506897,0.00046237799932669077,0.03158879280090332,-0.07342362403869629,-0.0024218121228045675,0.037872254848480225,-0.09530097246170044,-0.002633077759412572,0.04052567481994629,-0.10847502946853638,-0.0008131677435017082,0.042822182178497314,-0.1192624568939209,0.0007806892123767284
1,0.0,0.0,0.0,-0.023062050342559814,-0.021092891693115234,-0.002510591751125446,-0.03417462110519409,-0.048446834087371826,-0.0051010554807007225,-0.03798264265060425,-0.0678865909576416,-0.008855735991311064,-0.03943979740142822,-0.08028841018676758,-0.013080218915057173,-0.00566023588180542,-0.10813474655151367,0.0003912305192343979,-0.0031623244285583496,-0.14543521404266357,-0.0057740431429564865,-0.002301812171936035,-0.16942772269248962,-0.012394952695977679,-0.001003265380859375,-0.1894303560256958,-0.017459459711027137,0.006271660327911377,-0.10907775163650513,-0.0048174635657787235,0.012042999267578125,-0.1526471972465515,-0.009916883070182791,0.014109492301940918,-0.18030506372451782,-0.015631919834923735,0.016226112842559814,-0.20321360230445862,-0.02017658400924205,0.017112374305725098,-0.10223960876464844,-0.011198982704591742,0.025911271572113037,-0.14296329021453857,-0.015920337397766104,0.029677271842956543,-0.16822484135627747,-0.02002861920387744,0.03237026929855347,-0.18972641229629517,-0.023473942760539046,0.026104092597961426,-0.08831638097763062,-0.018314955864262572,0.03711390495300293,-0.11972057819366455,-0.022302486110639563,0.04360097646713257,-0.14116758108139038,-0.023975333307099334,0.04894930124282837,-0.1609092354774475,-0.025458460781884185
1,0.0,0.0,0.0,-0.022024929523468018,-0.02103745937347412,-0.002138857866029298,-0.032004594802856445,-0.048186302185058594,-0.004731620798210656,-0.03537267446517944,-0.06688672304153442,-0.008605087777922904,-0.035872459411621094,-0.08039349317550659,-0.012914357377539432,-0.005848586559295654,-0.10734683275222778,0.00040007112887963103,-0.002204716205596924,-0.14516031742095947,-0.006079877397368705,-0.00029331445693969727,-0.1691664159297943,-0.012776735840688502,0.0022118687629699707,-0.1891288161277771,-0.017746323390255725,0.005534470081329346,-0.10876119136810303,-0.0049069944269461985,0.011729240417480469,-0.15291285514831543,-0.010323719723473346,0.015105664730072021,-0.18093761801719666,-0.016079654587755954,0.01884162425994873,-0.20417946577072144,-0.02053515580142573,0.016015470027923584,-0.10250508785247803,-0.011339354930768764,0.024732589721679688,-0.1437516212463379,-0.016173699541340625,0.029367446899414062,-0.16933438181877136,-0.020182137979517734,0.03306019306182861,-0.1909780204296112,-0.023467261014829432,0.025040805339813232,-0.08875977993011475,-0.018467530278812205,0.03578823804855347,-0.12033689022064209,-0.022195156334291255,0.04216909408569336,-0.14180433750152588,-0.02353016626680926,0.04739195108413696,-0.16115444898605347,-0.024745726628552234
1,0.0,0.0,0.0,-0.021312177181243896,-0.020774662494659424,-0.0012018909206119588,-0.030489325523376465,-0.04961675405502319,-0.0029287192033109477,-0.03274756669998169,-0.06823098659515381,-0.006047824676471691,-0.03236997127532959,-0.0794411301612854,-0.009697691350567084,-0.006189107894897461,-0.10774177312850952,0.0011398902401822397,-0.001765608787536621,-0.145374596118927,-0.0049969854758558085,0.000658571720123291,-0.16957375407218933,-0.011203527263688784,0.003444373607635498,-0.18941354751586914,-0.015823020412909727,0.004637360572814941,-0.10822075605392456,-0.004447716101395827,0.011471271514892578,-0.15278321504592896,-0.009940319507705908,0.015096724033355713,-0.18106931447982788,-0.015413590520012121,0.01888328790664673,-0.20455360412597656,-0.019531273096191626,0.01477140188217163,-0.10145580768585205,-0.011075674369322996,0.02448183298110962,-0.14344501495361328,-0.016110305487501364,0.029297351837158203,-0.16917026042938232,-0.020037964730846625,0.03316611051559448,-0.1908571720123291,-0.023090521618115645,0.023714303970336914,-0.08760184049606323,-0.01829055026112769,0.03493410348892212,-0.1195254921913147,-0.022062825783478957,0.04141181707382202,-0.14089441299438477,-0.023381673544037085,0.04668349027633667,-0.1600252091884613,-0.024557933955776434
1,0.0,0.0,0.0,-0.021072328090667725,-0.02083146572113037,-0.0006631656515310169,-0.029772818088531494,-0.050234973430633545,-0.0017930006224560202,-0.032090604305267334,-0.06875509023666382,-0.004373902579573041,-0.032070040702819824,-0.08019691705703735,-0.007495022969123966,-0.0065975189208984375,-0.10816335678100586,0.0017793339129639207,-0.002074897289276123,-0.14583510160446167,-0.004298140419450647,0.0005622506141662598,-0.17047849297523499,-0.010426073925373203,0.003728151321411133,-0.1906692087650299,-0.014967310832616931,0.0038588643074035645,-0.10872405767440796,-0.0038240338990362943,0.010470688343048096,-0.15308529138565063,-0.009232791730937606,0.014409065246582031,-0.18158838152885437,-0.014649326571998245,0.018619060516357422,-0.20536348223686218,-0.018718177111622936,0.013679862022399902,-0.10222679376602173,-0.01043511520492757,0.022943973541259766,-0.14346396923065186,-0.01538322645592416,0.027419865131378174,-0.16911643743515015,-0.019427200438258296,0.030967414379119873,-0.1909022033214569,-0.02256381663846696,0.022418975830078125,-0.08896523714065552,-0.017605766312954074,0.0332908034324646,-0.1201484203338623,-0.02150156501102174,0.03945714235305786,-0.14142781496047974,-0.023176844822046405,0.04438751935958862,-0.16052472591400146,-0.024603660808679706
1,0.0,0.0,0.0,-0.020508766174316406,-0.02118605375289917,-0.0010519448430841294,-0.029210269451141357,-0.05086439847946167,-0.0028071096628536907,-0.03109872341156006,-0.07012426853179932,-0.006078970199041578,-0.03135782480239868,-0.07927215099334717,-0.009979017590694639,-0.007120907306671143,-0.10817772150039673,0.001352827018536118,-0.0031093955039978027,-0.14531642198562622,-0.004809653898291799,-0.0007553696632385254,-0.16977638006210327,-0.011109068570249292,0.0021506547927856445,-0.19015926122665405,-0.015964950015359136,0.0032110214233398438,-0.1089056134223938,-0.004487213259153577,0.0092659592628479,-0.15259534120559692,-0.010210873139612886,0.013171494007110596,-0.1811532974243164,-0.015899902721457693,0.01750802993774414,-0.20507633686065674,-0.020232309167795393,0.012772798538208008,-0.10214507579803467,-0.011358921927921983,0.021926164627075195,-0.14343547821044922,-0.016672324901037427,0.026770591735839844,-0.16929829120635986,-0.02097151665907404,0.03068464994430542,-0.1915971040725708,-0.024353758012466642,0.021637380123138428,-0.08836817741394043,-0.018812986602597448,0.03238481283187866,-0.11953693628311157,-0.022759933536462995,0.03829711675643921,-0.14119887351989746,-0.024465183307938787,0.042923808097839355,-0.16105180978775024,-0.026052538817339155
1,0.0,0.0,0.0,-0.02021390199661255,-0.020541846752166748,-0.0009072979943027804,-0.028512120246887207,-0.05071723461151123,-0.002444402538998247,-0.030085980892181396,-0.07037496566772461,-0.005498165721832038,-0.02971947193145752,-0.08021217584609985,-0.009160015723495007,-0.006367743015289307,-0.10741204023361206,0.0012003945970775476,-0.002351701259613037,-0.14500659704208374,-0.004845479960380317,5.7756900787353516e-05,-0.169714093208313,-0.011004225342361451,0.0029897689819335938,-0.19002413749694824,-0.015710995524017335,0.0034925341606140137,-0.10788041353225708,-0.0044848099265379915,0.009332358837127686,-0.1518692970275879,-0.009907673104493142,0.01312553882598877,-0.18050646781921387,-0.015416877335695744,0.017366409301757812,-0.20427879691123962,-0.019631483583538056,0.01283353567123413,-0.1012386679649353,-0.011138911350457192,0.02166074514389038,-0.1429961919784546,-0.016110240473238946,0.026443302631378174,-0.16909253597259521,-0.020221467121331216,0.030601799488067627,-0.19132202863693237,-0.023531730278222085,0.021385014057159424,-0.0878758430480957,-0.018379145293323518,0.03201019763946533,-0.11890566349029541,-0.02222522626706791,0.038059115409851074,-0.14070361852645874,-0.023960108860222817,0.0430910587310791,-0.16053014993667603,-0.025538834734646798
1,0.0,0.0,0.0,-0.02014338970184326,-0.020542562007904053,-0.0008772030181347645,-0.02790743112564087,-0.051879048347473145,-0.0022236197895466603,-0.02864450216293335,-0.0723528265953064,-0.005066196963852576,-0.027230262756347656,-0.07885384559631348,-0.008589360461300544,-0.0066414475440979,-0.10745042562484741,0.0012717536243513905,-0.00198286771774292,-0.1447136402130127,-0.004631661873972348,0.0011714696884155273,-0.16918587684631348,-0.010665726446276835,0.0046465396881103516,-0.18952873349189758,-0.01541322243279808,0.004022538661956787,-0.10807746648788452,-0.00449776749006503,0.010329782962799072,-0.1522030234336853,-0.009955459804004363,0.014569699764251709,-0.1808032989501953,-0.015360701427525214,0.018967390060424805,-0.20455220341682434,-0.01952207607097023,0.013767778873443604,-0.10110223293304443,-0.011220775142973594,0.023443520069122314,-0.14247417449951172,-0.016257885441845588,0.028840959072113037,-0.168099045753479,-0.020256463036602668,0.033215463161468506,-0.18996095657348633,-0.02347465936905735,0.02238243818283081,-0.08723950386047363,-0.01854090538687103,0.03288102149963379,-0.118252694606781,-0.02249654342300289,0.03873252868652344,-0.13990986347198486,-0.02424786385959976,0.04345417022705078,-0.15948379039764404,-0.025882549182242087
1,0.0,0.0,0.0,-0.020127832889556885,-0.020603179931640625,-0.0017091487316349685,-0.028687357902526855,-0.05103665590286255,-0.003995912709825689,-0.029978632926940918,-0.07091593742370605,-0.007686827892058545,-0.028834521770477295,-0.0805826187133789,-0.011904571765654737,-0.00698620080947876,-0.10805141925811768,-0.00039545790789929924,-0.00223386287689209,-0.14693397283554077,-0.007168816031509095,0.0013665556907653809,-0.17190513014793396,-0.013715317101770097,0.00543135404586792,-0.19234499335289001,-0.018585607969754392,0.003044605255126953,-0.10803478956222534,-0.005942569208883697,0.009076416492462158,-0.1529025435447693,-0.012034196035557443,0.013601601123809814,-0.1820269525051117,-0.017822685280435735,0.01866281032562256,-0.2060505449771881,-0.022160763481252843,0.01280355453491211,-0.1008535623550415,-0.01249268148242777,0.022025585174560547,-0.14277732372283936,-0.017884065026038343,0.027650415897369385,-0.16891443729400635,-0.022064844706648046,0.032750725746154785,-0.1910243034362793,-0.02535223458110636,0.02188950777053833,-0.08699971437454224,-0.01970437597631758,0.03258490562438965,-0.11851215362548828,-0.023838285917037183,0.038853347301483154,-0.14058178663253784,-0.025642036089294606,0.04424232244491577,-0.16067352890968323,-0.027202461475127393
1,0.0,0.0,0.0,-0.019878149032592773,-0.021359920501708984,-0.001347970735039894,-0.028795599937438965,-0.05119812488555908,-0.002988760644328181,-0.0311051607131958,-0.070218026638031,-0.00606697244172949,-0.030682146549224854,-0.08199644088745117,-0.009612253453340713,-0.00541234016418457,-0.10740858316421509,0.0012492100421894747,-0.0016325116157531738,-0.14557605981826782,-0.004771236847844307,0.000908195972442627,-0.1699385643005371,-0.010937560867276375,0.003878355026245117,-0.18986749649047852,-0.015501372102406208,0.005767703056335449,-0.10794061422348022,-0.004148235596474592,0.011784791946411133,-0.1524289846420288,-0.009300419647004787,0.015215754508972168,-0.1811336874961853,-0.014811394322421734,0.01857203245162964,-0.20465287566184998,-0.019027738418188278,0.01610022783279419,-0.10145485401153564,-0.010590563114490692,0.025619566440582275,-0.14268893003463745,-0.015092859562244598,0.030555427074432373,-0.16836506128311157,-0.01905573583742637,0.03433120250701904,-0.1896560788154602,-0.02231028541525859,0.024996697902679443,-0.08814412355422974,-0.017677104618158523,0.03610968589782715,-0.11861014366149902,-0.021264328207578842,0.042437613010406494,-0.1397143006324768,-0.02282443508109111,0.047486960887908936,-0.15846961736679077,-0.024230018775668327
1,0.0,0.0,0.0,-0.02105998992919922,-0.020483434200286865,-0.002875655062922533,-0.03153592348098755,-0.0489048957824707,-0.005316071317025717,-0.034600675106048584,-0.06886494159698486,-0.00882046400798231,-0.03375047445297241,-0.08244925737380981,-0.012518144317397173,-0.005089938640594482,-0.10649168491363525,0.0001555519237115277,-0.0017394423484802246,-0.14444780349731445,-0.006381839618512686,0.0007958412170410156,-0.16865429282188416,-0.013230486877688463,0.0036754608154296875,-0.18863284587860107,-0.018267367139884527,0.0072678327560424805,-0.10767954587936401,-0.004407605261036451,0.013051986694335938,-0.15177494287490845,-0.009420479752549227,0.015998542308807373,-0.1798570156097412,-0.01485008291197687,0.018734395503997803,-0.20288953185081482,-0.019097518280574377,0.018844544887542725,-0.1016663908958435,-0.010178173065611418,0.027987122535705566,-0.14251792430877686,-0.014198347099551256,0.03289288282394409,-0.16791564226150513,-0.01743393774373203,0.03669232130050659,-0.18882545828819275,-0.02028713944596916,0.028786778450012207,-0.08852648735046387,-0.016814885765739973,0.039553046226501465,-0.11909812688827515,-0.01991555105192333,0.045608460903167725,-0.14013773202896118,-0.02085297378940254,0.0504874587059021,-0.15913233160972595,-0.021754009753891523
1,0.0,0.0,0.0,-0.02166825532913208,-0.020964205265045166,-0.0028333986448387805,-0.032293736934661865,-0.04899251461029053,-0.005389033704091162,-0.035555481910705566,-0.06856387853622437,-0.008990918639142365,-0.034465670585632324,-0.08177989721298218,-0.012828631679553837,-0.005010843276977539,-0.10732448101043701,-5.1448893032102205e-05,-0.001873314380645752,-0.14586961269378662,-0.0064346295586119595,-7.522106170654297e-05,-0.1704399585723877,-0.013025385680634827,0.0021425485610961914,-0.19055810570716858,-0.017954748476881832,0.006967425346374512,-0.10838621854782104,-0.004637363719780296,0.012155592441558838,-0.1519874930381775,-0.009862543436724991,0.015049934387207031,-0.17947271466255188,-0.015332228857118935,0.018169820308685303,-0.20215409994125366,-0.019549580643911213,0.01824241876602173,-0.10199761390686035,-0.010383920165736527,0.02687746286392212,-0.14289426803588867,-0.014992761778671593,0.031693100929260254,-0.16772979497909546,-0.0185766838295649,0.03558158874511719,-0.18825942277908325,-0.021536432559628338,0.027987182140350342,-0.08842527866363525,-0.016894178818006367,0.038587093353271484,-0.11918121576309204,-0.020642707477350086,0.04483675956726074,-0.14028692245483398,-0.021978054548640102,0.05018264055252075,-0.15952971577644348,-0.02307964710428223
1,0.0,0.0,0.0,-0.02271038293838501,-0.021831274032592773,-0.002418110093408643,-0.0345461368560791,-0.048773348331451416,-0.004779644023933827,-0.039598286151885986,-0.06865644454956055,-0.008276362616875588,-0.04259669780731201,-0.08104485273361206,-0.012050985072114884,-0.005665481090545654,-0.10556924343109131,0.0008065018874319207,-0.0032297372817993164,-0.14271777868270874,-0.005259514499762474,-0.001804947853088379,-0.16639164090156555,-0.01205616601959747,-0.00021284818649291992,-0.18614676594734192,-0.017279154334524094,0.007924377918243408,-0.10719704627990723,-0.0042019129659323085,0.013153612613677979,-0.15100163221359253,-0.00879883644388002,0.0154990553855896,-0.17820829153060913,-0.014157805305281101,0.016971826553344727,-0.2004435658454895,-0.018490803141453682,0.02035766839981079,-0.10130029916763306,-0.01040500466928762,0.028967082500457764,-0.142167329788208,-0.014426988262989937,0.03328818082809448,-0.16715005040168762,-0.01774133433804792,0.035883963108062744,-0.18809160590171814,-0.02072651189968866,0.03145486116409302,-0.08791548013687134,-0.017399112407424866,0.04290056228637695,-0.11866259574890137,-0.020882821355321823,0.049345195293426514,-0.1394820213317871,-0.021947513047912537,0.05405318737030029,-0.1583540439605713,-0.022941489417412697
1,0.0,0.0,0.0,-0.02327364683151245,-0.02166914939880371,-0.003005906503169342,-0.036390841007232666,-0.04843538999557495,-0.005507276655627891,-0.04254418611526489,-0.06904393434524536,-0.009104659577353402,-0.04760259389877319,-0.08175647258758545,-0.013023668696625634,-0.005612850189208984,-0.10529708862304688,0.0012495736298276938,-0.004391908645629883,-0.1426084041595459,-0.0042891970663205825,-0.0033149123191833496,-0.16591757535934448,-0.010955839214368268,-0.0014857649803161621,-0.18534696102142334,-0.016218878125293656,0.008955538272857666,-0.1068686842918396,-0.0035315745337740623,0.01299959421157837,-0.15063774585723877,-0.00734103310991685,0.01489400863647461,-0.17718881368637085,-0.012658793275697633,0.016110777854919434,-0.1983349621295929,-0.01713982204113762,0.02269357442855835,-0.10073608160018921,-0.009641842713101312,0.030343472957611084,-0.1412569284439087,-0.013344775681837007,0.03391003608703613,-0.1666662096977234,-0.0171098371795253,0.03604483604431152,-0.18807393312454224,-0.020598031376941606,0.03516346216201782,-0.08732718229293823,-0.016585241799695893,0.04643893241882324,-0.11753320693969727,-0.020098300447209283,0.05285078287124634,-0.13811516761779785,-0.02150945531342785,0.05773723125457764,-0.15727558732032776,-0.02285399640117447
1,0.0,0.0,0.0,-0.02319437265396118,-0.021000981330871582,-0.0029360009615899685,-0.03777986764907837,-0.04901784658432007,-0.0047819551804693106,-0.04545837640762329,-0.0700606107711792,-0.00764099953487829,-0.052779316902160645,-0.0832321047782898,-0.010699998846057213,-0.00583118200302124,-0.10558682680130005,0.0025185937734661934,-0.005116403102874756,-0.14315885305404663,-0.0018176239940927985,-0.00511246919631958,-0.1664404273033142,-0.0075034669393332365,-0.004798173904418945,-0.18558138608932495,-0.0122078054377468,0.009078800678253174,-0.1070745587348938,-0.002097137298214591,0.012572228908538818,-0.1506832242012024,-0.005080154889974153,0.013665914535522461,-0.17741212248802185,-0.009766872299614704,0.013961076736450195,-0.19859760999679565,-0.01382048919588641,0.02306157350540161,-0.10103857517242432,-0.00813769016206578,0.030162572860717773,-0.1417297124862671,-0.011549364102783954,0.033249616622924805,-0.16696101427078247,-0.015318065209093845,0.034703612327575684,-0.18852615356445312,-0.018783662726882255,0.03591257333755493,-0.08791625499725342,-0.01500254709065274,0.04719656705856323,-0.117031991481781,-0.018491039311292923,0.05333840847015381,-0.13724875450134277,-0.020167339851859367,0.05775505304336548,-0.15620917081832886,-0.021731825804117477
1,0.0,0.0,0.0,-0.022881925106048584,-0.020715773105621338,-0.0035497500392978054,-0.038410842418670654,-0.04981321096420288,-0.005571605248320566,-0.04749983549118042,-0.0705987811088562,-0.008507991285938488,-0.05659770965576172,-0.08417552709579468,-0.011611642392296062,-0.006630301475524902,-0.10458999872207642,0.002060217706542744,-0.0069103240966796875,-0.1429409384727478,-0.0026070066559498173,-0.0072699785232543945,-0.16621407866477966,-0.00840693719865726,-0.006979405879974365,-0.18527770042419434,-0.013151498587745891,0.00846719741821289,-0.10582214593887329,-0.0023262964859043223,0.010372281074523926,-0.15086841583251953,-0.005524780211914049,0.011157691478729248,-0.1780613660812378,-0.010280875565428005,0.011416137218475342,-0.19956746697425842,-0.014358434902447925,0.023139655590057373,-0.09967344999313354,-0.008240372950155006,0.02901393175125122,-0.1415402889251709,-0.01208457358362125,0.0322231650352478,-0.1661646068096161,-0.016042170191127525,0.033741772174835205,-0.18732625246047974,-0.019566108548957573,0.03704315423965454,-0.0865829586982727,-0.015002545045632587,0.04773777723312378,-0.11495554447174072,-0.01880898427398847,0.05405682325363159,-0.13416409492492676,-0.02068063903780626,0.05870789289474487,-0.15231335163116455,-0.022420554498154388
1,0.0,0.0,0.0,-0.023899435997009277,-0.020155787467956543,-0.004869515801161128,-0.0401608943939209,-0.050284743309020996,-0.007290002217828828,-0.049760639667510986,-0.07231158018112183,-0.010382400619178611,-0.060153305530548096,-0.08644962310791016,-0.013583946766644317,-0.009113550186157227,-0.10591685771942139,0.0009380213768821477,-0.010384023189544678,-0.14494359493255615,-0.0038752861119206727,-0.010634422302246094,-0.16867291927337646,-0.00956736484387477,-0.00985562801361084,-0.1879313588142395,-0.014160396324783164,0.006503760814666748,-0.10733020305633545,-0.002754307145565349,0.007891535758972168,-0.1520078182220459,-0.0061800468511279405,0.008789896965026855,-0.17891475558280945,-0.010834605226605731,0.00967109203338623,-0.2000216245651245,-0.014677161144405204,0.02169901132583618,-0.10096967220306396,-0.008058489093869525,0.0272713303565979,-0.14256978034973145,-0.01228473687389453,0.030101478099822998,-0.1669463813304901,-0.016266797462790805,0.03170454502105713,-0.18750715255737305,-0.019610465297787982,0.036132872104644775,-0.0874793529510498,-0.01430414130756219,0.04674053192138672,-0.11593878269195557,-0.018271681646197635,0.05317831039428711,-0.13524746894836426,-0.020127852240889865,0.058294832706451416,-0.15299999713897705,-0.021726201081960994
1,0.0,0.0,0.0,-0.023716211318969727,-0.02003777027130127,-0.005387905020697303,-0.04038059711456299,-0.05149376392364502,-0.00773786982936997,-0.05088150501251221,-0.07445693016052246,-0.010646339472813793,-0.06233358383178711,-0.0879557728767395,-0.013671247255487629,-0.009102046489715576,-0.10549670457839966,0.0004339608461947364,-0.010626137256622314,-0.1448931097984314,-0.004775709439499565,-0.01100224256515503,-0.16899433732032776,-0.010735445622785278,-0.010194063186645508,-0.1886623501777649,-0.015456330929382034,0.006492495536804199,-0.10696220397949219,-0.002907675890682526,0.007554233074188232,-0.1522899866104126,-0.006387809258384891,0.008332967758178711,-0.17940771579742432,-0.010971873034222313,0.009065091609954834,-0.20098614692687988,-0.014745107818825431,0.02203845977783203,-0.10078871250152588,-0.00789328568099279,0.026920735836029053,-0.14297199249267578,-0.012047436055226513,0.029714882373809814,-0.16680574417114258,-0.01555538732974071,0.03115624189376831,-0.18697786331176758,-0.01851571161715526,0.03703606128692627,-0.08754926919937134,-0.013895180043263622,0.04710882902145386,-0.11648428440093994,-0.01756361682383556,0.05359679460525513,-0.13536334037780762,-0.018894478645606227,0.05885273218154907,-0.15261679887771606,-0.02012498859731693
1,0.0,0.0,0.0,-0.02383190393447876,-0.020899057388305664,-0.005337245055983431,-0.04183995723724365,-0.052677929401397705,-0.007833618429998523,-0.053617238998413086,-0.07606464624404907,-0.010832710882226593,-0.0659172534942627,-0.08933466672897339,-0.014001016264359123,-0.010799884796142578,-0.10594719648361206,-5.1040980309835504e-05,-0.012473046779632568,-0.14575332403182983,-0.004952160866508848,-0.013116836547851562,-0.16976070404052734,-0.010596235042015678,-0.012799263000488281,-0.18934690952301025,-0.015216934253970749,0.005180537700653076,-0.1069108247756958,-0.003536994793961412,0.006105780601501465,-0.1524869203567505,-0.007079466471026308,0.00662994384765625,-0.17968648672103882,-0.011785725822250015,0.007026553153991699,-0.20097258687019348,-0.01572612648973859,0.02102839946746826,-0.1002190113067627,-0.008588063289920456,0.02568608522415161,-0.14247947931289673,-0.0129874541811148,0.028100550174713135,-0.16636937856674194,-0.0168183126873771,0.029215753078460693,-0.1861182451248169,-0.020086927098731167,0.03624558448791504,-0.08672380447387695,-0.01457377126584447,0.04619234800338745,-0.11548948287963867,-0.018677171079019672,0.052744507789611816,-0.13459718227386475,-0.020349522811869747,0.05814403295516968,-0.15195077657699585,-0.021860461441377765
1,0.0,0.0,0.0,-0.0240248441696167,-0.022663772106170654,-0.0072031401289791575,-0.04310023784637451,-0.054569244384765625,-0.010472980160841416,-0.05714493989944458,-0.0788678526878357,-0.014066630807349156,-0.07157844305038452,-0.09270238876342773,-0.01764421241415448,-0.012105226516723633,-0.10533350706100464,-0.00014381913234728927,-0.015750110149383545,-0.14519864320755005,-0.005377593748846721,-0.017331480979919434,-0.168867290019989,-0.01139673294557042,-0.01776653528213501,-0.1885540783405304,-0.016268710438737344,0.004397392272949219,-0.10649824142456055,-0.0027195544174105635,0.0040476322174072266,-0.1510453224182129,-0.006074863318929147,0.003916740417480469,-0.17753547430038452,-0.010683005508610677,0.003930389881134033,-0.19832655787467957,-0.014564647172221612,0.02075827121734619,-0.09976750612258911,-0.007160732821205329,0.024578332901000977,-0.14090007543563843,-0.011241026986965608,0.026023030281066895,-0.16348719596862793,-0.014433033597299527,0.026300370693206787,-0.1822187900543213,-0.01726720558536954,0.036727964878082275,-0.08604061603546143,-0.012803795580396127,0.04629647731781006,-0.1124650239944458,-0.01613929012847848,0.05193060636520386,-0.1302645206451416,-0.01707987936271138,0.05653047561645508,-0.14644855260849,-0.018133739773759316
1,0.0,0.0,0.0,-0.024793684482574463,-0.022824883460998535,-0.007999422680924795,-0.044501304626464844,-0.05402320623397827,-0.012101974059234522,-0.05953925848007202,-0.07843965291976929,-0.01635456709225025,-0.07398831844329834,-0.09242743253707886,-0.02058129636604633,-0.013261079788208008,-0.10489499568939209,-0.0016486815413117029,-0.01750093698501587,-0.145011305809021,-0.007404104993085525,-0.0195806622505188,-0.1688585877418518,-0.013656012434850595,-0.020152151584625244,-0.18845579028129578,-0.018456929084251783,0.003262937068939209,-0.10576486587524414,-0.003685988905246518,0.0026088356971740723,-0.15021437406539917,-0.006832309253852031,0.0023119449615478516,-0.17604124546051025,-0.010928705055604837,0.002132594585418701,-0.19598010182380676,-0.014313328732143304,0.01996666193008423,-0.09872567653656006,-0.007597838715057037,0.022938013076782227,-0.13935863971710205,-0.010990349296818636,0.02427387237548828,-0.16182559728622437,-0.013250725996087453,0.024636030197143555,-0.17999225854873657,-0.015411081444810293,0.0362471342086792,-0.0847623348236084,-0.012833111640404127,0.04485970735549927,-0.1114385724067688,-0.015334120672534368,0.050119876861572266,-0.12876999378204346,-0.015336534660647771,0.05474644899368286,-0.14405471086502075,-0.015582957957278154
1,0.0,0.0,0.0,-0.025545060634613037,-0.02303612232208252,-0.008342313125879741,-0.04632925987243652,-0.054194867610931396,-0.012433663487584568,-0.062248408794403076,-0.07928270101547241,-0.016512753918917156,-0.07730311155319214,-0.09345060586929321,-0.020476170361192203,-0.015869617462158203,-0.10323512554168701,-0.0016392475340154533,-0.02023071050643921,-0.1432359218597412,-0.007514663051964021,-0.022685766220092773,-0.16679739952087402,-0.013842623226494766,-0.023706674575805664,-0.1865808367729187,-0.01869722317174194,0.001116335391998291,-0.10413658618927002,-0.0032852054686856036,0.00023221969604492188,-0.1474848985671997,-0.006459545821101642,-0.00041109323501586914,-0.1727568507194519,-0.01063136524722097,-0.0008932948112487793,-0.192848801612854,-0.01411753661200521,0.017969906330108643,-0.09698039293289185,-0.006824923224897361,0.020861327648162842,-0.1369001865386963,-0.01024687896683929,0.021628737449645996,-0.15906596183776855,-0.012350054003448463,0.021280229091644287,-0.17706871032714844,-0.014369749941081977,0.03455895185470581,-0.08305555582046509,-0.01168221189841745,0.042774081230163574,-0.1087716817855835,-0.014210368983597732,0.04714488983154297,-0.12555044889450073,-0.014075277850182033,0.05079030990600586,-0.14039546251296997,-0.014160338334889389
1,0.0,0.0,0.0,-0.02591681480407715,-0.023839235305786133,-0.008519941777123563,-0.04655921459197998,-0.05648684501647949,-0.01211541781587755,-0.06354326009750366,-0.08169430494308472,-0.01562385989738857,-0.0783645510673523,-0.09637242555618286,-0.018921084538234823,-0.016869425773620605,-0.10272103548049927,-0.0012697472229064033,-0.022066056728363037,-0.14287537336349487,-0.007476271432025783,-0.024643123149871826,-0.166897714138031,-0.013867572717501275,-0.02548617124557495,-0.1868639886379242,-0.018519310116900556,1.0371208190917969e-05,-0.10349786281585693,-0.002313525485007517,-0.0013319849967956543,-0.1463516354560852,-0.005054427612705581,-0.0019102096557617188,-0.17188513278961182,-0.008557528093589895,-0.0025309324264526367,-0.19173955917358398,-0.011377506725622766,0.017107784748077393,-0.0961955189704895,-0.005364077467604034,0.018822193145751953,-0.13458925485610962,-0.008176485844089143,0.01903170347213745,-0.1567627191543579,-0.00959597045941507,0.018208980560302734,-0.17442452907562256,-0.010937293827666394,0.03373008966445923,-0.08220142126083374,-0.009797841146720998,0.04136049747467041,-0.10759395360946655,-0.011568612255288713,0.045259058475494385,-0.1237826943397522,-0.01080605371309673,0.04847294092178345,-0.13781136274337769,-0.010282197803391568
1,0.0,0.0,0.0,-0.02592325210571289,-0.023594379425048828,-0.008608179159253382,-0.04656386375427246,-0.05616730451583862,-0.012230287298351072,-0.06347453594207764,-0.0814446210861206,-0.015708426005929255,-0.0782502293586731,-0.09649938344955444,-0.018947280935734057,-0.01674520969390869,-0.1027148962020874,-0.00159941182171508,-0.022108852863311768,-0.14301139116287231,-0.0077257882727082006,-0.024886608123779297,-0.16693514585494995,-0.013983868054836535,-0.026005029678344727,-0.18682432174682617,-0.01851886137554004,0.0002078413963317871,-0.10359209775924683,-0.0025284511426235667,-0.001054227352142334,-0.14657270908355713,-0.0051789958884711496,-0.0017552375793457031,-0.17225342988967896,-0.008591886602133059,-0.0025792717933654785,-0.19198620319366455,-0.011319206088572287,0.017321288585662842,-0.09640300273895264,-0.005438745014160418,0.019011616706848145,-0.1346651315689087,-0.008166240520566248,0.019145846366882324,-0.15705227851867676,-0.00968514009544208,0.018188774585723877,-0.17482709884643555,-0.011103346936195635,0.03392362594604492,-0.08256381750106812,-0.009716755702882551,0.041774630546569824,-0.1079106330871582,-0.011531031682878279,0.04563295841217041,-0.12417709827423096,-0.010933069504588389,0.04876136779785156,-0.13825994729995728,-0.010498902752786421
1,0.0,0.0,0.0,-0.026249587535858154,-0.024787604808807373,-0.010070495653408784,-0.046596646308898926,-0.05744516849517822,-0.014720849107462186,-0.06419306993484497,-0.08339053392410278,-0.019010965127009172,-0.08017736673355103,-0.09896045923233032,-0.022898022431391496,-0.017786264419555664,-0.10171061754226685,-0.002762614164012689,-0.023425281047821045,-0.14156556129455566,-0.009640438828128595,-0.02645266056060791,-0.16567730903625488,-0.016313786033052224,-0.028033852577209473,-0.18565738201141357,-0.02099788223530652,-0.0009527206420898438,-0.10226303339004517,-0.003036958744260687,-0.0025003552436828613,-0.1443430781364441,-0.006194375335681457,-0.003921091556549072,-0.1694839596748352,-0.009631205696123857,-0.005518496036529541,-0.18939170241355896,-0.012244104753690976,0.016029655933380127,-0.09447211027145386,-0.0054041499937653725,0.01735585927963257,-0.13211965560913086,-0.008467045958596486,0.01662290096282959,-0.15420550107955933,-0.009545940320450086,0.014656901359558105,-0.17169815301895142,-0.010516321632522363,0.03251528739929199,-0.07985734939575195,-0.009275131273525972,0.039807796478271484,-0.10394376516342163,-0.011090255688387174,0.04245966672897339,-0.11954790353775024,-0.010044848892349023,0.0441286563873291,-0.1327877640724182,-0.009166740227001924
1,0.0,0.0,0.0,-0.026064038276672363,-0.023796677589416504,-0.010952423124379607,-0.04670971632003784,-0.05612683296203613,-0.01620666103697488,-0.06457728147506714,-0.08276498317718506,-0.02082914652562806,-0.08012247085571289,-0.0994829535484314,-0.024906497246391268,-0.01931130886077881,-0.10057312250137329,-0.004425335473186465,-0.025101304054260254,-0.14067786931991577,-0.0118355730388231,-0.028017699718475342,-0.16451698541641235,-0.018723062968618365,-0.029170989990234375,-0.18449118733406067,-0.023556884175903292,-0.002416849136352539,-0.10102683305740356,-0.004247864971674176,-0.0046010613441467285,-0.14288628101348877,-0.007916431671745272,-0.006032586097717285,-0.16767024993896484,-0.011490780657894106,-0.007524847984313965,-0.1874939501285553,-0.01424110846853921,0.014531493186950684,-0.09320122003555298,-0.006150568167484494,0.015481770038604736,-0.13028985261917114,-0.00966272110379407,0.014637947082519531,-0.15182960033416748,-0.010703424720830412,0.012674212455749512,-0.16917341947555542,-0.011618250778681727,0.03116464614868164,-0.07862114906311035,-0.009591121955580206,0.03773701190948486,-0.10262525081634521,-0.011948930828637572,0.0399056077003479,-0.117717444896698,-0.011107260159022303,0.04107910394668579,-0.1306779384613037,-0.010298102891809435
1,0.0,0.0,0.0,-0.026241302490234375,-0.02503669261932373,-0.009893681421360156,-0.04677844047546387,-0.05811500549316406,-0.014435856170436523,-0.06410175561904907,-0.08446228504180908,-0.018561312496146343,-0.07951503992080688,-0.10159391164779663,-0.022259825407942913,-0.019517123699188232,-0.10112869739532471,-0.003395661977535269,-0.02550572156906128,-0.14171606302261353,-0.010505483984431407,-0.028479337692260742,-0.16597718000411987,-0.01719871120103278,-0.030012667179107666,-0.18616506457328796,-0.021974067702373645,-0.0027001500129699707,-0.10148751735687256,-0.0038367668496874785,-0.005209624767303467,-0.1435815691947937,-0.007758468888184211,-0.006672382354736328,-0.16881191730499268,-0.011826495207330368,-0.008236348628997803,-0.1885574758052826,-0.014893142073830745,0.01408851146697998,-0.09373784065246582,-0.00624864458613672,0.014722824096679688,-0.13120979070663452,-0.010288535184642456,0.013887584209442139,-0.15276706218719482,-0.011970929368814609,0.011688947677612305,-0.16982293128967285,-0.013254600144406936,0.030747830867767334,-0.07937014102935791,-0.01001905979164519,0.037385642528533936,-0.10334962606430054,-0.013032489954909465,0.03949785232543945,-0.11859679222106934,-0.01273347952910342,0.04026895761489868,-0.1315624713897705,-0.01227024340577998
1,0.0,0.0,0.0,-0.0262453556060791,-0.025756120681762695,-0.010190730213878396,-0.046501994132995605,-0.05889582633972168,-0.014739602103588823,-0.06373971700668335,-0.08582460880279541,-0.018730800829587224,-0.07926791906356812,-0.10321825742721558,-0.0220989363712647,-0.019971370697021484,-0.10116004943847656,-0.0026976650094070465,-0.026201248168945312,-0.141731858253479,-0.009363643124459031,-0.029350459575653076,-0.1656653881072998,-0.015804035819826368,-0.031009674072265625,-0.18580445647239685,-0.020385898880419973,-0.0032950639724731445,-0.10160660743713379,-0.002632437970248702,-0.005813300609588623,-0.1433390974998474,-0.005819733019677642,-0.007231175899505615,-0.16794133186340332,-0.009404405250904802,-0.008738279342651367,-0.18767482042312622,-0.012187414102015737,0.01334768533706665,-0.09378021955490112,-0.004593012153861764,0.013775825500488281,-0.13065725564956665,-0.007743742547688726,0.013005554676055908,-0.15159839391708374,-0.008718607246635202,0.011045992374420166,-0.1682581901550293,-0.009609636150059941,0.030046403408050537,-0.07926285266876221,-0.008005659326670411,0.03605300188064575,-0.10308527946472168,-0.009983485795316938,0.037865638732910156,-0.11781817674636841,-0.008983544304726365,0.03862202167510986,-0.13031995296478271,-0.008104664504287484
1,0.0,0.0,0.0,-0.025935113430023193,-0.02619093656539917,-0.010365448103954122,-0.045809030532836914,-0.059497952461242676,-0.015120073364784048,-0.06259298324584961,-0.08675909042358398,-0.01924002743672304,-0.07792198657989502,-0.10474181175231934,-0.022707196095694826,-0.020024538040161133,-0.10178112983703613,-0.0031845571042197207,-0.02557438611984253,-0.1424119472503662,-0.009940480956544206,-0.028454363346099854,-0.16597187519073486,-0.016425376901139543,-0.03004986047744751,-0.18594899773597717,-0.020997107172121332,-0.003682076930999756,-0.1021726131439209,-0.0030087238677936057,-0.006187558174133301,-0.14434105157852173,-0.006337716387321279,-0.007698774337768555,-0.16894930601119995,-0.010042224222530649,-0.009395599365234375,-0.18859738111495972,-0.01285903263251953,0.012768030166625977,-0.0942988395690918,-0.004807862130661533,0.012686073780059814,-0.13095444440841675,-0.007937289917578028,0.01192629337310791,-0.1517953872680664,-0.00895308531235628,0.010029435157775879,-0.16820967197418213,-0.009839565636326597,0.02957165241241455,-0.07989901304244995,-0.00805229614834957,0.03482538461685181,-0.10420942306518555,-0.009856696383764074,0.03632223606109619,-0.11876392364501953,-0.008722629541267679,0.03682243824005127,-0.1308903694152832,-0.007725346045305059
1,0.0,0.0,0.0,-0.02532726526260376,-0.027173936367034912,-0.010029116608777144,-0.04459035396575928,-0.06053054332733154,-0.014616196938433745,-0.0610998272895813,-0.08771908283233643,-0.01866487409976969,-0.07619750499725342,-0.10626351833343506,-0.022099815272369483,-0.01977372169494629,-0.10184240341186523,-0.002728553219341734,-0.025303959846496582,-0.14246845245361328,-0.009680823386290172,-0.028395414352416992,-0.16608405113220215,-0.01629932407347212,-0.030391931533813477,-0.18643784523010254,-0.02098234925476561,-0.003562629222869873,-0.10181397199630737,-0.0027357148571098833,-0.006142914295196533,-0.14409077167510986,-0.006277585365452865,-0.007736146450042725,-0.16860371828079224,-0.010138779841938117,-0.009707868099212646,-0.1885230541229248,-0.013075666465439895,0.012833774089813232,-0.09364885091781616,-0.004711611625381806,0.012276828289031982,-0.13071811199188232,-0.008119625934043029,0.011110067367553711,-0.15193647146224976,-0.009227322377839187,0.008697330951690674,-0.16876715421676636,-0.010168166794457534,0.02984374761581421,-0.07884925603866577,-0.008082606793024638,0.03483635187149048,-0.1029011607170105,-0.010072308555820086,0.0361286997795105,-0.11757439374923706,-0.008978515826740363,0.03627556562423706,-0.12992572784423828,-0.008024105765500167
1,0.0,0.0,0.0,-0.025498032569885254,-0.026295006275177002,-0.010483080508052467,-0.04520446062088013,-0.060281991958618164,-0.01503293028646624,-0.06177705526351929,-0.0886881947517395,-0.018888243460892795,-0.07697981595993042,-0.1076318621635437,-0.02206683250689423,-0.020981669425964355,-0.10142213106155396,-0.002703660853072165,-0.026704907417297363,-0.14206695556640625,-0.009332793751596569,-0.029798686504364014,-0.16577798128128052,-0.01570938991928017,-0.03168964385986328,-0.1863361895084381,-0.020335889408229946,-0.004816949367523193,-0.10165852308273315,-0.002558867899566053,-0.007432520389556885,-0.14371001720428467,-0.006025522934137939,-0.008900105953216553,-0.16818886995315552,-0.009940170669793247,-0.010715663433074951,-0.18806928396224976,-0.012939381399988292,0.011307477951049805,-0.09334021806716919,-0.004421152626960634,0.010663747787475586,-0.13038349151611328,-0.008135367171703933,0.00914686918258667,-0.15199065208435059,-0.009668470347165226,0.006354093551635742,-0.1691240668296814,-0.010876180590926765,0.028113245964050293,-0.07845193147659302,-0.007664629710703252,0.032948195934295654,-0.1026160717010498,-0.010216253796457408,0.034038543701171875,-0.11710470914840698,-0.0095559693741194,0.033890724182128906,-0.1290842890739441,-0.00888368486040747
1,0.0,0.0,0.0,-0.025059998035430908,-0.026178181171417236,-0.010212560335759235,-0.04506385326385498,-0.06034350395202637,-0.014620747568670822,-0.06130349636077881,-0.08919239044189453,-0.018315190600816322,-0.0764613151550293,-0.10783177614212036,-0.02131717853492887,-0.02092045545578003,-0.10130816698074341,-0.0029683699017653,-0.026593804359436035,-0.1420639157295227,-0.009499251993958069,-0.029813945293426514,-0.1656336784362793,-0.015702150913540436,-0.0320277214050293,-0.18589907884597778,-0.02013641983515413,-0.005106091499328613,-0.10150730609893799,-0.002777910011474205,-0.007712423801422119,-0.14381569623947144,-0.006198773777697397,-0.009359598159790039,-0.16841375827789307,-0.009957376087669445,-0.011294662952423096,-0.18816909193992615,-0.01279626056796701,0.01050633192062378,-0.0932658314704895,-0.004501202295188023,0.010329961776733398,-0.1301732063293457,-0.008052630501452995,0.008772671222686768,-0.15140044689178467,-0.009466950001780106,0.005883932113647461,-0.16798222064971924,-0.010584059322837902,0.026904582977294922,-0.07837307453155518,-0.007560969947491003,0.032214462757110596,-0.10213720798492432,-0.009938381763760162,0.033274173736572266,-0.11628669500350952,-0.009210008347992016,0.03286778926849365,-0.12793302536010742,-0.008469609695140434
1,0.0,0.0,0.0,-0.024976670742034912,-0.0266951322555542,-0.01057595215128515,-0.04492229223251343,-0.0612679123878479,-0.014827771255241373,-0.06138014793395996,-0.09025007486343384,-0.018224503056572416,-0.0767257809638977,-0.10879874229431152,-0.02072235863046501,-0.021209716796875,-0.10208278894424438,-0.002386811797933319,-0.02735966444015503,-0.1425555944442749,-0.008457025655971506,-0.03061574697494507,-0.16588419675827026,-0.014430389882491568,-0.032738327980041504,-0.18625080585479736,-0.018704460145400503,-0.005564272403717041,-0.10238128900527954,-0.001652879201301971,-0.008669734001159668,-0.14406371116638184,-0.0043044957830176145,-0.010331451892852783,-0.16835498809814453,-0.007539546260105112,-0.012214422225952148,-0.1881026327610016,-0.010036341057585219,0.010126650333404541,-0.09414941072463989,-0.00290049254284952,0.00930166244506836,-0.12998956441879272,-0.005595253457741478,0.00773698091506958,-0.1508362889289856,-0.006363980615006426,0.005092442035675049,-0.1671486496925354,-0.007056772851811388,0.026713907718658447,-0.07933169603347778,-0.005603588794784287,0.031354546546936035,-0.1027226448059082,-0.007062803631143311,0.032154619693756104,-0.11675989627838135,-0.005790641674266794,0.03186064958572388,-0.12833017110824585,-0.004681117044256666
1,0.0,0.0,0.0,-0.025239169597625732,-0.02716660499572754,-0.009850828924200528,-0.04476994276046753,-0.06278634071350098,-0.013458652437648766,-0.06084728240966797,-0.0920218825340271,-0.016388531790099137,-0.0761723518371582,-0.11020869016647339,-0.018517361969671242,-0.021468758583068848,-0.10143929719924927,-0.001238577432914667,-0.027475476264953613,-0.1417636275291443,-0.007078405019811385,-0.030707240104675293,-0.16512423753738403,-0.012962589987537854,-0.032871782779693604,-0.18547913432121277,-0.017212674037537568,-0.006077289581298828,-0.10175234079360962,-0.0008078722324995624,-0.009170770645141602,-0.14382058382034302,-0.003263460022381537,-0.010872602462768555,-0.1683945655822754,-0.006463787999919646,-0.012942314147949219,-0.18808376789093018,-0.008965053611419194,0.009521722793579102,-0.0936899185180664,-0.002353693374416821,0.008383333683013916,-0.13035303354263306,-0.004935593825749152,0.006691694259643555,-0.1515544056892395,-0.005897462383828156,0.003773331642150879,-0.1679791808128357,-0.006790148110113137,0.026048660278320312,-0.07894879579544067,-0.005309282817862027,0.030669689178466797,-0.10209488868713379,-0.006770550289175503,0.031231284141540527,-0.1157490611076355,-0.005653023269942992,0.030489683151245117,-0.12677001953125,-0.004740565565398924
1,0.0,0.0,0.0,-0.025050640106201172,-0.02703535556793213,-0.009955395605800277,-0.04416269063949585,-0.062195658683776855,-0.013579896312592155,-0.059833407402038574,-0.09129714965820312,-0.016405512240169173,-0.07475358247756958,-0.11000221967697144,-0.018257467668888694,-0.021506071090698242,-0.10088658332824707,-0.0013303650882221518,-0.027667880058288574,-0.14142030477523804,-0.00693984528669489,-0.030432581901550293,-0.16456377506256104,-0.012570707720158225,-0.031942784786224365,-0.18484997749328613,-0.01649273618721736,-0.006039977073669434,-0.10103285312652588,-0.00039412501399738176,-0.009409129619598389,-0.1430262327194214,-0.002072782615584856,-0.010929584503173828,-0.1673417091369629,-0.004731099248317605,-0.012628257274627686,-0.1867145597934723,-0.0068692081947006045,0.009691476821899414,-0.09290021657943726,-0.0014097478812686859,0.008325040340423584,-0.12851357460021973,-0.002860329008115059,0.006684601306915283,-0.1496976613998413,-0.0031627517998344956,0.003949463367462158,-0.16599643230438232,-0.0036953479390717803,0.026205122470855713,-0.0783623456954956,-0.0038878013253338395,0.030344665050506592,-0.10159587860107422,-0.004122020338115817,0.030585169792175293,-0.11517900228500366,-0.0022913784593470155,0.02957969903945923,-0.1259559988975525,-0.0008986870631702004
1,0.0,0.0,0.0,-0.024873197078704834,-0.026956915855407715,-0.009693289719479026,-0.04407721757888794,-0.06180840730667114,-0.013218320518689097,-0.05986166000366211,-0.09075713157653809,-0.01606157476450676,-0.07457935810089111,-0.10939133167266846,-0.018046312577979506,-0.02155280113220215,-0.10015439987182617,-0.0010493605713861598,-0.027538955211639404,-0.1404089331626892,-0.006905344393061341,-0.030355393886566162,-0.16363203525543213,-0.012754043176727237,-0.03205519914627075,-0.18406367301940918,-0.016894613005177916,-0.006184756755828857,-0.10045742988586426,-0.0004581670418417616,-0.009411871433258057,-0.1423431634902954,-0.0027576073389070643,-0.010912775993347168,-0.16674470901489258,-0.0058852728306817426,-0.012767255306243896,-0.18631869554519653,-0.00832441876079315,0.009379863739013672,-0.09248656034469604,-0.001824464377904178,0.008060812950134277,-0.1281539797782898,-0.004042009435551108,0.0064868927001953125,-0.14927703142166138,-0.004865835964636744,0.003751993179321289,-0.1655673384666443,-0.00566437708582157,0.025857865810394287,-0.07794457674026489,-0.004593486044512929,0.030234873294830322,-0.10098469257354736,-0.00546927152569765,0.03063875436782837,-0.11455494165420532,-0.0040829969420599355,0.029738306999206543,-0.12540370225906372,-0.003007985962511839
1,0.0,0.0,0.0,-0.02479773759841919,-0.02642577886581421,-0.01033309292768081,-0.04369032382965088,-0.06081891059875488,-0.014185520864771206,-0.05870687961578369,-0.09032094478607178,-0.017204614400611717,-0.07328826189041138,-0.11006861925125122,-0.019256256565199692,-0.023074865341186523,-0.09970933198928833,-0.002025279028089244,-0.02914130687713623,-0.14032799005508423,-0.008008061021314461,-0.031832754611968994,-0.16374194622039795,-0.013696854047225315,-0.03356170654296875,-0.18449139595031738,-0.01764743034516414,-0.0075931549072265625,-0.09975790977478027,-0.0012280344243436048,-0.011012017726898193,-0.1415722370147705,-0.0037619872463210413,-0.012336552143096924,-0.16617000102996826,-0.006827184974895317,-0.014052867889404297,-0.18596258759498596,-0.009118554226802189,0.007989645004272461,-0.09134769439697266,-0.00239423992832144,0.006835877895355225,-0.1261621117591858,-0.005188392985360224,0.005145370960235596,-0.1470472812652588,-0.006125092085198958,0.0021519064903259277,-0.1630955934524536,-0.006780445620165665,0.024439632892608643,-0.07665443420410156,-0.004944269124166567,0.028496623039245605,-0.09944558143615723,-0.0063980538842542956,0.02886909246444702,-0.11261284351348877,-0.005075189329431851,0.02795654535293579,-0.12305951118469238,-0.0038658706915839502
1,0.0,0.0,0.0,-0.02486938238143921,-0.026890993118286133,-0.010255761449570855,-0.0433347225189209,-0.06104278564453125,-0.014089355250234803,-0.058003902435302734,-0.0902661681175232,-0.017063293611045083,-0.07258641719818115,-0.10958582162857056,-0.019114337866540154,-0.022532939910888672,-0.09966063499450684,-0.0020354664934529865,-0.028497040271759033,-0.14017254114151,-0.008056193595166405,-0.031105458736419678,-0.1635105013847351,-0.013862348166640004,-0.03262913227081299,-0.18401461839675903,-0.017861902718777856,-0.006932675838470459,-0.09937214851379395,-0.001202348624701699,-0.010188281536102295,-0.1411501169204712,-0.0034336582807554805,-0.011702537536621094,-0.16558098793029785,-0.006366364662881097,-0.013569772243499756,-0.18487828969955444,-0.008619616744454106,0.008662819862365723,-0.09065282344818115,-0.0023260735956682765,0.007375240325927734,-0.12591612339019775,-0.004614377864982089,0.005472838878631592,-0.14726579189300537,-0.005275463690395554,0.0024602413177490234,-0.16365021467208862,-0.005919032269503077,0.02492046356201172,-0.07559442520141602,-0.004865378146405419,0.02908766269683838,-0.09799361228942871,-0.006069678818221291,0.02928560972213745,-0.11111444234848022,-0.004586616536016663,0.02833247184753418,-0.12162292003631592,-0.003300530375327071
1,0.0,0.0,0.0,-0.025013983249664307,-0.027196168899536133,-0.009939402164150124,-0.04326850175857544,-0.06181466579437256,-0.013490558424223309,-0.057515740394592285,-0.09158039093017578,-0.016261206762123948,-0.07180553674697876,-0.11131089925765991,-0.018117191092301255,-0.02227461338043213,-0.09995317459106445,-0.0012926495952569894,-0.02866065502166748,-0.14031273126602173,-0.007254571010548716,-0.03153747320175171,-0.16364425420761108,-0.013117342078317051,-0.03332388401031494,-0.18438294529914856,-0.01717166212313259,-0.006847560405731201,-0.0997198224067688,-0.0005966837603637032,-0.01030641794204712,-0.14134818315505981,-0.002826244858283644,-0.011791646480560303,-0.16592854261398315,-0.0058580989103802494,-0.013777196407318115,-0.18573784828186035,-0.008208387353647595,0.008478939533233643,-0.0909772515296936,-0.0018669018141963534,0.007291853427886963,-0.1256585717201233,-0.004225618028272038,0.005543053150177002,-0.14678120613098145,-0.004957881578434353,0.0024376511573791504,-0.16299742460250854,-0.005584386930991059,0.024540305137634277,-0.07593095302581787,-0.004527406589318161,0.028284072875976562,-0.09879547357559204,-0.005600402885306721,0.028546512126922607,-0.11205857992172241,-0.004007079460848217,0.027554810047149658,-0.12269330024719238,-0.002669498612362986
1,0.0,0.0,0.0,-0.02424067258834839,-0.027221202850341797,-0.010064719403857225,-0.04180800914764404,-0.06146961450576782,-0.013942298638397688,-0.055219292640686035,-0.09175562858581543,-0.017020007754439348,-0.06928682327270508,-0.11212104558944702,-0.019234977821582788,-0.02201634645462036,-0.09898769855499268,-0.002266250011274451,-0.02794969081878662,-0.1395406723022461,-0.008518427769416803,-0.030741095542907715,-0.16295427083969116,-0.014400622035140032,-0.03265702724456787,-0.18370789289474487,-0.018492875779742235,-0.006499648094177246,-0.09846103191375732,-0.0017843643862249792,-0.010062158107757568,-0.14017045497894287,-0.00476866138237142,-0.011517465114593506,-0.16457438468933105,-0.008188301856392854,-0.013406813144683838,-0.18427246809005737,-0.010770975771123403,0.008688569068908691,-0.08944016695022583,-0.003202611273849243,0.007587730884552002,-0.12408345937728882,-0.006456498215669626,0.005719959735870361,-0.14478659629821777,-0.007503864980066055,0.002661585807800293,-0.16082710027694702,-0.008236700827950472,0.024730324745178223,-0.07438552379608154,-0.005942660542899603,0.028452813625335693,-0.0973406434059143,-0.007844927879745,0.028745293617248535,-0.11088061332702637,-0.006609338960373634,0.02776634693145752,-0.1218000054359436,-0.005444828114235634
1,0.0,0.0,0.0,-0.02398812770843506,-0.026676535606384277,-0.009616142113813453,-0.04058384895324707,-0.061792969703674316,-0.013132612195917659,-0.05247962474822998,-0.09250891208648682,-0.015874241453715854,-0.06579351425170898,-0.11321622133255005,-0.017813845512577586,-0.0222129225730896,-0.09888309240341187,-0.0024995705793884326,-0.028589248657226562,-0.1395283341407776,-0.008748147611626678,-0.03160160779953003,-0.163396954536438,-0.014577722151884132,-0.033697545528411865,-0.1844155192375183,-0.01860954703123241,-0.006857037544250488,-0.0982549786567688,-0.002177908758753233,-0.010544121265411377,-0.13967037200927734,-0.005088202630290084,-0.011974513530731201,-0.16437309980392456,-0.0083982916298595,-0.013757169246673584,-0.18417522311210632,-0.010948359941252761,0.008183181285858154,-0.08912968635559082,-0.0036506983201292087,0.0069876909255981445,-0.12386751174926758,-0.006739379347422414,0.005371391773223877,-0.14454835653305054,-0.007692292773285203,0.002507030963897705,-0.16038233041763306,-0.008439679605075412,0.024142026901245117,-0.07389301061630249,-0.006411110957273536,0.02775949239730835,-0.09727466106414795,-0.008237310660192065,0.02794283628463745,-0.11053991317749023,-0.0068928850564446975,0.0266646146774292,-0.12094330787658691,-0.005692440060087733
1,0.0,0.0,0.0,-0.022807836532592773,-0.026988685131072998,-0.009369802176976805,-0.03789472579956055,-0.061893343925476074,-0.01239575117828906,-0.047265589237213135,-0.09248268604278564,-0.014657500647032862,-0.058311402797698975,-0.1143842339515686,-0.01598075356336892,-0.024457454681396484,-0.09844326972961426,-0.0018518882384768176,-0.030318737030029297,-0.13884776830673218,-0.0076272538677102375,-0.03290194272994995,-0.16225790977478027,-0.013311366066361074,-0.03493839502334595,-0.18321847915649414,-0.01730010610076249,-0.0086289644241333,-0.09784847497940063,-0.0013157476019358683,-0.012669146060943604,-0.13862073421478271,-0.0035318834521120834,-0.013701677322387695,-0.16293185949325562,-0.006798764206493502,-0.015272974967956543,-0.18310534954071045,-0.009500937052095537,0.0066814422607421875,-0.08873999118804932,-0.0025296676717943,0.0046721696853637695,-0.12185072898864746,-0.004578557778174286,0.0029497742652893066,-0.1414387822151184,-0.00528139013799489,-0.00017464160919189453,-0.1565481424331665,-0.006149271018827562,0.022910118103027344,-0.07361096143722534,-0.005094939358556871,0.02567470073699951,-0.09553813934326172,-0.005879600048089628,0.025663912296295166,-0.1080019474029541,-0.004193751122826939,0.024446308612823486,-0.11758279800415039,-0.002966321753362422
1,0.0,0.0,0.0,-0.022674560546875,-0.02637338638305664,-0.010137866099924508,-0.03685736656188965,-0.06225991249084473,-0.013027044793219034,-0.04548215866088867,-0.09390860795974731,-0.01505001619234747,-0.05621898174285889,-0.11632639169692993,-0.016029624117166463,-0.023907601833343506,-0.09822642803192139,-0.0011166453711695112,-0.03014618158340454,-0.13856393098831177,-0.006714369019121591,-0.03338289260864258,-0.1618252396583557,-0.012280165997893278,-0.03578615188598633,-0.1824602484703064,-0.016117323038727704,-0.008120119571685791,-0.09824180603027344,1.5151243403010994e-05,-0.012537062168121338,-0.1389782428741455,-0.0018692168757326044,-0.014092326164245605,-0.16365641355514526,-0.004968385060877267,-0.0158270001411438,-0.18354064226150513,-0.007510080316663448,0.0071144700050354,-0.08949500322341919,-0.0008009040263488032,0.005459725856781006,-0.12266743183135986,-0.0026665330749011673,0.0035257339477539062,-0.14167535305023193,-0.0033963609837002195,0.0002294778823852539,-0.15625089406967163,-0.00421039884686536,0.023018360137939453,-0.07477724552154541,-0.003069088410214249,0.02620065212249756,-0.09623628854751587,-0.003749877761677567,0.02559220790863037,-0.10864472389221191,-0.0022781615495688357,0.023847579956054688,-0.11842024326324463,-0.0011835061829543747
1,0.0,0.0,0.0,-0.021784722805023193,-0.026922762393951416,-0.009935285701729413,-0.03452754020690918,-0.06329792737960815,-0.01290510109750187,-0.04241502285003662,-0.0947197675704956,-0.015074916920937653,-0.05315065383911133,-0.11720418930053711,-0.01635231430766737,-0.022217094898223877,-0.09903699159622192,-0.0013122482144609648,-0.028542816638946533,-0.13982170820236206,-0.007357326607532855,-0.031973183155059814,-0.16345620155334473,-0.01339212319938099,-0.03461480140686035,-0.18455097079277039,-0.017642522036410924,-0.006497979164123535,-0.09867674112319946,-0.0004614290758837569,-0.011200189590454102,-0.1391656994819641,-0.0026927704842165667,-0.013023674488067627,-0.16313916444778442,-0.006054702951885815,-0.015255630016326904,-0.1829056739807129,-0.008884962453819867,0.00892573595046997,-0.08954238891601562,-0.001534385063067134,0.0067778825759887695,-0.12290483713150024,-0.003650858803965207,0.0046721696853637695,-0.14217925071716309,-0.0041577818722799975,0.0011796951293945312,-0.15749001502990723,-0.004936260442562457,0.025016427040100098,-0.07440054416656494,-0.004052653248734828,0.02750372886657715,-0.0970299243927002,-0.005047782595582362,0.026556313037872314,-0.1094435453414917,-0.0033559031238183934,0.024518489837646484,-0.11927145719528198,-0.0021483693656847436
1,0.0,0.0,0.0,-0.022010624408721924,-0.026302099227905273,-0.010606048492917353,-0.034870266914367676,-0.062206387519836426,-0.013334259255060488,-0.042549729347229004,-0.09370887279510498,-0.014886851286718183,-0.053071558475494385,-0.11591631174087524,-0.015262096053191954,-0.023455381393432617,-0.099209725856781,-0.0008669338228344259,-0.02960681915283203,-0.14001625776290894,-0.00535648069737249,-0.032953739166259766,-0.16310763359069824,-0.010529886795410448,-0.03583413362503052,-0.18358981609344482,-0.014267019791731173,-0.0075231194496154785,-0.0991441011428833,0.0010037903169006768,-0.012193143367767334,-0.1399468183517456,0.000682820119692451,-0.01443326473236084,-0.16364389657974243,-0.0017586578421457943,-0.017199993133544922,-0.18267026543617249,-0.004096851548382574,0.007877707481384277,-0.09015178680419922,0.0009699533304967645,0.0052991509437561035,-0.12417596578598022,0.0009003624047920766,0.0025896430015563965,-0.1434444785118103,0.0010674490088433686,-0.0011174678802490234,-0.15833163261413574,0.0004471340119209799,0.024270355701446533,-0.07509976625442505,-0.0006464822606346843,0.026727676391601562,-0.0974271297454834,-8.323310859736921e-05,0.025573909282684326,-0.10970950126647949,0.0021283332219184103,0.023632943630218506,-0.11907303333282471,0.003600903456828064
1,0.0,0.0,0.0,-0.02195155620574951,-0.027102172374725342,-0.009582203378812437,-0.0351717472076416,-0.06318789720535278,-0.011938434591428404,-0.04268604516983032,-0.09481579065322876,-0.013475140122608309,-0.05321389436721802,-0.1171531081199646,-0.013939470549956923,-0.02350848913192749,-0.09962719678878784,0.0007259064271067928,-0.029895484447479248,-0.139931321144104,-0.003707654572934871,-0.033097803592681885,-0.16243267059326172,-0.008805291293100481,-0.03570431470870972,-0.18257558345794678,-0.012523271640674238,-0.007766664028167725,-0.09938925504684448,0.0018028365132352064,-0.012726902961730957,-0.13973373174667358,0.0008858749327202986,-0.014787375926971436,-0.16345787048339844,-0.0022397712188819696,-0.017176330089569092,-0.18295979499816895,-0.005055137941525345,0.00744473934173584,-0.09047651290893555,0.0009596766588231276,0.005262434482574463,-0.12363648414611816,-0.00022197263271550582,0.0031745433807373047,-0.1426030397415161,-0.0011854477076838066,-0.0003579258918762207,-0.15772366523742676,-0.002434284225017791,0.02379244565963745,-0.07578569650650024,-0.0012789148920262505,0.026559889316558838,-0.09840470552444458,-0.0016197889660531928,0.025261759757995605,-0.10980141162872314,-0.00011610750763679789,0.022682011127471924,-0.11850368976593018,0.0008427078985562275
1,0.0,0.0,0.0,-0.021659135818481445,-0.027340590953826904,-0.0101549305638855,-0.03445559740066528,-0.06306880712509155,-0.012870870219785502,-0.04175609350204468,-0.09461069107055664,-0.014683676572758486,-0.05213063955307007,-0.11708259582519531,-0.015462810794133475,-0.022705256938934326,-0.0987619161605835,-0.0006577570841272973,-0.02896749973297119,-0.13870781660079956,-0.005873717988151839,-0.032221078872680664,-0.16109079122543335,-0.011292271936554243,-0.03485548496246338,-0.18134751915931702,-0.015176013732570937,-0.00703054666519165,-0.09843730926513672,0.00047756218350514246,-0.012077510356903076,-0.13898539543151855,-0.0011904649820735358,-0.014274179935455322,-0.1627710461616516,-0.00448697541492038,-0.016711175441741943,-0.18251246213912964,-0.00727573611425214,0.008203446865081787,-0.0893973708152771,-0.00032327621943295526,0.0058425068855285645,-0.12265241146087646,-0.0021557618549650215,0.0035300850868225098,-0.14182525873184204,-0.003082744233552148,2.47955322265625e-05,-0.15740656852722168,-0.00417135438533478,0.024440348148345947,-0.07449120283126831,-0.0025632229319398903,0.02688843011856079,-0.09593605995178223,-0.003338443503025701,0.02565699815750122,-0.10815805196762085,-0.00196227283799999,0.02361464500427246,-0.11832302808761597,-0.0010241647635211848
1,0.0,0.0,0.0,-0.021760165691375732,-0.026665806770324707,-0.010571152130069095,-0.03483772277832031,-0.06241673231124878,-0.013483095141054946,-0.0420299768447876,-0.0941573977470398,-0.015284051345588523,-0.052440524101257324,-0.11680853366851807,-0.015947699705066043,-0.023499906063079834,-0.09858977794647217,-0.0009378100348840235,-0.030418813228607178,-0.13939470052719116,-0.0058526016491669,-0.0338740348815918,-0.16262251138687134,-0.011264262879194575,-0.036746084690093994,-0.1832931637763977,-0.015171745018960792,-0.007618427276611328,-0.09832823276519775,0.0005962504237686517,-0.012547791004180908,-0.13895481824874878,-0.000550743350686389,-0.014687657356262207,-0.1626647710800171,-0.0036039768438058672,-0.017154455184936523,-0.18201899528503418,-0.006326330518277246,0.007638990879058838,-0.0893968939781189,0.0002063396113953786,0.004966557025909424,-0.12295305728912354,-0.0008302142796310363,0.002612590789794922,-0.14246630668640137,-0.0013452474213409005,-0.0007492899894714355,-0.15780401229858398,-0.002354945912884432,0.024065017700195312,-0.07463383674621582,-0.0016968977124633966,0.02603936195373535,-0.09664785861968994,-0.0018146094353141962,0.024518191814422607,-0.10861146450042725,-1.2113672710256651e-05,0.022205650806427002,-0.11793684959411621,0.0011402502004784765
1,0.0,0.0,0.0,-0.021864652633666992,-0.02792048454284668,-0.010315136753646925,-0.035130202770233154,-0.063387930393219,-0.013024225600688055,-0.04298478364944458,-0.0949217677116394,-0.014822292842595175,-0.05339151620864868,-0.11763614416122437,-0.015547402904061869,-0.023410558700561523,-0.09933650493621826,0.0001588295829293429,-0.029916465282440186,-0.13960760831832886,-0.0047873731261773855,-0.033262789249420166,-0.1626499891281128,-0.010313272245852545,-0.03585129976272583,-0.18331819772720337,-0.014305640713004664,-0.007764101028442383,-0.09908747673034668,0.0015288854458646028,-0.01306295394897461,-0.13936710357666016,0.00025314007986310116,-0.015092670917510986,-0.16363275051116943,-0.0030377730752064735,-0.017313361167907715,-0.18343299627304077,-0.005941448037205532,0.00744938850402832,-0.09008485078811646,0.0008660256255694776,0.004919528961181641,-0.12319988012313843,-0.0007764471836111397,0.002852022647857666,-0.14213669300079346,-0.001890585527448252,-0.0006256103515625,-0.1570013165473938,-0.0031173536578847916,0.02370893955230713,-0.07533007860183716,-0.0012602483645736129,0.025961220264434814,-0.09746032953262329,-0.0020843294939680845,0.02439582347869873,-0.10876357555389404,-0.0008438203974350245,0.021825432777404785,-0.11740118265151978,1.2855858827265365e-05
1,0.0,0.0,0.0,-0.02218484878540039,-0.027373850345611572,-0.010972331096937182,-0.0354079008102417,-0.06356668472290039,-0.013578588893224719,-0.04323685169219971,-0.09558796882629395,-0.015024278131832602,-0.05361175537109375,-0.1187179684638977,-0.015252799545933726,-0.023440003395080566,-0.09982699155807495,0.00028469469462777397,-0.029773831367492676,-0.1403946876525879,-0.00402102601300669,-0.033041954040527344,-0.1632130742073059,-0.009193161321391585,-0.03565263748168945,-0.1836724579334259,-0.012956742947508815,-0.0075833797454833984,-0.09954720735549927,0.002488828678096411,-0.012514173984527588,-0.13979053497314453,0.002261016931797144,-0.014680147171020508,-0.16359996795654297,-0.0003983980794970421,-0.01716625690460205,-0.18274778127670288,-0.002928063092340949,0.007743358612060547,-0.09061872959136963,0.002621400583947775,0.005192995071411133,-0.12370944023132324,0.002405409183765528,0.0028510093688964844,-0.1430681347846985,0.0021126428101609918,-0.0006045699119567871,-0.1581704020500183,0.0012160250399659844,0.024140119552612305,-0.0760379433631897,0.0011398365669350596,0.026437878608703613,-0.09793859720230103,0.001652579819264588,0.025003433227539062,-0.10996133089065552,0.0035065779876362058,0.022762656211853027,-0.11941015720367432,0.004672960093657252
1,0.0,0.0,0.0,-0.022293925285339355,-0.027369678020477295,-0.00998510460206603,-0.035604119300842285,-0.06409257650375366,-0.012448137093571177,-0.04352712631225586,-0.09621858596801758,-0.01397606677213048,-0.054435014724731445,-0.11866497993469238,-0.014393230367687693,-0.02273404598236084,-0.09969854354858398,0.0004668313572153693,-0.02925395965576172,-0.1398085355758667,-0.0039966380486760045,-0.03276306390762329,-0.16218507289886475,-0.009103574257579794,-0.03550457954406738,-0.1820550560951233,-0.012745382663098326,-0.0069086551666259766,-0.09950882196426392,0.0019112064705666398,-0.011807262897491455,-0.13998907804489136,0.001420525085876534,-0.013996779918670654,-0.16377919912338257,-0.0013423546247679496,-0.016293704509735107,-0.1830471158027649,-0.0038726843690994883,0.008559644222259521,-0.09079670906066895,0.0014150171277549362,0.006011784076690674,-0.12424963712692261,0.001028682754139254,0.003770768642425537,-0.14366555213928223,0.0008072095310751592,0.00044029951095581055,-0.15873926877975464,-1.1282978931603793e-05,0.024946630001068115,-0.07616943120956421,-0.0006002850628021861,0.027389049530029297,-0.09808695316314697,-1.415197178289418e-05,0.02633357048034668,-0.11035174131393433,0.0020891589315112924,0.02446424961090088,-0.11984747648239136,0.003433361250671396
1,0.0,0.0,0.0,-0.022351086139678955,-0.027341187000274658,-0.009756341832002136,-0.03616374731063843,-0.06387495994567871,-0.012255476111789676,-0.04440563917160034,-0.09595119953155518,-0.013903796928246948,-0.055337607860565186,-0.11839652061462402,-0.014474401505907508,-0.02345728874206543,-0.09970206022262573,0.0005573843147033131,-0.030217230319976807,-0.1402958631515503,-0.0040290632976791585,-0.033636629581451416,-0.16346341371536255,-0.00933507762314889,-0.036147892475128174,-0.1839480996131897,-0.013151251035054656,-0.0073738694190979,-0.09956562519073486,0.0017871672527292048,-0.01222759485244751,-0.139978289604187,0.0010127706692912852,-0.014187991619110107,-0.16401106119155884,-0.0019860912805995667,-0.016157805919647217,-0.1831015646457672,-0.0047061986050209725,0.008273303508758545,-0.0908706784248352,0.0010904606671431338,0.005738317966461182,-0.12485307455062866,0.00032569122336667533,0.003520190715789795,-0.144162118434906,-0.00021498899954508488,0.00012564659118652344,-0.1586751937866211,-0.0012327587690776909,0.024992704391479492,-0.07615524530410767,-0.001070301420298847,0.027826547622680664,-0.09854084253311157,-0.0010451429050988281,0.026599407196044922,-0.11065155267715454,0.0007149713120782053,0.02420562505722046,-0.11951625347137451,0.0018761910970681583
1,0.0,0.0,0.0,-0.022050142288208008,-0.027929365634918213,-0.010057732695756272,-0.03571373224258423,-0.06396621465682983,-0.012925815070090607,-0.04418230056762695,-0.09639567136764526,-0.01493040309291871,-0.05550181865692139,-0.11905777454376221,-0.0158706551883796,-0.02296912670135498,-0.10001826286315918,0.00024673703588007356,-0.029347479343414307,-0.13986670970916748,-0.004677284741816834,-0.03278595209121704,-0.16191428899765015,-0.010145212756512478,-0.03535652160644531,-0.18180447816848755,-0.014125840971288994,-0.006789982318878174,-0.099972665309906,0.001362893148282751,-0.011272251605987549,-0.1404104232788086,5.461630237846293e-06,-0.013233542442321777,-0.1641746163368225,-0.003432004246903375,-0.015438258647918701,-0.1836114227771759,-0.006441354053137616,0.008764803409576416,-0.09120088815689087,0.0005223025800233927,0.006778836250305176,-0.12509554624557495,-0.000993264606265143,0.004708647727966309,-0.1445934772491455,-0.001917630666909531,0.0013650059700012207,-0.15984362363815308,-0.003126427764115647,0.02521127462387085,-0.07624739408493042,-0.0017544720322320018,0.02823275327682495,-0.0982506275177002,-0.0023531403858640942,0.0273592472076416,-0.11103558540344238,-0.0009756606887521002,0.02544689178466797,-0.12128198146820068,-6.724212293818255e-05
1,0.0,0.0,0.0,-0.023000478744506836,-0.0277634859085083,-0.009479019613664263,-0.03741574287414551,-0.06383854150772095,-0.011961218723754996,-0.046513140201568604,-0.09580975770950317,-0.013641131864588374,-0.05834066867828369,-0.11788195371627808,-0.01432811171720516,-0.022945165634155273,-0.09909701347351074,0.00031159408068504035,-0.029413938522338867,-0.13957518339157104,-0.004388147787850016,-0.03232860565185547,-0.16255313158035278,-0.009490999215941542,-0.03431808948516846,-0.18309932947158813,-0.013155132354896182,-0.00669407844543457,-0.09896630048751831,0.0012700522228072941,-0.011140704154968262,-0.13965046405792236,0.00012838452208541185,-0.012703537940979004,-0.16371148824691772,-0.002986285425450319,-0.014203369617462158,-0.18303433060646057,-0.0056577611805010974,0.009275257587432861,-0.09005355834960938,0.0003634148769009471,0.007072031497955322,-0.12331205606460571,-0.0008965373246070385,0.005175948143005371,-0.1426866054534912,-0.0017217476244155705,0.0023279786109924316,-0.15779292583465576,-0.0027626311031241357,0.02604573965072632,-0.07485491037368774,-0.001919904313709253,0.02921384572982788,-0.09597349166870117,-0.002138955807041043,0.028813183307647705,-0.10894852876663208,-0.0005907103742543995,0.027526557445526123,-0.1195831298828125,0.000469115216091609
1,0.0,0.0,0.0,-0.022218525409698486,-0.027832508087158203,-0.010370492364856432,-0.03650093078613281,-0.06368523836135864,-0.013148551236483286,-0.045831382274627686,-0.09558320045471191,-0.014922059502097795,-0.0578882098197937,-0.11761718988418579,-0.01557295805552883,-0.02182948589324951,-0.09974372386932373,-0.00021274026669004797,-0.028248906135559082,-0.14046543836593628,-0.004960996459814737,-0.031085550785064697,-0.16330844163894653,-0.010059251811000536,-0.03296494483947754,-0.18390867114067078,-0.013579498406144808,-0.0052880048751831055,-0.09952282905578613,0.0013894933391185305,-0.00959867238998413,-0.1404055953025818,0.0006658169905477962,-0.010969340801239014,-0.16477781534194946,-0.001893632242101262,-0.012323737144470215,-0.1840725541114807,-0.004075959685835073,0.010702013969421387,-0.0904199481010437,0.0010266313211815259,0.009298384189605713,-0.1238660216331482,0.00029172060301618785,0.007568001747131348,-0.14359784126281738,0.0002709245773786506,0.004832029342651367,-0.15865635871887207,-6.59799597286792e-05,0.027122318744659424,-0.07515531778335571,-0.0008417703328831294,0.030624687671661377,-0.09684425592422485,-0.0005886354601187804,0.030365169048309326,-0.11023116111755371,0.0015722979906769297,0.02922821044921875,-0.12087911367416382,0.003246735187602212
1,0.0,0.0,0.0,-0.023082435131072998,-0.027178823947906494,-0.010066194165403886,-0.038126468658447266,-0.06345164775848389,-0.012536758262569947,-0.04811018705368042,-0.09530067443847656,-0.013993139084334416,-0.06067472696304321,-0.11672544479370117,-0.014344852123315377,-0.021764814853668213,-0.09988820552825928,7.891200556287004e-05,-0.028407573699951172,-0.14045947790145874,-0.0041935319862318465,-0.03120589256286621,-0.16335391998291016,-0.00897710461532597,-0.03293967247009277,-0.18387824296951294,-0.012345599647517247,-0.005417287349700928,-0.09978538751602173,0.0016933965413841179,-0.009498059749603271,-0.14065557718276978,0.0014899324775683453,-0.01081991195678711,-0.16502058506011963,-0.000863211517128093,-0.012025952339172363,-0.18422716856002808,-0.0029927491526109407,0.010703325271606445,-0.09088510274887085,0.001386891529989498,0.008918464183807373,-0.12425380945205688,0.0011210382833155563,0.007444620132446289,-0.14387953281402588,0.0009656925719241372,0.005158543586730957,-0.1591172218322754,0.0004199794818191549,0.027483105659484863,-0.0759572982788086,-0.0004027037323908189,0.03104013204574585,-0.0979568362236023,0.0003102656079931876,0.031036198139190674,-0.11113518476486206,0.002431962467824178,0.030324041843414307,-0.12169885635375977,0.003944445695822196
1,0.0,0.0,0.0,-0.02322942018508911,-0.027552425861358643,-0.00931661078892887,-0.03871947526931763,-0.06368184089660645,-0.011599972529339198,-0.04988574981689453,-0.09479725360870361,-0.013126829324292544,-0.06286346912384033,-0.11574620008468628,-0.013673602288591269,-0.021118581295013428,-0.10109251737594604,0.001082741271702048,-0.02701324224472046,-0.14083224534988403,-0.003309056313710812,-0.029624998569488525,-0.16325467824935913,-0.008304597495126131,-0.03118377923965454,-0.18348842859268188,-0.011811473092066649,-0.004712939262390137,-0.10081303119659424,0.0020553924497193066,-0.008270740509033203,-0.1415194869041443,0.0016962082246294585,-0.009397804737091064,-0.16629314422607422,-0.0008004853497283193,-0.010715246200561523,-0.18605762720108032,-0.0029431250058138403,0.011424541473388672,-0.091769278049469,0.0010780249377688733,0.010170996189117432,-0.12516897916793823,0.0003771965221943674,0.009307622909545898,-0.14526385068893433,1.6595955557363595e-05,0.007322907447814941,-0.160885751247406,-0.0005042926403717729,0.027947723865509033,-0.07661336660385132,-0.001300216221252981,0.03228867053985596,-0.09859871864318848,-0.0010196953425207766,0.03338664770126343,-0.11196810007095337,0.0009634432154683736,0.033861637115478516,-0.12302291393280029,0.002490531269458529
1,0.0,0.0,0.0,-0.02306544780731201,-0.026683926582336426,-0.00971148811520095,-0.039623141288757324,-0.0627981424331665,-0.012710242497334434,-0.05182826519012451,-0.09345966577529907,-0.014945866505215122,-0.06477504968643188,-0.11438626050949097,-0.016320970805892898,-0.019938170909881592,-0.100452721118927,-0.0011839371524473563,-0.025413990020751953,-0.14040535688400269,-0.0066507001990174786,-0.027820467948913574,-0.16328078508377075,-0.011991192551860763,-0.029094576835632324,-0.18342182040214539,-0.015695012139687492,-0.0034888386726379395,-0.1000525951385498,-0.0006611961522793308,-0.006336867809295654,-0.14174091815948486,-0.0023567615659629837,-0.006981968879699707,-0.16648727655410767,-0.005003882071534349,-0.007803976535797119,-0.18602785468101501,-0.0070881722146367565,0.012857437133789062,-0.09099096059799194,-0.0020899267052953974,0.012793898582458496,-0.12603271007537842,-0.004235172609398319,0.012526392936706543,-0.14695000648498535,-0.004762012010971262,0.011197865009307861,-0.16339826583862305,-0.005245382397035314,0.029595792293548584,-0.07547426223754883,-0.004883601295361473,0.03450214862823486,-0.09890216588973999,-0.005914852919588043,0.0361519455909729,-0.11273127794265747,-0.004196885472694589,0.03696942329406738,-0.1241987943649292,-0.0027672228986119762
1,0.0,0.0,0.0,-0.02404499053955078,-0.02701359987258911,-0.009480030197181577,-0.0411224365234375,-0.0627589225769043,-0.012254259470381612,-0.05437248945236206,-0.09305155277252197,-0.014446226801254625,-0.06713664531707764,-0.11348062753677368,-0.015817585322537298,-0.018958330154418945,-0.10003596544265747,-8.448877878208805e-06,-0.02407318353652954,-0.1399194598197937,-0.005491963509001607,-0.026472032070159912,-0.16269338130950928,-0.01103220406500327,-0.02761775255203247,-0.1826493740081787,-0.014824611056127424,-0.002353966236114502,-0.09975600242614746,0.0006409225957497711,-0.004583597183227539,-0.14122402667999268,-0.0008687723106675094,-0.005398750305175781,-0.16600662469863892,-0.00363920411606955,-0.006437540054321289,-0.18584385514259338,-0.005817237697073097,0.014216065406799316,-0.09140729904174805,-0.0007343364208907133,0.014524638652801514,-0.1256970763206482,-0.002280743946784014,0.01418447494506836,-0.1470203399658203,-0.0027835889863752072,0.012721061706542969,-0.16380149126052856,-0.003320302502714867,0.031063079833984375,-0.07670712471008301,-0.0035376368700497096,0.036573827266693115,-0.09979099035263062,-0.0036719182184867805,0.03810381889343262,-0.11366182565689087,-0.0017016560682066029,0.038713812828063965,-0.12486964464187622,-0.00018629502434919232
1,0.0,0.0,0.0,-0.024423301219940186,-0.027118146419525146,-0.010435083223114816,-0.042600154876708984,-0.062100887298583984,-0.0142605968691214,-0.05688345432281494,-0.09268057346343994,-0.017403913935254423,-0.0703086256980896,-0.11327636241912842,-0.019725518574546186,-0.01954883337020874,-0.10023003816604614,-0.0011970403544410146,-0.025010645389556885,-0.13921523094177246,-0.007203235098700134,-0.027601897716522217,-0.16160768270492554,-0.013191622955332605,-0.0290643572807312,-0.18111121654510498,-0.01747996946198782,-0.0027924776077270508,-0.10048335790634155,-0.0006638077726393021,-0.00522083044052124,-0.14114856719970703,-0.0032018740135981716,-0.006294369697570801,-0.16512179374694824,-0.0066373644336863435,-0.0075411200523376465,-0.1844954490661621,-0.009316788328419534,0.0140189528465271,-0.09230118989944458,-0.0022382825087561287,0.013858258724212646,-0.12665337324142456,-0.005017322761545984,0.013336360454559326,-0.14740073680877686,-0.0061803891263707555,0.01199263334274292,-0.1640770435333252,-0.0071648790441258825,0.03143632411956787,-0.07752972841262817,-0.005256776040027944,0.03678607940673828,-0.09989196062088013,-0.006688912672530023,0.03846627473831177,-0.11395704746246338,-0.005554438376407234,0.03932744264602661,-0.12562847137451172,-0.004629661136846153
1,0.0,0.0,0.0,-0.024486064910888672,-0.02699214220046997,-0.010458197819275483,-0.043102800846099854,-0.061558663845062256,-0.014320169018787965,-0.0572735071182251,-0.09201270341873169,-0.017461141014678105,-0.07074177265167236,-0.11262470483779907,-0.01978247929571353,-0.019847750663757324,-0.09990668296813965,-0.0015589793000572172,-0.0253106951713562,-0.13906323909759521,-0.007457219904495105,-0.02797389030456543,-0.16157430410385132,-0.013328672761304006,-0.029650330543518066,-0.1812974214553833,-0.01757636983154498,-0.003070235252380371,-0.10024100542068481,-0.0010638428174161163,-0.005222737789154053,-0.14101779460906982,-0.0036246284397520867,-0.005998015403747559,-0.16512924432754517,-0.00706761134995304,-0.007031559944152832,-0.184524267911911,-0.009809263425154313,0.013647735118865967,-0.09210145473480225,-0.0026541730875351277,0.013778209686279297,-0.1264696717262268,-0.005570204837454185,0.013389170169830322,-0.14733439683914185,-0.00692988969592534,0.012038230895996094,-0.1639707088470459,-0.00808103047518216,0.03091377019882202,-0.07743209600448608,-0.0056548392420836535,0.036312878131866455,-0.1000516414642334,-0.007322642861140594,0.03803694248199463,-0.11415684223175049,-0.006381307171864137,0.038719892501831055,-0.1258385181427002,-0.005624854846132621
1,0.0,0.0,0.0,-0.024973154067993164,-0.026303589344024658,-0.010358856103721337,-0.04312843084335327,-0.06166422367095947,-0.013847068927589135,-0.0581856369972229,-0.09191346168518066,-0.016722791872325615,-0.07234013080596924,-0.11157315969467163,-0.018830752975645737,-0.01934969425201416,-0.09964257478713989,-0.0003651247102425259,-0.02478712797164917,-0.13875669240951538,-0.0062005059303373855,-0.027775943279266357,-0.16149365901947021,-0.012177446901205258,-0.029685139656066895,-0.18112123012542725,-0.016423095993104653,-0.0026391148567199707,-0.0999218225479126,0.0002718853206715721,-0.004629671573638916,-0.14046400785446167,-0.0018536856373430055,-0.0057762861251831055,-0.16472703218460083,-0.005029374312016444,-0.007328212261199951,-0.18424102663993835,-0.007526967718604283,0.014152050018310547,-0.09214329719543457,-0.001280247743579821,0.014537394046783447,-0.12655514478683472,-0.003578040792945103,0.014181315898895264,-0.1474265456199646,-0.004401106897148566,0.012769520282745361,-0.16437137126922607,-0.005154027182015852,0.031182289123535156,-0.07806128263473511,-0.004333429548296408,0.0368838906288147,-0.10090172290802002,-0.0053271763467819255,0.03871655464172363,-0.11489635705947876,-0.003851745787414984,0.039655208587646484,-0.1265048384666443,-0.002699172401207761
1,0.0,0.0,0.0,-0.02517378330230713,-0.026360154151916504,-0.010122371148838738,-0.043848276138305664,-0.06098264455795288,-0.01382754115439866,-0.059349775314331055,-0.09008479118347168,-0.016960711461081246,-0.07348662614822388,-0.10940134525299072,-0.019366133269443253,-0.018777430057525635,-0.09975391626358032,-0.0007759109819858168,-0.024208784103393555,-0.13845252990722656,-0.0065924155158541,-0.02749711275100708,-0.16083145141601562,-0.012613114212228993,-0.029841959476470947,-0.18008792400360107,-0.016936778333558777,-0.001980721950531006,-0.09993809461593628,-0.00037343579862181286,-0.003961682319641113,-0.14018899202346802,-0.002572667561992148,-0.005245864391326904,-0.16413462162017822,-0.005925426036640147,-0.00694584846496582,-0.18344420194625854,-0.008617882859482506,0.014866650104522705,-0.09226870536804199,-0.0020728840125343595,0.01529163122177124,-0.12707126140594482,-0.004417007566019038,0.014957666397094727,-0.14762920141220093,-0.005342830680831412,0.013480126857757568,-0.16416704654693604,-0.006246827319785098,0.03203767538070679,-0.07825559377670288,-0.005242256224676112,0.03793215751647949,-0.10098159313201904,-0.006288263258113602,0.03996199369430542,-0.11509150266647339,-0.004940595720483998,0.041073620319366455,-0.12683486938476562,-0.0039239700516304765
1,0.0,0.0,0.0,-0.02550297975540161,-0.025531291961669922,-0.010281942058583127,-0.04460412263870239,-0.05958092212677002,-0.014301919583459721,-0.06031852960586548,-0.08856123685836792,-0.01783856024988495,-0.0747118592262268,-0.10766845941543579,-0.020749215241750107,-0.018310964107513428,-0.09882873296737671,-0.0015454549298112852,-0.023956298828125,-0.13733059167861938,-0.007661833167304621,-0.026936709880828857,-0.15980565547943115,-0.013735306654353963,-0.02853095531463623,-0.17879235744476318,-0.018104527350743638,-0.0013219714164733887,-0.09881305694580078,-0.001492320415792392,-0.003545045852661133,-0.13935762643814087,-0.004446280393977986,-0.004730045795440674,-0.16366642713546753,-0.008110531810899602,-0.005874752998352051,-0.1830403208732605,-0.010949125718553887,0.015688002109527588,-0.09116148948669434,-0.003555826116581784,0.01626676321029663,-0.12679994106292725,-0.006965616457392798,0.016025006771087646,-0.147416353225708,-0.008346496355017052,0.014794647693634033,-0.16377848386764526,-0.009404580313940869,0.03273981809616089,-0.07716989517211914,-0.007047283202638255,0.03912818431854248,-0.10018271207809448,-0.00923157410719,0.04162931442260742,-0.1147800087928772,-0.008453887161095963,0.04318046569824219,-0.1270541548728943,-0.007745863143583165
1,0.0,0.0,0.0,-0.02564716339111328,-0.025179266929626465,-0.009835263932956195,-0.04488801956176758,-0.05920833349227905,-0.013585325549257732,-0.060543715953826904,-0.08799892663955688,-0.01694785825432632,-0.0747215747833252,-0.10692501068115234,-0.019752949695003963,-0.01769411563873291,-0.0990704894065857,-0.0011148828639591102,-0.02272564172744751,-0.1375332474708557,-0.006866998723609186,-0.025630176067352295,-0.15997391939163208,-0.012806075843883491,-0.027467966079711914,-0.17895308136940002,-0.017194606582535243,-0.000639796257019043,-0.09885001182556152,-0.0012779260146373872,-0.0024319887161254883,-0.13928478956222534,-0.004019696484220958,-0.0033609867095947266,-0.16324281692504883,-0.007819905164552665,-0.004420578479766846,-0.18247276544570923,-0.010859560440195537,0.016370534896850586,-0.09106045961380005,-0.0034839454897621636,0.017535686492919922,-0.12673085927963257,-0.0067333902557322745,0.017562925815582275,-0.14721882343292236,-0.008340689572406745,0.01637279987335205,-0.1637682318687439,-0.009672546978009677,0.033316075801849365,-0.07686811685562134,-0.007066381848318315,0.040107011795043945,-0.10034143924713135,-0.009191037374449706,0.04300189018249512,-0.1148112416267395,-0.008524476769281364,0.044852375984191895,-0.1270744800567627,-0.007972326348436809
1,0.0,0.0,0.0,-0.027067601680755615,-0.025246143341064453,-0.009880610417354774,-0.04690819978713989,-0.05876654386520386,-0.0136375405376441,-0.06266874074935913,-0.08693969249725342,-0.016993716034818362,-0.07729268074035645,-0.105246901512146,-0.019889758575487804,-0.017825543880462646,-0.09948039054870605,-0.0011861666820607297,-0.023090004920959473,-0.13841241598129272,-0.006655977714586925,-0.025470435619354248,-0.16140371561050415,-0.012440380316007804,-0.02670276165008545,-0.18054544925689697,-0.01677932557814188,-0.0003584623336791992,-0.09944862127304077,-0.0014829928071833365,-0.002028226852416992,-0.140974760055542,-0.004349761318195533,-0.0027118921279907227,-0.16601258516311646,-0.00858350158833332,-0.003232240676879883,-0.18581247329711914,-0.011953199889291,0.016872942447662354,-0.09182709455490112,-0.003806784890372228,0.0181729793548584,-0.12827837467193604,-0.007399927034754228,0.018300354480743408,-0.14969402551651,-0.010000302131999206,0.017560601234436035,-0.16660922765731812,-0.012034309703636836,0.033643126487731934,-0.07788592576980591,-0.007439319651354026,0.04093259572982788,-0.10185623168945312,-0.009985012609291744,0.04419350624084473,-0.1169595718383789,-0.010016522977281284,0.04676276445388794,-0.12986314296722412,-0.010016204464960765
1,0.0,0.0,0.0,-0.026438117027282715,-0.024197101593017578,-0.00973275776541982,-0.046495020389556885,-0.05695289373397827,-0.013643356110520699,-0.062012553215026855,-0.0849500298500061,-0.017158760759599545,-0.0765417218208313,-0.1031423807144165,-0.020216188463933804,-0.015797197818756104,-0.10042113065719604,-0.001406269451223352,-0.021170854568481445,-0.1393328309059143,-0.006979519571729043,-0.02393496036529541,-0.16228210926055908,-0.012976051378615239,-0.025379657745361328,-0.181596040725708,-0.017471198994286397,0.0014004707336425781,-0.10048198699951172,-0.0015951535437181974,-0.00016564130783081055,-0.14157015085220337,-0.004121551360555031,-0.0008447766304016113,-0.16590255498886108,-0.007950854558117726,-0.001395583152770996,-0.18504005670547485,-0.01110286086387191,0.018397927284240723,-0.09284412860870361,-0.0038125587865636135,0.020112216472625732,-0.12914657592773438,-0.006767408527053931,0.020423054695129395,-0.15008598566055298,-0.008782032016284802,0.019621670246124268,-0.16659241914749146,-0.010548015195496419,0.03507113456726074,-0.07871079444885254,-0.0074113701242879415,0.04276382923126221,-0.10298925638198853,-0.0093876031000093,0.046117544174194336,-0.11808329820632935,-0.009072887781627514,0.0485377311706543,-0.1309322714805603,-0.008861575346060135
1,0.0,0.0,0.0,-0.02606511116027832,-0.023628532886505127,-0.009949553792779398,-0.046324729919433594,-0.05641984939575195,-0.014135387761001539,-0.061998963356018066,-0.08437943458557129,-0.017933265340928983,-0.07692199945449829,-0.1029810905456543,-0.021292033640150976,-0.015565812587738037,-0.10082149505615234,-0.0017386740422296043,-0.02097529172897339,-0.1401119828224182,-0.007428241462861251,-0.023341476917266846,-0.16327571868896484,-0.013477567618195962,-0.02432483434677124,-0.18262332677841187,-0.01800038948417182,0.0017740130424499512,-0.10155624151229858,-0.0020410064956593033,0.0004540085792541504,-0.14349901676177979,-0.0048710597096430774,-0.00014191865921020508,-0.16845780611038208,-0.009015547146503877,-0.0006300210952758789,-0.1881328523159027,-0.012340796214942884,0.018816709518432617,-0.09431320428848267,-0.004376475734119367,0.0208665132522583,-0.13088738918304443,-0.007641795126204443,0.021360576152801514,-0.15243220329284668,-0.01009610671312089,0.020722627639770508,-0.16958951950073242,-0.012149820139114809,0.03520214557647705,-0.08044987916946411,-0.0080802841460752,0.04328012466430664,-0.10469001531600952,-0.010219317895774793,0.04705357551574707,-0.12011152505874634,-0.010091253591184568,0.04992508888244629,-0.1333879828453064,-0.01004002339900012
1,0.0,0.0,0.0,-0.025707781314849854,-0.02429145574569702,-0.009977210793991276,-0.045549631118774414,-0.05652964115142822,-0.014467143003244587,-0.06167823076248169,-0.08363723754882812,-0.018675744083125778,-0.07652640342712402,-0.10217273235321045,-0.02253848641773004,-0.01422959566116333,-0.1013060212135315,-0.0021932232346131286,-0.01900613307952881,-0.14042896032333374,-0.00841793186624784,-0.021254003047943115,-0.16380983591079712,-0.01483203891326923,-0.02174556255340576,-0.1835729479789734,-0.019602300148804375,0.003063678741455078,-0.10147058963775635,-0.0027745601407929144,0.0021218061447143555,-0.14372557401657104,-0.0059797875735654316,0.0017833709716796875,-0.1689731478691101,-0.01011741023172874,0.0016953349113464355,-0.189040869474411,-0.01344709705223579,0.02025657892227173,-0.09378522634506226,-0.00544244052504439,0.02286607027053833,-0.13096213340759277,-0.009150339771409222,0.023742198944091797,-0.15317320823669434,-0.01152077085932035,0.023404717445373535,-0.17109766602516174,-0.013456352535982319,0.03677743673324585,-0.07960116863250732,-0.00951961755414743,0.045161664485931396,-0.10435837507247925,-0.012112303186555096,0.049225449562072754,-0.1203315258026123,-0.01203091118146915,0.052343904972076416,-0.1343359351158142,-0.011974295150835701
1,0.0,0.0,0.0,-0.02606433629989624,-0.023860037326812744,-0.009611051874216514,-0.04601353406906128,-0.056392014026641846,-0.01406118960117908,-0.062255799770355225,-0.08366143703460693,-0.018237350853141265,-0.07738685607910156,-0.10091394186019897,-0.02209693972950788,-0.014126360416412354,-0.10196834802627563,-0.0020893026329389386,-0.018994569778442383,-0.14141958951950073,-0.007857368672247844,-0.021204829216003418,-0.16478830575942993,-0.014141182759757953,-0.021622776985168457,-0.1844618022441864,-0.018915059389527755,0.003212869167327881,-0.10259312391281128,-0.0027429180871507697,0.0023341774940490723,-0.145230233669281,-0.005333988340552764,0.0020148754119873047,-0.17052006721496582,-0.009329833434875923,0.001976907253265381,-0.1903144121170044,-0.012709095487352329,0.02035754919052124,-0.09501326084136963,-0.005366714550163465,0.022977471351623535,-0.13261419534683228,-0.008188028233107048,0.023931503295898438,-0.15488266944885254,-0.01041827571576448,0.023704230785369873,-0.17263492941856384,-0.012540743099506813,0.03671807050704956,-0.08066260814666748,-0.009405837738867717,0.045213401317596436,-0.10535424947738647,-0.011313499296065288,0.049257755279541016,-0.12133562564849854,-0.011094912299867588,0.05248957872390747,-0.13523215055465698,-0.011098423385973888
1,0.0,0.0,0.0,-0.02654862403869629,-0.023966670036315918,-0.00950849353898775,-0.04662322998046875,-0.05604088306427002,-0.01374244615067255,-0.06289637088775635,-0.08320027589797974,-0.01777139417458784,-0.07746011018753052,-0.10064476728439331,-0.0214409895204426,-0.015031754970550537,-0.10279685258865356,-0.0011099714981810394,-0.019742846488952637,-0.14252668619155884,-0.00687385135893237,-0.022069036960601807,-0.16601824760437012,-0.01327213383842718,-0.022713541984558105,-0.1856779158115387,-0.018044050034177417,0.0022292137145996094,-0.1036609411239624,-0.0017670014137820544,0.0014028549194335938,-0.14670473337173462,-0.004186934508425111,0.0008480548858642578,-0.17232772707939148,-0.007986901510548705,0.0005258917808532715,-0.1921176016330719,-0.011158152665984744,0.019444823265075684,-0.09638488292694092,-0.0045225319415749254,0.021996259689331055,-0.13465344905853271,-0.0071357225031079,0.023056983947753906,-0.1572345495223999,-0.009089894775343055,0.023101449012756348,-0.17509886622428894,-0.010971564982128257,0.035966694355010986,-0.08235937356948853,-0.008756241012406463,0.044537484645843506,-0.10746222734451294,-0.01052507962663185,0.04860973358154297,-0.12379169464111328,-0.010170504633379096,0.05204164981842041,-0.13786780834197998,-0.010019771006000155
1,0.0,0.0,0.0,-0.026216506958007812,-0.023701190948486328,-0.009193379517213884,-0.04650986194610596,-0.05643188953399658,-0.013159927065984789,-0.06288838386535645,-0.08353739976882935,-0.017018771815614286,-0.0778505802154541,-0.10010510683059692,-0.020636058497743193,-0.014953196048736572,-0.10330170392990112,-0.0012008344908593926,-0.019470572471618652,-0.1435014009475708,-0.007227889347390715,-0.021859407424926758,-0.16751354932785034,-0.013857173818664137,-0.022602498531341553,-0.1877087652683258,-0.018814391541795317,0.0023676156997680664,-0.10432004928588867,-0.002075692025513831,0.0017361044883728027,-0.14755219221115112,-0.004767393312917534,0.001380324363708496,-0.17341479659080505,-0.008834779347793642,0.0012128949165344238,-0.19375723600387573,-0.012224610048846785,0.019689857959747314,-0.09731614589691162,-0.0049828859898610744,0.022472798824310303,-0.13541024923324585,-0.007746564775274578,0.023977935314178467,-0.15778815746307373,-0.00970263322027165,0.02436143159866333,-0.17577165365219116,-0.011594843204633776,0.03620421886444092,-0.08356469869613647,-0.009354868989007059,0.044496238231658936,-0.10896843671798706,-0.011217330667690817,0.048797607421875,-0.12541472911834717,-0.010762312534765783,0.05250328779220581,-0.1397857666015625,-0.010557970117346827
1,0.0,0.0,0.0,-0.026250839233398438,-0.023689746856689453,-0.009053283086217334,-0.04667860269546509,-0.056613028049468994,-0.012941587431527068,-0.06281447410583496,-0.083790123462677,-0.016761687299407413,-0.07770061492919922,-0.10035604238510132,-0.020343648916281154,-0.015036821365356445,-0.10404330492019653,-0.0009946637499922417,-0.019627690315246582,-0.14371740818023682,-0.006887605128980567,-0.02198094129562378,-0.1674954891204834,-0.013414463674820354,-0.022706925868988037,-0.18759685754776,-0.018359857326544216,0.0023252367973327637,-0.10490632057189941,-0.0020099572783180975,0.001797318458557129,-0.14781653881072998,-0.004656978132373979,0.0015315413475036621,-0.17346224188804626,-0.008712817629970004,0.0013546943664550781,-0.193621426820755,-0.0121407254544863,0.019600331783294678,-0.09764605760574341,-0.005075542902744701,0.02271801233291626,-0.1355113387107849,-0.007987569732762267,0.02401059865951538,-0.1575184464454651,-0.01012706169316857,0.02404695749282837,-0.17530187964439392,-0.01215577842125981,0.036022722721099854,-0.08350753784179688,-0.009582385135985305,0.04479795694351196,-0.10871690511703491,-0.011626356927848747,0.04928094148635864,-0.12504655122756958,-0.011400259746409347,0.052969157695770264,-0.13940709829330444,-0.011401520757175376
1,0.0,0.0,0.0,-0.025499701499938965,-0.023549675941467285,-0.008827358574819755,-0.045456767082214355,-0.05642884969711304,-0.012399281465661716,-0.06118011474609375,-0.08296376466751099,-0.01591495806093235,-0.07571256160736084,-0.09857040643692017,-0.019138811246705245,-0.014096498489379883,-0.103831946849823,-0.0006716295352475754,-0.018350958824157715,-0.14384174346923828,-0.00632410505528469,-0.020008563995361328,-0.16768819093704224,-0.01250426573420782,-0.01975071430206299,-0.18754073977470398,-0.017145352528643798,0.0030945539474487305,-0.10466122627258301,-0.001772405088161122,0.0024155378341674805,-0.14820998907089233,-0.004288108178627681,0.002467215061187744,-0.17437955737113953,-0.008028400221121501,0.002790689468383789,-0.1946876347064972,-0.01110409116114397,0.020600438117980957,-0.09746938943862915,-0.004922203344506215,0.02359163761138916,-0.13550734519958496,-0.00783109115178604,0.025072991847991943,-0.15836018323898315,-0.009769814179492187,0.025639891624450684,-0.1767248511314392,-0.011557004505050372,0.03737151622772217,-0.08335268497467041,-0.009499124341857623,0.04581695795059204,-0.10877788066864014,-0.01146251344795246,0.0505865216255188,-0.1254623532295227,-0.011051419281614017,0.05472445487976074,-0.14018380641937256,-0.010884516031694602
1,0.0,0.0,0.0,-0.025798678398132324,-0.023057401180267334,-0.008536095432319257,-0.04567140340805054,-0.05550187826156616,-0.012059907130279157,-0.060958921909332275,-0.08161574602127075,-0.015618410594143484,-0.07474249601364136,-0.09721952676773071,-0.01892567861763439,-0.014189362525939941,-0.10410654544830322,-0.0008087064994839466,-0.018537163734436035,-0.14430487155914307,-0.006562906950094316,-0.02051377296447754,-0.16832000017166138,-0.012791028878964994,-0.020573139190673828,-0.18812015652656555,-0.017433180175103757,0.0029439330101013184,-0.10513961315155029,-0.002183030526467178,0.0023803114891052246,-0.14883530139923096,-0.0048589288995941615,0.002446293830871582,-0.1752116084098816,-0.008650540075578306,0.0028586983680725098,-0.19527655839920044,-0.011736417821921918,0.02018105983734131,-0.09813070297241211,-0.005593289788194511,0.023830413818359375,-0.13699012994766235,-0.008653445802011106,0.025751233100891113,-0.1591705083847046,-0.010720342099048707,0.026557505130767822,-0.17669662833213806,-0.012563879303016279,0.03671455383300781,-0.08420121669769287,-0.0104128221788784,0.04610037803649902,-0.10955685377120972,-0.012709151654817674,0.05113738775253296,-0.12618541717529297,-0.012642820067085836,0.055418968200683594,-0.14056402444839478,-0.01266088865635595
1,0.0,0.0,0.0,-0.025073707103729248,-0.022042691707611084,-0.0088629488469536,-0.04493921995162964,-0.054523587226867676,-0.01235081708146879,-0.059895455837249756,-0.08078193664550781,-0.015754718203979223,-0.07383495569229126,-0.09619796276092529,-0.01882755370898792,-0.01368725299835205,-0.10453754663467407,-0.0010142226106921726,-0.017766177654266357,-0.1447385549545288,-0.006479804740237682,-0.019383132457733154,-0.16861528158187866,-0.012396572028237074,-0.019084453582763672,-0.18821877241134644,-0.016848232467609137,0.003361821174621582,-0.1057429313659668,-0.0022128339493150406,0.0028200745582580566,-0.14956146478652954,-0.004676214755463093,0.0032348036766052246,-0.17549514770507812,-0.008091452402013033,0.004124164581298828,-0.19493740797042847,-0.010891528670626371,0.020492851734161377,-0.09878110885620117,-0.005490331781047075,0.024517595767974854,-0.13765406608581543,-0.008599792477625101,0.026703596115112305,-0.15962636470794678,-0.010534428861873835,0.02791804075241089,-0.1771252453327179,-0.01225860869600126,0.03699350357055664,-0.08488166332244873,-0.010200046804683893,0.04668927192687988,-0.11029231548309326,-0.012662972194092958,0.05203205347061157,-0.12673044204711914,-0.01264813529415676,0.05661499500274658,-0.14116114377975464,-0.01269251560880491
1,0.0,0.0,0.0,-0.024681806564331055,-0.02231067419052124,-0.008382906528424883,-0.04411423206329346,-0.05448514223098755,-0.011907944778215551,-0.05909913778305054,-0.08002746105194092,-0.015526190722596311,-0.072795569896698,-0.09517019987106323,-0.01888371104956832,-0.011964797973632812,-0.10462212562561035,-0.0007695184054341553,-0.01556020975112915,-0.14452910423278809,-0.006297373535346651,-0.016808390617370605,-0.1683206558227539,-0.012357815491270685,-0.01607358455657959,-0.1878310739994049,-0.016932361150395536,0.004724979400634766,-0.10548573732376099,-0.0022941984666999815,0.004456937313079834,-0.14907532930374146,-0.00485026216716733,0.005058646202087402,-0.17512303590774536,-0.00830291150720086,0.005935728549957275,-0.19502374529838562,-0.011150258915733957,0.021683454513549805,-0.09853458404541016,-0.005877901656788254,0.025750696659088135,-0.13780111074447632,-0.009069254013013506,0.02824801206588745,-0.15980392694473267,-0.010968454504620695,0.02968728542327881,-0.17754676938056946,-0.012685447322439813,0.03799629211425781,-0.08461833000183105,-0.010878841715168619,0.04792886972427368,-0.11003321409225464,-0.013433638351273203,0.05374598503112793,-0.12642496824264526,-0.013462409699570799,0.05876195430755615,-0.1408572793006897,-0.013565904783320093
1,0.0,0.0,0.0,-0.02472400665283203,-0.022227823734283447,-0.00770200665307641,-0.04350501298904419,-0.05565834045410156,-0.01028069171321988,-0.0565875768661499,-0.08162373304367065,-0.012967817179983854,-0.06939291954040527,-0.09636527299880981,-0.01535832106334567,-0.012443125247955322,-0.10497713088989258,0.00019385413882844205,-0.01610797643661499,-0.14550459384918213,-0.0049518576563656325,-0.016917109489440918,-0.16920828819274902,-0.010662271335846185,-0.015697360038757324,-0.1885962188243866,-0.014890457198148965,0.004519283771514893,-0.1057356595993042,-0.001354805004908144,0.004604518413543701,-0.15009742975234985,-0.003586580438664555,0.005705296993255615,-0.17671310901641846,-0.006888473101085424,0.007065832614898682,-0.19680488109588623,-0.009531153991943597,0.02169698476791382,-0.09852606058120728,-0.004909012626981735,0.02602308988571167,-0.13832694292068481,-0.00777322069940567,0.02863287925720215,-0.1607934832572937,-0.009764929928010702,0.030293524265289307,-0.1787041425704956,-0.0114637442604959,0.03836774826049805,-0.08446049690246582,-0.009803904846435785,0.048596739768981934,-0.11026912927627563,-0.012004385396963357,0.05451995134353638,-0.12706810235977173,-0.012004203789061307,0.05972325801849365,-0.14178603887557983,-0.012061507135754823
1,0.0,0.0,0.0,-0.023861348628997803,-0.022610068321228027,-0.007359001065495363,-0.04200178384780884,-0.056081175804138184,-0.010066350201967111,-0.054846763610839844,-0.08252221345901489,-0.013015342156293741,-0.06772547960281372,-0.09784209728240967,-0.015853017779889456,-0.011729180812835693,-0.10512346029281616,5.410904093139379e-05,-0.014477968215942383,-0.1459004282951355,-0.005272328599247089,-0.015076041221618652,-0.17016899585723877,-0.011219524058404318,-0.013880789279937744,-0.19024208188056946,-0.01584961472720181,0.004923582077026367,-0.105701744556427,-0.002079290549161783,0.005382239818572998,-0.15028011798858643,-0.00490310110792791,0.006221294403076172,-0.1769905686378479,-0.008917939129176489,0.0070035457611083984,-0.19774937629699707,-0.012289809274378172,0.02180790901184082,-0.09841948747634888,-0.006158561191412559,0.026813626289367676,-0.13903939723968506,-0.009866421322229257,0.029551684856414795,-0.16225934028625488,-0.01269377323508536,0.030958950519561768,-0.18130460381507874,-0.01515368300199782,0.038129329681396484,-0.08422064781188965,-0.011486876967254034,0.04890620708465576,-0.11059451103210449,-0.014738450038137785,0.05542147159576416,-0.1281183958053589,-0.015592819291057936,0.0609624981880188,-0.14400792121887207,-0.016427232163849226
1,0.0,0.0,0.0,-0.023519158363342285,-0.022666335105895996,-0.007112840187758707,-0.04139435291290283,-0.05705225467681885,-0.00966648664048364,-0.053561508655548096,-0.08378583192825317,-0.012443565760761999,-0.06613850593566895,-0.09887343645095825,-0.015114921142370008,-0.01070106029510498,-0.10588490962982178,-0.00018872585219753546,-0.013838589191436768,-0.14674067497253418,-0.005580476482421659,-0.014528989791870117,-0.1708638072013855,-0.011494356204778455,-0.013158202171325684,-0.1907978653907776,-0.01609572581669738,0.00585019588470459,-0.1062590479850769,-0.0024146554032569156,0.005587458610534668,-0.15095829963684082,-0.005339134947419666,0.006493508815765381,-0.17784231901168823,-0.009360668246657156,0.007603585720062256,-0.19890859723091125,-0.012719955292553209,0.022713780403137207,-0.09883236885070801,-0.0065475688288216816,0.027554333209991455,-0.1393287181854248,-0.010466569100529455,0.030719518661499023,-0.1628727912902832,-0.013506680724233888,0.03254663944244385,-0.1824159026145935,-0.016063183543295168,0.039165496826171875,-0.08453643321990967,-0.011878074144036077,0.04963803291320801,-0.11086905002593994,-0.015337595713347696,0.05595827102661133,-0.12836265563964844,-0.016384379935473703,0.06126248836517334,-0.14447027444839478,-0.01734118722102096
1,0.0,0.0,0.0,-0.02332150936126709,-0.02274388074874878,-0.00670887722199609,-0.040701210498809814,-0.05742925405502319,-0.009098413461202881,-0.051901400089263916,-0.08467757701873779,-0.011721356832737229,-0.06425273418426514,-0.09941387176513672,-0.014333287314826748,-0.00955820083618164,-0.10691243410110474,-0.00012168657386268933,-0.012059211730957031,-0.14790982007980347,-0.005186487981433174,-0.012825489044189453,-0.17210733890533447,-0.010992271886522076,-0.011977732181549072,-0.19194239377975464,-0.015564790987724564,0.007124602794647217,-0.10694605112075806,-0.0024178368647937987,0.007765769958496094,-0.15187662839889526,-0.004986502291018269,0.008689641952514648,-0.17848724126815796,-0.008996408493572972,0.009479224681854248,-0.19916272163391113,-0.012439216547960541,0.023818135261535645,-0.09929877519607544,-0.006508727153146765,0.029122531414031982,-0.14031141996383667,-0.00996286148702552,0.03226304054260254,-0.16475313901901245,-0.013147546039277813,0.03386688232421875,-0.18482500314712524,-0.015963630811626217,0.03997659683227539,-0.08477252721786499,-0.011740732067579529,0.05073726177215576,-0.11135983467102051,-0.014868673929328224,0.05709195137023926,-0.12922358512878418,-0.015944436253363392,0.06230497360229492,-0.14531826972961426,-0.016999810994917652
1,0.0,0.0,0.0,-0.02393639087677002,-0.022317826747894287,-0.006079741889891466,-0.041507065296173096,-0.05738276243209839,-0.007979921667185863,-0.05222451686859131,-0.08535975217819214,-0.01021622554054602,-0.06396996974945068,-0.10041117668151855,-0.01246978030195578,-0.010367631912231445,-0.10690951347351074,0.000781015880590985,-0.012727856636047363,-0.14851194620132446,-0.003649913376477798,-0.013300716876983643,-0.17284917831420898,-0.009004423996714195,-0.012292087078094482,-0.1929835081100464,-0.013321230789927085,0.006387174129486084,-0.10701382160186768,-0.0017850857892085514,0.007031917572021484,-0.15256929397583008,-0.0038962023298267923,0.008097410202026367,-0.1795329451560974,-0.0076680659747694335,0.008983016014099121,-0.2004389762878418,-0.011013749657479366,0.023066401481628418,-0.09954887628555298,-0.0061322046875034175,0.02777886390686035,-0.14027804136276245,-0.009191438226309856,0.030668795108795166,-0.16504782438278198,-0.012481741277781566,0.03221702575683594,-0.18543583154678345,-0.015497235251871189,0.03944879770278931,-0.08561444282531738,-0.011599428622332653,0.050136566162109375,-0.112937331199646,-0.014456030583289703,0.056879281997680664,-0.13084876537322998,-0.015643091542926868,0.06262367963790894,-0.14696508646011353,-0.01689518023869141
1,0.0,0.0,0.0,-0.023527920246124268,-0.02344721555709839,-0.006023677387432258,-0.040600478649139404,-0.058424174785614014,-0.008314833366469543,-0.0514981746673584,-0.08584922552108765,-0.010962804169551532,-0.06329375505447388,-0.10110950469970703,-0.0136825790118138,-0.009447157382965088,-0.1079515814781189,-0.00026967597791838216,-0.011402666568756104,-0.1496642827987671,-0.00546273574714462,-0.012017548084259033,-0.17426306009292603,-0.011267326162354152,-0.01116180419921875,-0.19453686475753784,-0.015857447260216873,0.0070989131927490234,-0.10781991481781006,-0.0031018928579698013,0.00830620527267456,-0.1536903977394104,-0.0058999418701688455,0.009376108646392822,-0.1808638572692871,-0.01000774125118653,0.010073363780975342,-0.20212310552597046,-0.01355668096353213,0.023702502250671387,-0.09998822212219238,-0.007645377279416721,0.029237210750579834,-0.14153814315795898,-0.011301584863261382,0.032580435276031494,-0.16640126705169678,-0.01467858938981692,0.03430110216140747,-0.18692412972450256,-0.017701024511055152,0.03973668813705444,-0.08538448810577393,-0.01325846868117253,0.05071461200714111,-0.1130063533782959,-0.01675094323714177,0.05766338109970093,-0.13125741481781006,-0.018074784749344985,0.06342989206314087,-0.1477639079093933,-0.01933599481840531
1,0.0,0.0,0.0,-0.0234261155128479,-0.02300286293029785,-0.0061314491622539435,-0.04095029830932617,-0.05812960863113403,-0.00830457676876506,-0.05198317766189575,-0.08579850196838379,-0.010762441351303664,-0.06381881237030029,-0.10132038593292236,-0.01325396951962432,-0.010316073894500732,-0.10851329565048218,-5.503224112146654e-05,-0.012558937072753906,-0.15039974451065063,-0.004933154589721767,-0.013143599033355713,-0.17507636547088623,-0.010554273060748187,-0.012093305587768555,-0.19547709822654724,-0.015046218789407817,0.006400763988494873,-0.108551025390625,-0.002839889058137146,0.007183730602264404,-0.15458530187606812,-0.0053961052626760875,0.008474171161651611,-0.18182146549224854,-0.009455088905284015,0.009635210037231445,-0.20328304171562195,-0.013022409199962226,0.022945404052734375,-0.10093969106674194,-0.007365255064556209,0.028308987617492676,-0.14194655418395996,-0.01080489755351266,0.03179299831390381,-0.16701233386993408,-0.01432341840792617,0.033727943897247314,-0.18802160024642944,-0.017528084486016837,0.03888833522796631,-0.08681470155715942,-0.012975192076751796,0.04963582754135132,-0.11445832252502441,-0.016168558418044654,0.05666482448577881,-0.13250619173049927,-0.017420090182909576,0.06257164478302002,-0.1489468216896057,-0.018729894801268188
1,0.0,0.0,0.0,-0.023631393909454346,-0.02350747585296631,-0.006132660750424179,-0.040766000747680664,-0.05791425704956055,-0.008575726151590857,-0.0516359806060791,-0.08564293384552002,-0.011379347965245756,-0.06363654136657715,-0.10090219974517822,-0.014274214245503458,-0.00994783639907837,-0.1073448657989502,-0.0006282481738679735,-0.01208573579788208,-0.14913660287857056,-0.006016724594061884,-0.012873649597167969,-0.17391139268875122,-0.011941827684765371,-0.01194310188293457,-0.19453376531600952,-0.016593469157939467,0.006845533847808838,-0.10766822099685669,-0.0034953042307250826,0.008164584636688232,-0.15412873029708862,-0.006398341003929886,0.009530365467071533,-0.1815914511680603,-0.010541292689865145,0.010742366313934326,-0.20294320583343506,-0.014135154746597323,0.023462116718292236,-0.10010707378387451,-0.008054836504285845,0.029292523860931396,-0.14155972003936768,-0.011587905548637423,0.03300851583480835,-0.16608071327209473,-0.014714578017716917,0.03516054153442383,-0.18607789278030396,-0.017615020126228842,0.03934210538864136,-0.08588993549346924,-0.013725803084795984,0.05046224594116211,-0.11341512203216553,-0.016956755742555174,0.05750471353530884,-0.13141149282455444,-0.01795282945049337,0.06347113847732544,-0.14742213487625122,-0.019007924795275244
1,0.0,0.0,0.0,-0.023529410362243652,-0.02328932285308838,-0.006153172261562645,-0.040698111057281494,-0.057717859745025635,-0.008534729394611418,-0.05125194787979126,-0.08513224124908447,-0.011276211503442823,-0.06326377391815186,-0.1001710295677185,-0.014102253976759016,-0.009982943534851074,-0.10756957530975342,-0.00018099247363068116,-0.011915326118469238,-0.14916515350341797,-0.005301854952719509,-0.012326657772064209,-0.17371511459350586,-0.011081285688575804,-0.011227905750274658,-0.1940285563468933,-0.015657425771948397,0.006905734539031982,-0.10772526264190674,-0.003000244644951522,0.008157968521118164,-0.1537562608718872,-0.005918113894310295,0.009351789951324463,-0.1809212565422058,-0.01023919033586651,0.010354220867156982,-0.20242086052894592,-0.013945858839448988,0.023576676845550537,-0.10016995668411255,-0.007517336781617701,0.029324471950531006,-0.14165639877319336,-0.011159828777906,0.03259778022766113,-0.16601741313934326,-0.014582052740749418,0.03430658578872681,-0.18621554970741272,-0.017675616692301332,0.039652228355407715,-0.08593165874481201,-0.013115642506178915,0.05062556266784668,-0.1133313775062561,-0.016327637161609232,0.05762326717376709,-0.13122159242630005,-0.017444771628376543,0.06357526779174805,-0.14737755060195923,-0.018627761777040064
1,0.0,0.0,0.0,-0.023899734020233154,-0.02327883243560791,-0.005717097716214425,-0.041482746601104736,-0.05847805738449097,-0.0077886357249639104,-0.05243241786956787,-0.08625572919845581,-0.010245545236202247,-0.06447345018386841,-0.10141587257385254,-0.012800409858854778,-0.010463714599609375,-0.10826677083969116,7.324891512894283e-06,-0.012826144695281982,-0.15027278661727905,-0.004821794973494775,-0.013429462909698486,-0.17494606971740723,-0.010363293280633457,-0.012545406818389893,-0.1953372061252594,-0.01480497366729594,0.006276845932006836,-0.10833710432052612,-0.002951268274145491,0.007283806800842285,-0.15463632345199585,-0.0054420856105110715,0.008310556411743164,-0.18203896284103394,-0.009487996278139121,0.009159684181213379,-0.20356521010398865,-0.013055572686525352,0.02299576997756958,-0.10055333375930786,-0.007561433063628442,0.028297007083892822,-0.1423167586326599,-0.010866294083925254,0.0315624475479126,-0.1673542857170105,-0.014281576899620063,0.03330796957015991,-0.18807655572891235,-0.017454874170752532,0.03921753168106079,-0.08603733777999878,-0.013211617646547325,0.05021083354949951,-0.11361628770828247,-0.016268080500694282,0.057181715965270996,-0.13192659616470337,-0.017436540154548652,0.06306695938110352,-0.14853781461715698,-0.018709164513083465
1,0.0,0.0,0.0,-0.024359285831451416,-0.02330458164215088,-0.005859708782963935,-0.04202026128768921,-0.05852246284484863,-0.007986397851937,-0.05335593223571777,-0.0864071249961853,-0.010580999214880649,-0.06596827507019043,-0.10153371095657349,-0.013257870820098105,-0.01141500473022461,-0.10819500684738159,0.00043888344384868105,-0.013624489307403564,-0.15005958080291748,-0.004642195437781993,-0.01416844129562378,-0.1747707724571228,-0.0103708229928543,-0.013101160526275635,-0.19510650634765625,-0.014911873635583106,0.005470454692840576,-0.10841095447540283,-0.002426376237281147,0.0064147114753723145,-0.15445959568023682,-0.005133350283585969,0.007542610168457031,-0.18159234523773193,-0.00918545797162551,0.008365929126739502,-0.202764093875885,-0.01267209127240676,0.0224912166595459,-0.10078763961791992,-0.007015726898544017,0.027550816535949707,-0.14212483167648315,-0.010424934697084609,0.030511081218719482,-0.16636180877685547,-0.013505558852784816,0.03193032741546631,-0.18633237481117249,-0.0163468824669053,0.03907555341720581,-0.08632528781890869,-0.01270394250445861,0.049897193908691406,-0.11335986852645874,-0.015738766078584376,0.05648404359817505,-0.13129383325576782,-0.016711186055772487,0.0619354248046875,-0.14748793840408325,-0.017770219032399837
1,0.0,0.0,0.0,-0.02360290288925171,-0.02324444055557251,-0.007077446887436167,-0.041298747062683105,-0.058281540870666504,-0.010002302685919062,-0.05327653884887695,-0.08610951900482178,-0.013237113813104884,-0.0664815902709961,-0.10089117288589478,-0.016413781540634886,-0.011289060115814209,-0.10766428709030151,-0.0003723095394008169,-0.01480954885482788,-0.148931622505188,-0.00635522066632177,-0.0156630277633667,-0.1733487844467163,-0.012707346799018637,-0.014365911483764648,-0.1934031844139099,-0.01743204494023587,0.005496978759765625,-0.10800540447235107,-0.002702941866758124,0.0053484439849853516,-0.15359723567962646,-0.0059018621502247015,0.005870521068572998,-0.18066632747650146,-0.01001146503740813,0.006646215915679932,-0.20199403166770935,-0.013318579392674224,0.022588253021240234,-0.10058867931365967,-0.006894425237717883,0.026994407176971436,-0.14181673526763916,-0.010368340397420184,0.029182016849517822,-0.16567069292068481,-0.01273846414888169,0.03021097183227539,-0.18509387969970703,-0.014871003786268489,0.03917437791824341,-0.08598005771636963,-0.01236903269791867,0.049310505390167236,-0.11286026239395142,-0.01490793445164229,0.055508971214294434,-0.13073813915252686,-0.015071490528228537,0.0607869029045105,-0.14669644832611084,-0.015408707531335608
1,0.0,0.0,0.0,-0.02419215440750122,-0.02284032106399536,-0.0071202031991930426,-0.042125701904296875,-0.05759084224700928,-0.010080507928833526,-0.05398327112197876,-0.08579623699188232,-0.013262812020585102,-0.06697338819503784,-0.10115492343902588,-0.01642329988102631,-0.012277543544769287,-0.10757231712341309,-0.0008710701673777521,-0.01567995548248291,-0.149549663066864,-0.006482957834705871,-0.016810357570648193,-0.17424112558364868,-0.0125408097825499,-0.016049683094024658,-0.1945858895778656,-0.01719713953356461,0.00481945276260376,-0.10799163579940796,-0.003210838390842241,0.005167186260223389,-0.1537184715270996,-0.0062826811059863985,0.005832314491271973,-0.18115800619125366,-0.010536400573656124,0.006492912769317627,-0.20246481895446777,-0.014107659431502384,0.02190375328063965,-0.10043865442276001,-0.0073434286474736155,0.026669800281524658,-0.14144974946975708,-0.010846994789645237,0.029127418994903564,-0.16549062728881836,-0.013830108540460628,0.030236542224884033,-0.18514102697372437,-0.016583017977282566,0.03853404521942139,-0.08581137657165527,-0.012684697257682842,0.04917937517166138,-0.11254715919494629,-0.01551734932731108,0.0554848313331604,-0.13048160076141357,-0.016253121169611973,0.060764431953430176,-0.14668172597885132,-0.017133111106559795
1,0.0,0.0,0.0,-0.024026334285736084,-0.022853612899780273,-0.007177466134351107,-0.041629254817962646,-0.058593034744262695,-0.009842666405063483,-0.053048908710479736,-0.08738082647323608,-0.012728091868382307,-0.06634974479675293,-0.1024327278137207,-0.015620636361461493,-0.011966824531555176,-0.10845834016799927,-0.0005273535068113233,-0.014713108539581299,-0.15003424882888794,-0.005945140569281193,-0.015652716159820557,-0.17486906051635742,-0.011863993088525149,-0.01506507396697998,-0.19547569751739502,-0.016507040316980692,0.005127906799316406,-0.10865163803100586,-0.0028381432209130253,0.006119906902313232,-0.15438175201416016,-0.0060238061275299515,0.006835639476776123,-0.18164634704589844,-0.010368876698237273,0.007266819477081299,-0.20301604270935059,-0.013987051862102362,0.022134363651275635,-0.10116761922836304,-0.006960117797177645,0.02689981460571289,-0.1424928903579712,-0.010793842914324614,0.029210269451141357,-0.16683834791183472,-0.014042451585453364,0.030131161212921143,-0.18669408559799194,-0.01690268291048369,0.03850829601287842,-0.08689755201339722,-0.012277510556202742,0.049341559410095215,-0.11408710479736328,-0.01548113541565499,0.05607086420059204,-0.13219350576400757,-0.016540888304632517,0.06183481216430664,-0.14831656217575073,-0.01762522531561217
1,0.0,0.0,0.0,-0.02367311716079712,-0.022927939891815186,-0.007416108399098675,-0.041634440422058105,-0.05826693773269653,-0.010166188943600218,-0.053689002990722656,-0.08632153272628784,-0.013109342436706584,-0.06695002317428589,-0.10127347707748413,-0.015993886868869822,-0.01161050796508789,-0.10807645320892334,-0.0004939948063622523,-0.01473081111907959,-0.14967072010040283,-0.005877155586546223,-0.015979230403900146,-0.17434078454971313,-0.01172896219364361,-0.015526294708251953,-0.1945537030696869,-0.016218093465482752,0.005418837070465088,-0.10832405090332031,-0.0025724645326192785,0.005846500396728516,-0.15384608507156372,-0.0053940920712705065,0.0065642595291137695,-0.180855393409729,-0.009162090960359137,0.00707244873046875,-0.20139557123184204,-0.012303009870862525,0.022472679615020752,-0.10096621513366699,-0.006559599898224633,0.027128279209136963,-0.14190375804901123,-0.010050571765219729,0.029516875743865967,-0.1657654047012329,-0.012635231259679358,0.03044956922531128,-0.1848897933959961,-0.014944715666985076,0.038915157318115234,-0.08673131465911865,-0.011818225737130206,0.049616873264312744,-0.11366623640060425,-0.014679881985699694,0.056094348430633545,-0.13154470920562744,-0.015282660964345496,0.06148552894592285,-0.14740318059921265,-0.01595022274128155
1,0.0,0.0,0.0,-0.0236092209815979,-0.023136496543884277,-0.007509123739637857,-0.0415043830871582,-0.05853670835494995,-0.01041471187103582,-0.053873419761657715,-0.0866156816482544,-0.013495765366442924,-0.0668904185295105,-0.10159677267074585,-0.01645126167763067,-0.0121346116065979,-0.10855323076248169,-0.00047402066606139215,-0.014919042587280273,-0.1501777172088623,-0.006032298524715429,-0.015716612339019775,-0.17491573095321655,-0.012125977055021053,-0.014668405055999756,-0.19523349404335022,-0.016780130305178886,0.004839897155761719,-0.10888952016830444,-0.0025356556017328558,0.005309760570526123,-0.15432697534561157,-0.005338642486222511,0.0061560869216918945,-0.1813095211982727,-0.009222994298525578,0.006905972957611084,-0.20218464732170105,-0.012468209230192429,0.021988749504089355,-0.10139501094818115,-0.006504663937576538,0.026659607887268066,-0.14280933141708374,-0.009756757617779499,0.029199540615081787,-0.16651320457458496,-0.012198920101710087,0.03040701150894165,-0.18574893474578857,-0.014467559494860893,0.0385279655456543,-0.08694350719451904,-0.011782711111791855,0.04878997802734375,-0.1140870451927185,-0.01434673342932058,0.05514109134674072,-0.13189560174942017,-0.01470802698362661,0.06069117784500122,-0.14771497249603271,-0.015225453973599201
1,0.0,0.0,0.0,-0.023558437824249268,-0.02305501699447632,-0.007162067529705496,-0.04150623083114624,-0.05865401029586792,-0.00994033036097619,-0.05354142189025879,-0.08690619468688965,-0.012937159699347944,-0.06705796718597412,-0.10206353664398193,-0.015882105988410444,-0.011863350868225098,-0.10809892416000366,-0.000784654417500974,-0.014524698257446289,-0.14981132745742798,-0.006314943035093279,-0.015504181385040283,-0.17458301782608032,-0.0122170154498491,-0.01485133171081543,-0.19498786330223083,-0.0167950777830157,0.005086243152618408,-0.10865676403045654,-0.00311403391226861,0.0057111382484436035,-0.1544545292854309,-0.006189061750617952,0.006699740886688232,-0.1814824342727661,-0.010236896996346445,0.007534801959991455,-0.2024523913860321,-0.013590212401894064,0.02224898338317871,-0.10124677419662476,-0.007248621390161247,0.02680671215057373,-0.14239490032196045,-0.010921583932784529,0.029587149620056152,-0.16592615842819214,-0.013525925998536081,0.03093266487121582,-0.18509089946746826,-0.01587329753949973,0.03899115324020386,-0.086891770362854,-0.012606478718069525,0.04917353391647339,-0.1140291690826416,-0.015535861675587626,0.05551248788833618,-0.13176214694976807,-0.015993099150207968,0.060807764530181885,-0.1475837230682373,-0.01657748171403739
1,0.0,0.0,0.0,-0.02376037836074829,-0.02312260866165161,-0.007360828339656678,-0.041537702083587646,-0.05749160051345825,-0.010394608832498875,-0.05360990762710571,-0.08545863628387451,-0.01360444002558836,-0.06675159931182861,-0.10155844688415527,-0.01673284289201149,-0.01198798418045044,-0.10782736539840698,-0.0006196062872874109,-0.015084028244018555,-0.1495763063430786,-0.006155812877764788,-0.01636260747909546,-0.17442715167999268,-0.012225460491677609,-0.015757620334625244,-0.19498804211616516,-0.016913003518780556,0.004976153373718262,-0.10829776525497437,-0.0027962240833545593,0.005162835121154785,-0.1539933681488037,-0.005590063284685698,0.006047546863555908,-0.18107104301452637,-0.009604708522161332,0.0068770647048950195,-0.20204433798789978,-0.013026575788458672,0.022135674953460693,-0.10079950094223022,-0.006841360821923104,0.026438772678375244,-0.14194566011428833,-0.010179743401309338,0.02935248613357544,-0.1660565733909607,-0.012838769934674588,0.0308191180229187,-0.18585658073425293,-0.01534396805574545,0.038988590240478516,-0.08653056621551514,-0.012145791433354702,0.04903388023376465,-0.11358970403671265,-0.014863829359015313,0.05533498525619507,-0.1314077377319336,-0.01535424892564663,0.06076395511627197,-0.14747267961502075,-0.016008979871472206
1,0.0,0.0,0.0,-0.023924529552459717,-0.02326303720474243,-0.006599677253873892,-0.04155004024505615,-0.05817067623138428,-0.009109815109880515,-0.053276002407073975,-0.08602452278137207,-0.011906710911901541,-0.06630074977874756,-0.1015852689743042,-0.014770672183843203,-0.011435270309448242,-0.10696840286254883,-0.0003847726549821573,-0.014717340469360352,-0.14901018142700195,-0.005639527451606341,-0.01600515842437744,-0.17412132024765015,-0.01136086088827426,-0.01563262939453125,-0.1946822702884674,-0.015843773719282694,0.005378127098083496,-0.10729926824569702,-0.0030056263714897113,0.0061379075050354,-0.15360045433044434,-0.005980571259172507,0.007095634937286377,-0.18123823404312134,-0.010178205084415026,0.007977604866027832,-0.2027713656425476,-0.013693405773850031,0.022100746631622314,-0.09983772039413452,-0.007381230119975157,0.026766538619995117,-0.14179253578186035,-0.011183453251035758,0.029857754707336426,-0.1663302779197693,-0.01435856101325328,0.03157246112823486,-0.18653157353401184,-0.017164802637310572,0.038319289684295654,-0.08572614192962646,-0.012855722096176692,0.04853326082229614,-0.11320608854293823,-0.01606239610573823,0.055229365825653076,-0.13115239143371582,-0.016854463603706904,0.06095188856124878,-0.14737623929977417,-0.01773928896746213
1,0.0,0.0,0.0,-0.02394568920135498,-0.023531198501586914,-0.006357812902209048,-0.04173809289932251,-0.058356404304504395,-0.00884188350501347,-0.053193628787994385,-0.08615601062774658,-0.011649043413129334,-0.06566989421844482,-0.10157012939453125,-0.014526084179308896,-0.011620044708251953,-0.1075056791305542,-0.0004869391534185752,-0.01439964771270752,-0.1493816375732422,-0.0058496223038702055,-0.015686392784118652,-0.17446523904800415,-0.011779119374480729,-0.015520632266998291,-0.19505184888839722,-0.016460048148658757,0.005197644233703613,-0.10813063383102417,-0.0032241196579008147,0.006456196308135986,-0.15456843376159668,-0.006209694428619628,0.007630705833435059,-0.18207979202270508,-0.010506174640980248,0.008561968803405762,-0.20320910215377808,-0.014160390125837807,0.02201026678085327,-0.1007266640663147,-0.007670522781339173,0.027388334274291992,-0.1425091028213501,-0.011239563228812699,0.030695617198944092,-0.1672472357749939,-0.014536332452919964,0.03249764442443848,-0.18737533688545227,-0.01755518850150395,0.03826904296875,-0.08631318807601929,-0.013226978594687466,0.0491829514503479,-0.11356180906295776,-0.016374286378052716,0.05575251579284668,-0.13178938627243042,-0.01740191702010918,0.06117671728134155,-0.14804989099502563,-0.01850060198667336
1,0.0,0.0,0.0,-0.023806512355804443,-0.0236358642578125,-0.007001021691493747,-0.04140430688858032,-0.05853062868118286,-0.009801296331815479,-0.052927494049072266,-0.08662813901901245,-0.012827017159096954,-0.0657925009727478,-0.10213762521743774,-0.015861304291419742,-0.011955201625823975,-0.10813862085342407,-0.0008241595242992616,-0.014879226684570312,-0.15035903453826904,-0.00635255388998246,-0.01581394672393799,-0.17533528804779053,-0.012309889123670814,-0.015205919742584229,-0.19588631391525269,-0.016944378428988216,0.005107760429382324,-0.10871827602386475,-0.003299136460654495,0.006169497966766357,-0.15518403053283691,-0.006441510097019432,0.007256805896759033,-0.1824967861175537,-0.01071087531828141,0.00801628828048706,-0.2034432291984558,-0.014283295535378215,0.022031426429748535,-0.10130614042282104,-0.007560194284550903,0.027644336223602295,-0.1428210735321045,-0.011286507175199745,0.030680716037750244,-0.16732782125473022,-0.014508284442953823,0.032105445861816406,-0.1873214840888977,-0.017401123233966587,0.03822273015975952,-0.08687913417816162,-0.012988254242472408,0.04927557706832886,-0.11402809619903564,-0.016160029732517955,0.05594223737716675,-0.1323108673095703,-0.017139961757592914,0.06144744157791138,-0.1488005518913269,-0.01817686464720225
1,0.0,0.0,0.0,-0.023353397846221924,-0.023427128791809082,-0.00605921800254805,-0.0407368540763855,-0.05793023109436035,-0.008626485513588023,-0.052022695541381836,-0.08542025089263916,-0.011605614135106634,-0.0647730827331543,-0.10073024034500122,-0.014746689507802557,-0.010958492755889893,-0.10761868953704834,-0.0004778350785556995,-0.013651907444000244,-0.14979547262191772,-0.005825588749786448,-0.014585137367248535,-0.17502844333648682,-0.011615200238367152,-0.014042139053344727,-0.19574621319770813,-0.016179992156168055,0.006057381629943848,-0.10779803991317749,-0.0035137634631894343,0.007406115531921387,-0.1544319987297058,-0.0066485747602484935,0.008581995964050293,-0.18199622631072998,-0.010999238388677668,0.009416043758392334,-0.2033478021621704,-0.014695543134649824,0.02289336919784546,-0.10035818815231323,-0.008214101465483736,0.028258681297302246,-0.14203238487243652,-0.011953943679174017,0.0312272310256958,-0.1669577956199646,-0.015227315286239218,0.03252840042114258,-0.18730121850967407,-0.01822003376676662,0.03906047344207764,-0.08605355024337769,-0.013975729504664969,0.04978841543197632,-0.11350685358047485,-0.01712396581663711,0.05640816688537598,-0.13191521167755127,-0.01803866987123115,0.06170535087585449,-0.14848971366882324,-0.019098993660946917
1,0.0,0.0,0.0,-0.02371150255203247,-0.023049890995025635,-0.0067269361199322475,-0.041407763957977295,-0.05784571170806885,-0.009535849242794825,-0.05285990238189697,-0.0856773853302002,-0.012607181593168093,-0.06568437814712524,-0.10062181949615479,-0.015795818678427054,-0.011651217937469482,-0.10770601034164429,-0.0008233017025958134,-0.014626026153564453,-0.1495562195777893,-0.006171483229238106,-0.015647292137145996,-0.17457741498947144,-0.012076372429120852,-0.014998435974121094,-0.1950613260269165,-0.01675483319847615,0.005535721778869629,-0.10813635587692261,-0.003540004751968695,0.006524085998535156,-0.15436851978302002,-0.006713732759791924,0.0076912641525268555,-0.18179666996002197,-0.01119059152840407,0.008614718914031982,-0.2031175196170807,-0.014983763135361983,0.022617459297180176,-0.10075312852859497,-0.007985278181124045,0.02741485834121704,-0.14237117767333984,-0.011809258870172812,0.030275940895080566,-0.16726833581924438,-0.015297237000751807,0.03172081708908081,-0.1879359483718872,-0.018422586060452772,0.03909271955490112,-0.08653974533081055,-0.013538597300041033,0.04924142360687256,-0.11498260498046875,-0.01672011908082993,0.05580252408981323,-0.13341468572616577,-0.017694949320841147,0.06130105257034302,-0.15007895231246948,-0.018812582976508452
1,0.0,0.0,0.0,-0.024137496948242188,-0.023708343505859375,-0.006535598184512992,-0.042663395404815674,-0.057868897914886475,-0.009540563091235299,-0.0540507435798645,-0.0853966474533081,-0.012936946577923436,-0.06693840026855469,-0.10093069076538086,-0.016511373795168538,-0.014062285423278809,-0.10640460252761841,-0.0008552569691744338,-0.017904460430145264,-0.14760076999664307,-0.006879337239610095,-0.018894731998443604,-0.17250388860702515,-0.013219955019252438,-0.017987966537475586,-0.19310423731803894,-0.018166816435353894,0.002872645854949951,-0.10702216625213623,-0.004006144232647557,0.002871572971343994,-0.15341955423355103,-0.008403568170564313,0.004028618335723877,-0.18066078424453735,-0.01357763690461411,0.005640804767608643,-0.2021799385547638,-0.017708227611677785,0.019836068153381348,-0.1001937985420227,-0.00888667499233975,0.02320164442062378,-0.14215779304504395,-0.013879635944562096,0.02543509006500244,-0.16697227954864502,-0.017796433172719617,0.026858091354370117,-0.1876658797264099,-0.020997437290446896,0.03674042224884033,-0.08675158023834229,-0.014828439443903108,0.04561924934387207,-0.11649376153945923,-0.018856006316440244,0.05161672830581665,-0.135825514793396,-0.020126665584342618,0.05655360221862793,-0.15354526042938232,-0.02135797274817719
1,0.0,0.0,0.0,-0.02469313144683838,-0.02324897050857544,-0.0069017578129404455,-0.04306948184967041,-0.057379722595214844,-0.009786279893361893,-0.05398041009902954,-0.08533507585525513,-0.012874990722977486,-0.06610983610153198,-0.10224604606628418,-0.016201222336732712,-0.015053749084472656,-0.10374879837036133,-0.0014909829691731602,-0.018514811992645264,-0.14355188608169556,-0.007859596072577801,-0.01999950408935547,-0.1679874062538147,-0.014434133677625027,-0.020075500011444092,-0.1887749433517456,-0.019536674043976632,0.0024466514587402344,-0.1048504114151001,-0.004442248049073783,0.0035825371742248535,-0.1504775881767273,-0.00906378498568472,0.004266679286956787,-0.17754638195037842,-0.01437630320235428,0.0047438740730285645,-0.1994735300540924,-0.018648127115213242,0.0191994309425354,-0.09858459234237671,-0.009095869979702798,0.022922396659851074,-0.13993233442306519,-0.014287943973087636,0.024422049522399902,-0.1647626757621765,-0.01796274634345707,0.024820268154144287,-0.18578320741653442,-0.020970262608372536,0.035519540309906006,-0.08597391843795776,-0.014808100669526425,0.04382425546646118,-0.11624383926391602,-0.019063787556135026,0.04888087511062622,-0.1359136700630188,-0.02011552268906769,0.0527004599571228,-0.15382170677185059,-0.02113049665733513
1,0.0,0.0,0.0,-0.02526193857192993,-0.02454960346221924,-0.00691411155135313,-0.04339110851287842,-0.05795711278915405,-0.009876241207578573,-0.053626418113708496,-0.08598172664642334,-0.013178033985653315,-0.06480330228805542,-0.10394018888473511,-0.016644267596760187,-0.01569187641143799,-0.09923505783081055,-0.0012953187092108465,-0.019649803638458252,-0.1396329402923584,-0.00832554255471507,-0.021210074424743652,-0.1645161509513855,-0.015196088932910357,-0.021061837673187256,-0.185674250125885,-0.020373031728425417,0.001562952995300293,-0.10074245929718018,-0.004320231497743521,0.0016664862632751465,-0.145551860332489,-0.010017428778567705,0.002031087875366211,-0.17334586381912231,-0.016030600525894556,0.0027983784675598145,-0.19614338874816895,-0.020612264283457193,0.01818150281906128,-0.09582221508026123,-0.009090584934213553,0.021281898021697998,-0.1368122100830078,-0.015315187395074759,0.022479355335235596,-0.16226822137832642,-0.019510340176978502,0.022777080535888672,-0.18378794193267822,-0.02258940064207593,0.034735679626464844,-0.08488857746124268,-0.014872350961425695,0.042045652866363525,-0.11524361371994019,-0.019807160132089052,0.045999228954315186,-0.13559412956237793,-0.02120389998749772,0.04849904775619507,-0.1539950966835022,-0.022301307179489527
1,0.0,0.0,0.0,-0.026704013347625732,-0.023299038410186768,-0.0065808078265874315,-0.044747352600097656,-0.056243181228637695,-0.008974542467960589,-0.052882611751556396,-0.08495241403579712,-0.011744893713959925,-0.06251424551010132,-0.10399407148361206,-0.014590218289860957,-0.018315613269805908,-0.09426712989807129,-0.0001979482672069821,-0.022577404975891113,-0.1336236596107483,-0.006869401409396403,-0.024009644985198975,-0.15784770250320435,-0.013435490056046717,-0.023801565170288086,-0.17870432138442993,-0.018309098295041792,-0.0006086230278015137,-0.09669452905654907,-0.0031141071572093892,-0.001171886920928955,-0.14047175645828247,-0.008458361587592833,-0.0011228322982788086,-0.16806107759475708,-0.014423434249231093,-0.0005503296852111816,-0.1912568211555481,-0.018909391573735945,0.016303837299346924,-0.09292244911193848,-0.0077426336697428155,0.018143177032470703,-0.1329808235168457,-0.013564333877631896,0.01862233877182007,-0.1585666537284851,-0.01747863609261202,0.018540561199188232,-0.18029552698135376,-0.020260574854084723,0.03343677520751953,-0.08332496881484985,-0.013363031297096484,0.03870534896850586,-0.11390650272369385,-0.017723365313479178,0.04121053218841553,-0.13425880670547485,-0.018614918551513426,0.042599260807037354,-0.15260547399520874,-0.019257031939098113
1,0.0,0.0,0.0,-0.027225613594055176,-0.023078083992004395,-0.006627897668650462,-0.04424917697906494,-0.053090572357177734,-0.008856462251415564,-0.051281094551086426,-0.08150017261505127,-0.011621311243644072,-0.058836281299591064,-0.10373568534851074,-0.014442313399186446,-0.01804041862487793,-0.08597785234451294,0.0012880102200227839,-0.022054612636566162,-0.12263494729995728,-0.005118854280581786,-0.024200916290283203,-0.14561337232589722,-0.011664140906205489,-0.0253143310546875,-0.16595005989074707,-0.016584508057704284,-0.0008017420768737793,-0.08841478824615479,-0.0014146834677291054,-0.0016916394233703613,-0.12874507904052734,-0.006967437855919911,-0.0033570528030395508,-0.1542169451713562,-0.013324499066939666,-0.004808783531188965,-0.1765148639678955,-0.018109515246024444,0.01553046703338623,-0.08562284708023071,-0.005919868994524791,0.016121089458465576,-0.12380611896514893,-0.01237190508471997,0.014489948749542236,-0.1484357714653015,-0.016789440002312972,0.012218117713928223,-0.16965430974960327,-0.01971014396475823,0.032285451889038086,-0.07754290103912354,-0.011355956953039481,0.036249399185180664,-0.1078454852104187,-0.016580438178053214,0.03665721416473389,-0.12856721878051758,-0.01821548485385449,0.035636305809020996,-0.1473211646080017,-0.01921678141879113
1,0.0,0.0,0.0,-0.02732950448989868,-0.02350538969039917,-0.006361616508410606,-0.04351305961608887,-0.05111563205718994,-0.008058241301522884,-0.04905557632446289,-0.07928186655044556,-0.01034025262420002,-0.05319631099700928,-0.10243374109268188,-0.012495211989925536,-0.01817995309829712,-0.07758015394210815,0.003362748573227492,-0.02108001708984375,-0.11173146963119507,-0.002440846956641707,-0.022743940353393555,-0.13285839557647705,-0.00877829521273199,-0.023974895477294922,-0.1514359712600708,-0.013456062146769199,-0.001325845718383789,-0.07976126670837402,0.0014437612022000224,-0.0021132230758666992,-0.11551547050476074,-0.003296738223479423,-0.005051851272583008,-0.13807547092437744,-0.009116292664156589,-0.00823211669921875,-0.15723639726638794,-0.013575750136123332,0.014536380767822266,-0.07763588428497314,-0.0023742725265485376,0.015729129314422607,-0.11088383197784424,-0.0077221390915376276,0.012479424476623535,-0.13169413805007935,-0.01133094421897951,0.008116424083709717,-0.1485302448272705,-0.01360497596983734,0.03065723180770874,-0.07089686393737793,-0.007214157109455499,0.03436386585235596,-0.09861147403717041,-0.01164281714086357,0.03243207931518555,-0.1169772744178772,-0.013035107137010726,0.02805793285369873,-0.13258177042007446,-0.013726847910628948
1,0.0,0.0,0.0,-0.02693498134613037,-0.0220566987991333,-0.004435337664035144,-0.04351019859313965,-0.049116313457489014,-0.0041838470412762785,-0.04860001802444458,-0.0758354663848877,-0.004823403482732358,-0.04933154582977295,-0.09656161069869995,-0.005081002184596839,-0.01894623041152954,-0.07174652814865112,0.009692055589112458,-0.021378636360168457,-0.09919571876525879,0.0067745646895496225,-0.023108243942260742,-0.11629968881607056,0.0016696783216325617,-0.024982988834381104,-0.1311221718788147,-0.002554398545471015,-0.0028808116912841797,-0.07405954599380493,0.008247926315817056,-0.0033341050148010254,-0.10165834426879883,0.006347425232234416,-0.006127297878265381,-0.11780619621276855,0.0017663797564460015,-0.00983816385269165,-0.1293548345565796,-0.0020636665201159143,0.012105882167816162,-0.07216930389404297,0.004828541489842353,0.013475537300109863,-0.0990648865699768,0.0017440384920341945,0.010625064373016357,-0.11237221956253052,-0.0005941154583701813,0.005868375301361084,-0.11913526058197021,-0.0020491118109198236,0.02759629487991333,-0.06561082601547241,0.00045037544012349606,0.03056156635284424,-0.0896831750869751,-0.002286232824844303,0.02740764617919922,-0.1020967960357666,-0.0027762291053654575,0.021109044551849365,-0.10905426740646362,-0.002878699035790744
1,0.0,0.0,0.0,-0.026500046253204346,-0.021092236042022705,-0.0018875205619295343,-0.04170602560043335,-0.04625594615936279,-0.001068436443809162,-0.04635435342788696,-0.07174116373062134,-0.0022216749107499822,-0.042577266693115234,-0.09126579761505127,-0.002460632027130316,-0.01681065559387207,-0.06900876760482788,0.01594133091065686,-0.01860743761062622,-0.0943332314491272,0.012239537880752493,-0.02072882652282715,-0.0988318920135498,0.006393349477086474,-0.021259665489196777,-0.09263139963150024,0.003185993506569673,-0.0024399161338806152,-0.07131987810134888,0.013828655452464034,-0.003202080726623535,-0.10105389356613159,0.010711797260675837,-0.006200671195983887,-0.10290968418121338,0.004833859604779889,-0.007573485374450684,-0.09245043992996216,0.00189331975206386,0.011447489261627197,-0.06974565982818604,0.009721442804668357,0.012166440486907959,-0.0985298752784729,0.0066330542126635805,0.007533729076385498,-0.099090576171875,0.00445542692113321,0.005731403827667236,-0.0874091386795044,0.004380311564538886,0.026821017265319824,-0.06351333856582642,0.004890061196867634,0.02850574254989624,-0.09064292907714844,0.0033709998046944634,0.02165931463241577,-0.09490609169006348,0.0038709381865302817,0.01603323221206665,-0.08703005313873291,0.005208591212515046
1,0.0,0.0,0.0,-0.025761127471923828,-0.020287156105041504,-0.003914497809873296,-0.042432963848114014,-0.044946491718292236,-0.00553128544093795,-0.046656787395477295,-0.07162630558013916,-0.009229532460139467,-0.03899115324020386,-0.08994919061660767,-0.01155711805300541,-0.016190648078918457,-0.06944751739501953,0.010995822941495703,-0.02177560329437256,-0.09239035844802856,0.0027117335531698927,-0.026749908924102783,-0.0759049654006958,-0.004125415364669038,-0.024584054946899414,-0.06097489595413208,-0.007469723018274976,-0.002911806106567383,-0.0707274079322815,0.008709629980458544,-0.0069762468338012695,-0.0973062515258789,1.7965906536687726e-05,-0.012639880180358887,-0.07790660858154297,-0.004606816003487779,-0.009281158447265625,-0.06275498867034912,-0.004979846550540401,0.010993123054504395,-0.06867808103561401,0.004147561715527104,0.008347570896148682,-0.09828752279281616,-0.0035941754639310375,0.0014189481735229492,-0.08020758628845215,-0.0017146398484868541,0.003942430019378662,-0.06476569175720215,0.0024558401029395327,0.025983870029449463,-0.061625540256500244,-0.001259829284080638,0.02395087480545044,-0.08855342864990234,-0.004483751504139377,0.015041470527648926,-0.07794451713562012,-0.0010310246315015092,0.013754844665527344,-0.06407439708709717,0.003181086370332764
1,0.0,0.0,0.0,-0.024984776973724365,-0.0180855393409729,-0.0024353137032164796,-0.0405082106590271,-0.04220700263977051,-0.0035366676074488623,-0.044079601764678955,-0.06860285997390747,-0.006819419029824303,-0.036283791065216064,-0.08531373739242554,-0.009263412028275297,-0.014466702938079834,-0.06304115056991577,0.010100366615034773,-0.017252206802368164,-0.08612060546875,0.002263421725757553,-0.022909581661224365,-0.07141631841659546,-0.004451094127915667,-0.02187436819076538,-0.0549125075340271,-0.007843445919178293,-0.0015804767608642578,-0.0631667971611023,0.007191435966916515,-0.003206789493560791,-0.09216523170471191,-0.0015427684902249439,-0.01114344596862793,-0.07274514436721802,-0.0065291639675422175,-0.009940683841705322,-0.0527152419090271,-0.007091601777545975,0.012266933917999268,-0.06116288900375366,0.002445277359612419,0.011163711547851562,-0.09326106309890747,-0.005653140067778395,0.0019063949584960938,-0.07457160949707031,-0.004614185008875893,0.0019524693489074707,-0.05418115854263306,-0.0008723513364827795,0.027141094207763672,-0.05463230609893799,-0.0028494234920515282,0.023255228996276855,-0.08083021640777588,-0.0073357461278362734,0.013520598411560059,-0.06867438554763794,-0.00465669289948778,0.011562108993530273,-0.05138444900512695,-0.000829627204410599
1,0.0,0.0,0.0,-0.024923324584960938,-0.018024206161499023,-0.0028843425410371992,-0.039213716983795166,-0.04212707281112671,-0.004108258961750266,-0.041865766048431396,-0.06725192070007324,-0.007463086835159061,-0.034816622734069824,-0.08450156450271606,-0.01000599141330838,-0.014777898788452148,-0.062323153018951416,0.009502426282452348,-0.019340991973876953,-0.08457016944885254,0.0014539368254560259,-0.02368950843811035,-0.06987595558166504,-0.00555829468281388,-0.02217966318130493,-0.052896320819854736,-0.009035231984270808,-0.001785874366760254,-0.06305468082427979,0.006748002515124085,-0.003712773323059082,-0.0899118185043335,-0.0017442315314468715,-0.010725736618041992,-0.07120490074157715,-0.006727232105149028,-0.009731709957122803,-0.051519572734832764,-0.007428762941671607,0.012363135814666748,-0.060867369174957275,0.0021133940005171326,0.011105775833129883,-0.09053176641464233,-0.005752443308992383,0.002603292465209961,-0.07197743654251099,-0.004699284183843133,0.002758324146270752,-0.051922738552093506,-0.0011097911941391203,0.02754455804824829,-0.05430847406387329,-0.00314737667427778,0.024927854537963867,-0.07921034097671509,-0.007694264846904275,0.015163421630859375,-0.06746894121170044,-0.005073729875547883,0.012614011764526367,-0.050437986850738525,-0.0013000182537865612
1,0.0,0.0,0.0,-0.02481687068939209,-0.0163765549659729,-0.0018224363406886823,-0.03972059488296509,-0.04012703895568848,-0.002054909007227934,-0.042183518409729004,-0.065632164478302,-0.004648371828324116,-0.03377556800842285,-0.08185040950775146,-0.006495508128381289,-0.016108572483062744,-0.059975266456604004,0.011954781370633327,-0.01978754997253418,-0.08008456230163574,0.004261461323523008,-0.023432016372680664,-0.06319457292556763,-0.00246383295913688,-0.021704673767089844,-0.04637908935546875,-0.005697162119275845,-0.0033721327781677246,-0.06098145246505737,0.009124478096538269,-0.005223989486694336,-0.08559614419937134,0.000733363504451745,-0.010893285274505615,-0.06291699409484863,-0.004053749372786797,-0.009128332138061523,-0.04367494583129883,-0.004410430552042044,0.010599970817565918,-0.059474825859069824,0.0044243393972749345,0.008758246898651123,-0.088226318359375,-0.004250783701962746,0.0015990734100341797,-0.06531387567520142,-0.0030898319050436385,0.002706766128540039,-0.044859111309051514,0.0010281191248679988,0.025786876678466797,-0.0534706711769104,-0.0006933301296783156,0.02248603105545044,-0.07803672552108765,-0.005811227714247025,0.014061331748962402,-0.06322932243347168,-0.0028581323526566393,0.013197183609008789,-0.04594463109970093,0.0014402803540463083
1,0.0,0.0,0.0,-0.020635008811950684,-0.01118934154510498,-0.0039517705475304865,-0.03577929735183716,-0.039915263652801514,-0.005067840978256299,-0.03787714242935181,-0.06798791885375977,-0.007999792989096477,-0.02687370777130127,-0.08587050437927246,-0.01007906283786042,-0.011867403984069824,-0.064128577709198,0.007353466641404793,-0.014431357383728027,-0.08556115627288818,-0.002708100309348538,-0.019670724868774414,-0.06569761037826538,-0.008882102850577667,-0.018554270267486572,-0.04910057783126831,-0.011203278150162532,0.0012902617454528809,-0.06333452463150024,0.004929818384596274,-0.0016436576843261719,-0.08774125576019287,-0.006426637820652559,-0.009300291538238525,-0.06185239553451538,-0.009989425834021404,-0.007412135601043701,-0.04266047477722168,-0.008296450894079044,0.015298128128051758,-0.05981367826461792,0.00034368561745168336,0.011002779006958008,-0.08484768867492676,-0.011666560839614704,0.002155005931854248,-0.058182716369628906,-0.009477138813338115,0.0035430192947387695,-0.03921186923980713,-0.003460024079060986,0.030772864818572998,-0.05224734544754028,-0.004644374657175376,0.024210035800933838,-0.07544547319412231,-0.012358642477295234,0.015012800693511963,-0.057037293910980225,-0.009306265335283115,0.014928340911865234,-0.039603233337402344,-0.004113253965726926
1,0.0,0.0,0.0,-0.0193747878074646,-0.012480556964874268,-0.005153430961570393,-0.03377717733383179,-0.04498261213302612,-0.006891816258928429,-0.03588491678237915,-0.07360303401947021,-0.010120872743925702,-0.026198506355285645,-0.09309220314025879,-0.01205617595513786,-0.011018991470336914,-0.07195591926574707,0.006198304835209001,-0.014808177947998047,-0.0940237045288086,-0.005159250796339165,-0.019298136234283447,-0.0719308853149414,-0.011772390790781628,-0.017352044582366943,-0.05436575412750244,-0.014162075110277783,0.0026288628578186035,-0.06957501173019409,0.004256677943715204,-0.002601802349090576,-0.09203678369522095,-0.008065577932200085,-0.009205520153045654,-0.06431597471237183,-0.01147292774220432,-0.006493687629699707,-0.04582768678665161,-0.009555790909132611,0.017130792140960693,-0.06428682804107666,-0.00010083595515197885,0.010272324085235596,-0.0861620306968689,-0.012983440757295739,0.002478301525115967,-0.05870932340621948,-0.01048194184949125,0.004851818084716797,-0.0407525897026062,-0.0041835176390918605,0.032852888107299805,-0.05491793155670166,-0.004987279754629981,0.02467411756515503,-0.07677239179611206,-0.013508658260604989,0.015981554985046387,-0.057465970516204834,-0.010575936511656892,0.01709890365600586,-0.0401691198348999,-0.005238341969004523
1,0.0,0.0,0.0,-0.019738495349884033,-0.0069348812103271484,-0.0065955776835551205,-0.035681307315826416,-0.03931117057800293,-0.009626707166688675,-0.03829091787338257,-0.06831538677215576,-0.01354671559508347,-0.02945464849472046,-0.08810299634933472,-0.01598512764300608,-0.014432191848754883,-0.07267612218856812,0.00284293539610303,-0.015320003032684326,-0.09435945749282837,-0.008303918980317349,-0.01973879337310791,-0.07031464576721191,-0.014639043353753323,-0.020099341869354248,-0.04995149374008179,-0.016758740052836174,0.0005413293838500977,-0.06951701641082764,0.0012894130896086153,-0.0024120211601257324,-0.08943521976470947,-0.010839912213640446,-0.00856935977935791,-0.060456931591033936,-0.0144394618573358,-0.008815109729766846,-0.039124250411987305,-0.012761350825684303,0.014975011348724365,-0.0618894100189209,-0.002527641702698702,0.010157644748687744,-0.08135181665420532,-0.015689393610017532,0.003074467182159424,-0.0535433292388916,-0.013800214149313206,0.0026148557662963867,-0.03350096940994263,-0.008027665421622032,0.029303669929504395,-0.0503460168838501,-0.006778668251143927,0.022935032844543457,-0.06909173727035522,-0.015762386948125595,0.015222609043121338,-0.04954463243484497,-0.013184339843945736,0.014415144920349121,-0.03236502408981323,-0.008133279264228577
1,0.0,0.0,0.0,-0.027483046054840088,-0.02369546890258789,-0.009604375930635456,-0.04801899194717407,-0.05623596906661987,-0.012757624620704178,-0.0639113187789917,-0.08284837007522583,-0.015476328442005638,-0.07750773429870605,-0.10083985328674316,-0.01748980314484072,-0.019880235195159912,-0.0969279408454895,-0.0005417346303744353,-0.026273012161254883,-0.13422906398773193,-0.005531740496067528,-0.02938133478164673,-0.15647530555725098,-0.010861697727946762,-0.03094536066055298,-0.17532050609588623,-0.0148176263367219,-0.0028226375579833984,-0.09640222787857056,-0.00031113130286541946,-0.006069660186767578,-0.1342378854751587,-0.0019682670292837656,-0.008226931095123291,-0.15685302019119263,-0.0050826213603301085,-0.009858369827270508,-0.17481225728988647,-0.0076780711581392325,0.01444995403289795,-0.08830016851425171,-0.0020839445108009613,0.014775514602661133,-0.12044280767440796,-0.0041414882337136305,0.014782965183258057,-0.1387399435043335,-0.005143743595240835,0.014188289642333984,-0.15340036153793335,-0.006104733916131977,0.031804025173187256,-0.07387322187423706,-0.005273085674403433,0.037132441997528076,-0.09603005647659302,-0.006334208073226932,0.038664400577545166,-0.10892623662948608,-0.005113899828998569,0.03974431753158569,-0.1198609471321106,-0.004169674711434368
1,0.0,0.0,0.0,-0.0272483229637146,-0.024323642253875732,-0.008634423252829038,-0.047399044036865234,-0.055307984352111816,-0.012337933641560994,-0.06172102689743042,-0.08160710334777832,-0.01595887483347269,-0.07497143745422363,-0.0997246503829956,-0.019341175791510068,-0.015858888626098633,-0.09644424915313721,-0.0014835254966101274,-0.020903050899505615,-0.13551348447799683,-0.007384730850048982,-0.023255467414855957,-0.1592956781387329,-0.013478928592689954,-0.023941516876220703,-0.17912685871124268,-0.018123434272297345,0.0018908977508544922,-0.09603613615036011,-0.00286843569267603,0.000918269157409668,-0.13726526498794556,-0.006210375458636008,0.0006362199783325195,-0.16236674785614014,-0.010754571643360578,0.0009592175483703613,-0.18201249837875366,-0.014518406589218102,0.019154846668243408,-0.088287353515625,-0.00617214513260933,0.022161126136779785,-0.12435150146484375,-0.010029332128056012,0.024119555950164795,-0.14573591947555542,-0.012757720772810899,0.02505171298980713,-0.16296541690826416,-0.015090833765157186,0.03580343723297119,-0.07411390542984009,-0.010719511073716603,0.04364609718322754,-0.0982125997543335,-0.013561681260057412,0.04729175567626953,-0.1138879656791687,-0.013707779694982491,0.04982811212539673,-0.12767964601516724,-0.013965659190603219
1,0.0,0.0,0.0,-0.02729320526123047,-0.02430325746536255,-0.008653759849252651,-0.047175824642181396,-0.05585622787475586,-0.012209729184391449,-0.0612262487411499,-0.08220386505126953,-0.015660482351663063,-0.07474881410598755,-0.10017657279968262,-0.01885924384463067,-0.01532202959060669,-0.09740841388702393,-0.0010012969234907132,-0.020051240921020508,-0.13615310192108154,-0.006598633141251753,-0.022245287895202637,-0.15967786312103271,-0.012626954247238587,-0.023016691207885742,-0.17910140752792358,-0.017264653821470688,0.0023311972618103027,-0.09693199396133423,-0.0021991439955257874,0.0012340545654296875,-0.13771289587020874,-0.005343335107895086,0.0009002089500427246,-0.1623881459236145,-0.009826770876529167,0.00115966796875,-0.18171203136444092,-0.013540354450228165,0.019556522369384766,-0.08925163745880127,-0.005341609832825611,0.022099554538726807,-0.1257110834121704,-0.009107877393248032,0.02392023801803589,-0.14713174104690552,-0.011820766967716168,0.02502918243408203,-0.1644083857536316,-0.014129007128062199,0.03618931770324707,-0.07519447803497314,-0.009714599591674755,0.043920159339904785,-0.09930360317230225,-0.01259921201038594,0.047741591930389404,-0.11485987901687622,-0.012740425658407162,0.05066925287246704,-0.12856167554855347,-0.01294755086767907
1,0.0,0.0,0.0,-0.02699124813079834,-0.024730980396270752,-0.00827301875496289,-0.046848297119140625,-0.055776000022888184,-0.012050138086024731,-0.060677945613861084,-0.08181804418563843,-0.01583539531374356,-0.0738181471824646,-0.09951364994049072,-0.019483976297024697,-0.014717817306518555,-0.09609472751617432,-0.00213587842689833,-0.019406676292419434,-0.1352161169052124,-0.00826787319773814,-0.021627962589263916,-0.1588958501815796,-0.014491181120220631,-0.022560060024261475,-0.17862844467163086,-0.019283734492901772,0.0029762983322143555,-0.09571266174316406,-0.0038693596124090845,0.0023020505905151367,-0.13707077503204346,-0.007660730041507691,0.0017815232276916504,-0.1618180274963379,-0.01255562924588105,0.0017197132110595703,-0.1813901662826538,-0.016556594751719445,0.020171940326690674,-0.08794814348220825,-0.007390828102771252,0.023630619049072266,-0.12489396333694458,-0.011691246412638634,0.02534639835357666,-0.1465696096420288,-0.014800990231279343,0.02590346336364746,-0.1645878553390503,-0.017437193773631066,0.036708831787109375,-0.07329601049423218,-0.012066673718337029,0.045122385025024414,-0.09684979915618896,-0.01563415140653035,0.04869312047958374,-0.11254870891571045,-0.01624757633352658,0.050970613956451416,-0.12672603130340576,-0.016773822016958206
1,0.0,0.0,0.0,-0.026906847953796387,-0.02557140588760376,-0.00867972697662367,-0.047020673751831055,-0.05696231126785278,-0.012816869537999764,-0.0615575909614563,-0.08299773931503296,-0.016830044682791367,-0.07504141330718994,-0.10071170330047607,-0.020642029937079087,-0.015138804912567139,-0.0978960394859314,-0.0028875045252050313,-0.019762277603149414,-0.13738644123077393,-0.009126108955314294,-0.021969258785247803,-0.16110897064208984,-0.01534577168123974,-0.02280712127685547,-0.18089789152145386,-0.020131661440899506,0.0025640130043029785,-0.0975068211555481,-0.004365932080617085,0.0020249485969543457,-0.13882440328598022,-0.008193251561095849,0.0018314719200134277,-0.16365677118301392,-0.012964421767463818,0.0020966529846191406,-0.1832115650177002,-0.016900048475434915,0.01977938413619995,-0.08949816226959229,-0.007657152950486079,0.0233839750289917,-0.12615066766738892,-0.011941270786991254,0.025419890880584717,-0.14770203828811646,-0.015110145207216874,0.02621293067932129,-0.16554653644561768,-0.017804215546419755,0.03627336025238037,-0.0747215747833252,-0.012128156494071618,0.04498004913330078,-0.09843999147415161,-0.015724153142144814,0.04879659414291382,-0.11442720890045166,-0.016542672063877717,0.05132204294204712,-0.1288759708404541,-0.01722652360396637
1,0.0,0.0,0.0,-0.026526451110839844,-0.02560889720916748,-0.008652847554373011,-0.04565685987472534,-0.05678510665893555,-0.012723499271857008,-0.059861838817596436,-0.08266210556030273,-0.016769240904437765,-0.07270103693008423,-0.10091614723205566,-0.02054314437864946,-0.01372605562210083,-0.0984351634979248,-0.002306185491221413,-0.01806575059890747,-0.13763928413391113,-0.008457549210476145,-0.020172297954559326,-0.16131019592285156,-0.014576600227343306,-0.02095019817352295,-0.18090510368347168,-0.019255341324793562,0.003753364086151123,-0.09748196601867676,-0.003889181246819362,0.00349271297454834,-0.13898855447769165,-0.007759299889045224,0.0034233927726745605,-0.16374921798706055,-0.012409516904341444,0.0038954615592956543,-0.18297702074050903,-0.016134812790738806,0.02086728811264038,-0.08913272619247437,-0.007356841411279902,0.024434030055999756,-0.12604045867919922,-0.011894110884355769,0.02647697925567627,-0.14779114723205566,-0.014967510770844683,0.027498245239257812,-0.1657446026802063,-0.017445043954836592,0.03741329908370972,-0.07410651445388794,-0.012013825882064566,0.046148717403411865,-0.09804999828338623,-0.015789407599555716,0.05005568265914917,-0.11405432224273682,-0.01654509391246961,0.052750229835510254,-0.128523051738739,-0.017089170697914824
1,0.0,0.0,0.0,-0.02653282880783081,-0.02619194984436035,-0.008300726645813938,-0.04593843221664429,-0.05747610330581665,-0.01243217416964626,-0.05997437238693237,-0.08301287889480591,-0.016572492541001793,-0.073086678981781,-0.10092484951019287,-0.020574571908639427,-0.012967467308044434,-0.09845542907714844,-0.0024191198118046486,-0.01706111431121826,-0.13774603605270386,-0.008444249973820206,-0.018785715103149414,-0.1612156629562378,-0.014526335866378304,-0.01927471160888672,-0.18053990602493286,-0.019224491314218994,0.004688382148742676,-0.09765589237213135,-0.0042624574799106085,0.004774868488311768,-0.1391369104385376,-0.008045275108145233,0.0048716068267822266,-0.16392219066619873,-0.012817521923409458,0.005447983741760254,-0.1831766963005066,-0.016715851024912354,0.021758735179901123,-0.08942550420761108,-0.00792551447563028,0.025758981704711914,-0.12621140480041504,-0.012265602470563408,0.02784520387649536,-0.14779269695281982,-0.015562001959608551,0.028872668743133545,-0.16577386856079102,-0.018359396950529572,0.0380437970161438,-0.074512779712677,-0.01273644191138601,0.04700648784637451,-0.09810429811477661,-0.016417980537937638,0.05121421813964844,-0.11381703615188599,-0.017293082894013878,0.054200828075408936,-0.12815523147583008,-0.01802837883047914
1,0.0,0.0,0.0,-0.026500284671783447,-0.025953233242034912,-0.008823641044628516,-0.045651793479919434,-0.05694037675857544,-0.013234191974234477,-0.059414446353912354,-0.08285802602767944,-0.017588719194364444,-0.07230466604232788,-0.10130971670150757,-0.02173904462678422,-0.011551141738891602,-0.09822791814804077,-0.0026490189410566245,-0.015797734260559082,-0.13752031326293945,-0.008954186392557517,-0.017889022827148438,-0.16143310070037842,-0.015269599323701755,-0.018505513668060303,-0.18108618259429932,-0.020074523454141513,0.005837500095367432,-0.09730952978134155,-0.0041291517481027995,0.006056070327758789,-0.1386311650276184,-0.007956155975890056,0.006211578845977783,-0.16341227293014526,-0.01257275364322652,0.007036447525024414,-0.18281453847885132,-0.016336140622925654,0.022738397121429443,-0.08902561664581299,-0.007518391059321061,0.02675563097000122,-0.12597447633743286,-0.011795176593196288,0.029055774211883545,-0.14775705337524414,-0.01475664920134534,0.03048473596572876,-0.16560274362564087,-0.017259871055912868,0.0389140248298645,-0.07415473461151123,-0.012154332762193576,0.04812806844711304,-0.09796679019927979,-0.015703267817926303,0.0525432825088501,-0.11426830291748047,-0.016420592953991786,0.055911242961883545,-0.12888824939727783,-0.01698804221076955
1,0.0,0.0,0.0,-0.0265963077545166,-0.025812625885009766,-0.009133592246087119,-0.045647501945495605,-0.05702924728393555,-0.01357180159351401,-0.059214115142822266,-0.0836605429649353,-0.01791959814539723,-0.07213455438613892,-0.10218995809555054,-0.022039916364462897,-0.0114973783493042,-0.09884083271026611,-0.002182400550680086,-0.015223085880279541,-0.13790178298950195,-0.008119722826393172,-0.016840577125549316,-0.16172778606414795,-0.01428930368086867,-0.01700812578201294,-0.18124395608901978,-0.019066862760098502,0.006116926670074463,-0.09772592782974243,-0.0035303202438967674,0.006591856479644775,-0.1391168236732483,-0.00713404547235541,0.007007598876953125,-0.16407513618469238,-0.011717949992032572,0.008044958114624023,-0.18335038423538208,-0.01548857334813647,0.023132741451263428,-0.08900153636932373,-0.006865494882674739,0.027493715286254883,-0.12568390369415283,-0.011208296751590296,0.030084073543548584,-0.14754211902618408,-0.014449586158605143,0.0317193865776062,-0.16540467739105225,-0.017130034042509124,0.039336323738098145,-0.07374632358551025,-0.011460086328895613,0.04866969585418701,-0.09764713048934937,-0.015191392039866969,0.05309581756591797,-0.11386311054229736,-0.016164826227338835,0.05644655227661133,-0.1285625696182251,-0.0169365722667294
1,0.0,0.0,0.0,-0.02622932195663452,-0.026123762130737305,-0.009174860662312767,-0.04516071081161499,-0.05890536308288574,-0.013411654739172718,-0.05966770648956299,-0.08619064092636108,-0.017529459318609497,-0.07321763038635254,-0.1050538420677185,-0.021222535169215462,-0.01262599229812622,-0.09963709115982056,-0.0014878036431014152,-0.017111778259277344,-0.13879060745239258,-0.007506237945051453,-0.019061148166656494,-0.1627877950668335,-0.013764188273341915,-0.01926743984222412,-0.18281883001327515,-0.01854212360689189,0.00446850061416626,-0.09846466779708862,-0.0025070972018852444,0.004107773303985596,-0.13913190364837646,-0.005581786970140001,0.004450678825378418,-0.16393256187438965,-0.009678892439694664,0.0054204463958740234,-0.1835399866104126,-0.013138985841067097,0.021277785301208496,-0.0894203782081604,-0.005589958394409678,0.02476334571838379,-0.12525349855422974,-0.009169010093899033,0.02742666006088257,-0.14671868085861206,-0.011626837423534653,0.029034674167633057,-0.1643613576889038,-0.013827665357382557,0.03734678030014038,-0.07371920347213745,-0.010028432703109047,0.04627430438995361,-0.09656423330307007,-0.01278604066231992,0.050269484519958496,-0.11217230558395386,-0.013074709682257435,0.0531386137008667,-0.1262187361717224,-0.013447575850875637
1,0.0,0.0,0.0,-0.025493323802947998,-0.027109086513519287,-0.009045638789004329,-0.04445648193359375,-0.06116098165512085,-0.012741947260266784,-0.059151530265808105,-0.0885435938835144,-0.016247147407895568,-0.07186710834503174,-0.10846394300460815,-0.01934707694924498,-0.014534711837768555,-0.09808236360549927,-0.0017560235620948106,-0.018594861030578613,-0.13735896348953247,-0.008221392233437541,-0.020678281784057617,-0.16140788793563843,-0.01459761866605902,-0.02128148078918457,-0.18132412433624268,-0.019301507335669044,0.002666473388671875,-0.09664130210876465,-0.0026266020187648564,0.001694023609161377,-0.13685256242752075,-0.006102272023028377,0.0019140243530273438,-0.16169589757919312,-0.010372950409120563,0.0024442672729492188,-0.18159693479537964,-0.013868711602455619,0.019676804542541504,-0.08784931898117065,-0.005495174035942796,0.021998107433319092,-0.12318706512451172,-0.009307697129017356,0.02416914701461792,-0.14447587728500366,-0.011507657070225719,0.025205612182617188,-0.16179418563842773,-0.013374377687043193,0.03642284870147705,-0.0728638768196106,-0.009653333288198951,0.043985068798065186,-0.09612250328063965,-0.012189346079296115,0.04765671491622925,-0.11069631576538086,-0.01187517185933018,0.05011111497879028,-0.12318354845046997,-0.011738501202827933
1,0.0,0.0,0.0,-0.02567887306213379,-0.027290403842926025,-0.009255892983247804,-0.043273985385894775,-0.061361849308013916,-0.012892465493251848,-0.05722767114639282,-0.08967047929763794,-0.01626338103281455,-0.07004767656326294,-0.10983598232269287,-0.019142551733722257,-0.016214966773986816,-0.09729140996932983,-0.0015703213071276423,-0.020121991634368896,-0.13664954900741577,-0.0077684474313457486,-0.02196061611175537,-0.16048121452331543,-0.013722772164811659,-0.022485435009002686,-0.18031388521194458,-0.01806689464913802,0.0007460117340087891,-0.09587621688842773,-0.0022243986973364827,-0.00040537118911743164,-0.13614976406097412,-0.0055076907524664875,-0.0003421306610107422,-0.16078972816467285,-0.009598987563123274,-5.543231964111328e-06,-0.18048816919326782,-0.012804033620824384,0.017710208892822266,-0.0867912769317627,-0.004850869453122186,0.019622445106506348,-0.12172907590866089,-0.008735926276614236,0.021329820156097412,-0.1426321268081665,-0.010936261540820169,0.022088289260864258,-0.15970993041992188,-0.0126088386537333,0.03466004133224487,-0.07147419452667236,-0.00872373526411252,0.041749656200408936,-0.09456133842468262,-0.011349477259983587,0.044937849044799805,-0.10844582319259644,-0.01096078419553237,0.04689711332321167,-0.1201939582824707,-0.010604783347417879
1,0.0,0.0,0.0,-0.02498340606689453,-0.02796715497970581,-0.00928008983635209,-0.04243481159210205,-0.06303346157073975,-0.012783025938801984,-0.05572915077209473,-0.09306842088699341,-0.01596944461368821,-0.06693953275680542,-0.1153872013092041,-0.018533349584572534,-0.017057359218597412,-0.09786885976791382,-0.001449341152579109,-0.020526230335235596,-0.13740265369415283,-0.008163212414615373,-0.022028565406799316,-0.16131216287612915,-0.014498836908273915,-0.022316575050354004,-0.18146729469299316,-0.01905900853478215,-0.0003997683525085449,-0.09591561555862427,-0.001918901305430154,-0.0015624165534973145,-0.13544875383377075,-0.0057877843154301445,-0.0012715458869934082,-0.1598452925682068,-0.010100469540589074,-0.001003563404083252,-0.17959153652191162,-0.013315967831545095,0.016253948211669922,-0.08629721403121948,-0.0043815729094376366,0.018025875091552734,-0.12066382169723511,-0.00888104884677432,0.020003914833068848,-0.14117932319641113,-0.010970357421570043,0.020970046520233154,-0.1580023169517517,-0.012335580389731149,0.03319442272186279,-0.070290207862854,-0.008062916423909883,0.04033416509628296,-0.09315836429595947,-0.011382024351291875,0.043211162090301514,-0.10672736167907715,-0.01124766430609725,0.04475522041320801,-0.1184772253036499,-0.010859652038448075
1,0.0,0.0,0.0,-0.02478080987930298,-0.02908337116241455,-0.008943675188220368,-0.04224503040313721,-0.06567388772964478,-0.011889676665759907,-0.05420964956283569,-0.09714514017105103,-0.01449841550538622,-0.06487131118774414,-0.12084883451461792,-0.016477323239541874,-0.019311964511871338,-0.09860169887542725,-0.0010242155844935041,-0.02221435308456421,-0.13825398683547974,-0.007169298929966317,-0.023223280906677246,-0.16183066368103027,-0.013011271236337052,-0.02350151538848877,-0.18206685781478882,-0.017400476252532826,-0.0023288726806640625,-0.09670710563659668,-0.001691456055141316,-0.003526747226715088,-0.1362186074256897,-0.005450129611290322,-0.003208935260772705,-0.16034036874771118,-0.010017520850396977,-0.002928793430328369,-0.17998427152633667,-0.013563022119797097,0.014339089393615723,-0.08710664510726929,-0.0042677029127844435,0.015887677669525146,-0.12149721384048462,-0.009003666331864224,0.01735633611679077,-0.14257323741912842,-0.011877427911258565,0.01778590679168701,-0.15987402200698853,-0.013973921639717446,0.031409621238708496,-0.07093822956085205,-0.00794143426219307,0.038248419761657715,-0.09274357557296753,-0.011858672937250958,0.04076963663101196,-0.10610860586166382,-0.012459981357551442,0.041781842708587646,-0.11759430170059204,-0.012715310891962872
1,0.0,0.0,0.0,-0.023985862731933594,-0.028835296630859375,-0.009351034875479058,-0.04075247049331665,-0.06517297029495239,-0.012176284793284253,-0.052373409271240234,-0.09778785705566406,-0.014601075317230539,-0.06323301792144775,-0.12249964475631714,-0.01612471904930146,-0.02084636688232422,-0.09795141220092773,0.0004961813744301935,-0.024413466453552246,-0.13844513893127441,-0.005373751505729274,-0.02582484483718872,-0.161857008934021,-0.011114096495774106,-0.02626127004623413,-0.18270224332809448,-0.015347812551524953,-0.0043013691902160645,-0.0965871810913086,0.0005230135927121182,-0.006534278392791748,-0.1369328498840332,-0.0024768111700979034,-0.00626981258392334,-0.16065698862075806,-0.006403766799238042,-0.006015479564666748,-0.18047451972961426,-0.009605685475733594,0.01211780309677124,-0.08753621578216553,-0.001569588196915106,0.012742698192596436,-0.1218215823173523,-0.005465775954988317,0.014001190662384033,-0.14210814237594604,-0.007437399349626617,0.014038383960723877,-0.15859514474868774,-0.008964593749013261,0.02969151735305786,-0.07240122556686401,-0.004894439357784108,0.03552120923995972,-0.09572005271911621,-0.00749633064818056,0.036749184131622314,-0.10716068744659424,-0.006960711668696717,0.03640180826187134,-0.11639964580535889,-0.006531913991537408
1,0.0,0.0,0.0,-0.023857533931732178,-0.030386149883270264,-0.009432126031640564,-0.040070414543151855,-0.06800442934036255,-0.011925717079463993,-0.050206899642944336,-0.10182970762252808,-0.013868557484272515,-0.06112051010131836,-0.1261817216873169,-0.014764771991792713,-0.021829664707183838,-0.09917336702346802,0.001002818500239755,-0.026160001754760742,-0.13928812742233276,-0.004538406812969242,-0.02762085199356079,-0.16222959756851196,-0.010234943786088024,-0.028155744075775146,-0.18310070037841797,-0.014379726917866265,-0.0055648088455200195,-0.09739106893539429,0.0015256535639878166,-0.0085487961769104,-0.137426495552063,-0.0007888547465313422,-0.008844554424285889,-0.16126060485839844,-0.004417706941637789,-0.009060204029083252,-0.18126457929611206,-0.007389344004366194,0.010361909866333008,-0.08766573667526245,-1.1852574459680909e-05,0.010602831840515137,-0.12152057886123657,-0.002911068461287414,0.011434614658355713,-0.14153683185577393,-0.004131058426025902,0.011110007762908936,-0.15725266933441162,-0.0051501069305572855,0.02747476100921631,-0.07159978151321411,-0.0028684753546599495,0.032660067081451416,-0.09364169836044312,-0.004587737107101475,0.033548057079315186,-0.10671120882034302,-0.0035562100442234623,0.032915711402893066,-0.1175881028175354,-0.0027129612485055077
1,0.0,0.0,0.0,-0.02333134412765503,-0.030146121978759766,-0.011357521164455875,-0.03837507963180542,-0.06839251518249512,-0.013572233255246147,-0.04648697376251221,-0.103549063205719,-0.014758800613918766,-0.05486804246902466,-0.13057398796081543,-0.014685959081390365,-0.02384209632873535,-0.09885895252227783,0.001184624977184967,-0.027970314025878906,-0.1383904218673706,-0.0036499153275428853,-0.0295485258102417,-0.16107982397079468,-0.009092409621217712,-0.0304410457611084,-0.1819804310798645,-0.013104002448955043,-0.007523298263549805,-0.0970197319984436,0.0031867609440894284,-0.011108696460723877,-0.1361989974975586,0.001789547511151568,-0.011859893798828125,-0.15965914726257324,-0.001476990982183679,-0.012582778930664062,-0.17943048477172852,-0.004293974480816587,0.008268415927886963,-0.08721226453781128,0.0028806058771522203,0.007887601852416992,-0.1198471188545227,0.0006410419091196218,0.008495748043060303,-0.1388455629348755,-0.00041250837151096675,0.00793600082397461,-0.15440303087234497,-0.001413261858971282,0.02508234977722168,-0.07164883613586426,0.0010033244115845719,0.029249846935272217,-0.0924910306930542,-0.00044077057739855263,0.0301363468170166,-0.10446733236312866,0.0005424708442376414,0.030051112174987793,-0.11458045244216919,0.0013203786301971832
1,0.0,0.0,0.0,-0.021356046199798584,-0.03020995855331421,-0.011388586870353379,-0.03456681966781616,-0.06799435615539551,-0.013754318504552998,-0.040769100189208984,-0.10315489768981934,-0.01517030507228867,-0.04504239559173584,-0.13232916593551636,-0.01538779217652575,-0.023068606853485107,-0.09876751899719238,0.0013497453984285812,-0.02760624885559082,-0.13850343227386475,-0.0037100171101798196,-0.029633164405822754,-0.1613256335258484,-0.00925964306942717,-0.030869781970977783,-0.18217360973358154,-0.013284842519979634,-0.007572472095489502,-0.0965309739112854,0.0032723161494772057,-0.012056589126586914,-0.1358187198638916,0.0013092369409690718,-0.013062357902526855,-0.15943104028701782,-0.00237134545012907,-0.013884305953979492,-0.17903965711593628,-0.005295069924514451,0.007756650447845459,-0.08643227815628052,0.002857473875437222,0.006519734859466553,-0.11951243877410889,-0.0003216793192137857,0.006547033786773682,-0.1385233998298645,-0.0021371764959354778,0.005396008491516113,-0.15442311763763428,-0.003491062940057077,0.02400660514831543,-0.07089293003082275,0.0009454167085181098,0.02767634391784668,-0.09230339527130127,-0.0015857323668484469,0.027998805046081543,-0.10305982828140259,-0.0012067348360602637,0.027146518230438232,-0.11182510852813721,-0.000718520641285636
1,0.0,0.0,0.0,-0.02081298828125,-0.030008554458618164,-0.011791800204022707,-0.033402323722839355,-0.06761640310287476,-0.014112819972737611,-0.03897827863693237,-0.10215693712234497,-0.015477116274936975,-0.04176908731460571,-0.13105380535125732,-0.015615961569650949,-0.02392566204071045,-0.09946978092193604,0.00223891547945243,-0.029015004634857178,-0.1392526626586914,-0.0026995246850987087,-0.031050026416778564,-0.1622307300567627,-0.008466051015361131,-0.032191693782806396,-0.1833120584487915,-0.012676123584910215,-0.008303999900817871,-0.0967942476272583,0.004434552919761359,-0.01302868127822876,-0.1354886293411255,0.0027867126657525887,-0.013934552669525146,-0.15882092714309692,-0.0011218379338373552,-0.0143967866897583,-0.17867207527160645,-0.004265791791780771,0.007244765758514404,-0.0867353081703186,0.004203650113836943,0.005489468574523926,-0.11875015497207642,0.0017237335589612712,0.0055217742919921875,-0.13746637105941772,0.0002256568580065732,0.004645228385925293,-0.15344923734664917,-0.001060205566986383,0.023457586765289307,-0.07119780778884888,0.002322912393779575,0.025917232036590576,-0.09165549278259277,0.0005230744166198065,0.025922417640686035,-0.10288691520690918,0.0012491039845059504,0.02522522211074829,-0.11252701282501221,0.0018867346837083687
1,0.0,0.0,0.0,-0.019933104515075684,-0.03019815683364868,-0.01157832148419402,-0.03130495548248291,-0.06752490997314453,-0.013901159194574575,-0.03576219081878662,-0.10088741779327393,-0.015149794546232442,-0.0371432900428772,-0.12922155857086182,-0.015066985999510507,-0.02365034818649292,-0.09933459758758545,0.0012399665738485055,-0.029056429862976074,-0.13973385095596313,-0.0035945128456660314,-0.03140068054199219,-0.16308534145355225,-0.009146258262262563,-0.03307753801345825,-0.18399477005004883,-0.013085197684631567,-0.008473038673400879,-0.09738075733184814,0.0037432359258673387,-0.01341921091079712,-0.1370692253112793,0.002686807392819901,-0.014567971229553223,-0.16085797548294067,-0.0006096626439102693,-0.015559732913970947,-0.18033158779144287,-0.0033096664392360253,0.007114112377166748,-0.08811569213867188,0.003971962696596165,0.0047493577003479,-0.12024974822998047,0.002597745015009423,0.004339754581451416,-0.1395338773727417,0.0017145522597274976,0.0030675530433654785,-0.15511560440063477,0.0006727600430167513,0.02368229627609253,-0.07325786352157593,0.0025204173016390996,0.02558732032775879,-0.09309518337249756,0.0019830858527711825,0.02541118860244751,-0.10445702075958252,0.00328819707101502,0.0248604416847229,-0.11383062601089478,0.0042103659088752465
1,0.0,0.0,0.0,-0.018219411373138428,-0.02873814105987549,-0.011819077017477753,-0.027595937252044678,-0.06574994325637817,-0.014036997514537575,-0.030731797218322754,-0.0992385745048523,-0.01498222007857919,-0.031403541564941406,-0.1271330714225769,-0.014479473526350262,-0.0232924222946167,-0.09844362735748291,0.0006339539520041626,-0.03013366460800171,-0.13983893394470215,-0.0036136517904168386,-0.03359442949295044,-0.1640346646308899,-0.008605674202314617,-0.03659754991531372,-0.1848510503768921,-0.012189180883339645,-0.009929358959197998,-0.09695887565612793,0.00355150102195978,-0.015506327152252197,-0.13793373107910156,0.0028192449223780613,-0.017287075519561768,-0.1622721552848816,-0.0003406255876114983,-0.01903212070465088,-0.18163585662841797,-0.0029797447516983766,0.004554271697998047,-0.08784127235412598,0.0043110914391064625,0.0016955137252807617,-0.12150841951370239,0.0031871473745042067,0.0005692839622497559,-0.14089161157608032,0.0018448897732952219,-0.001148819923400879,-0.15575188398361206,0.000404199408606587,0.020744621753692627,-0.07291287183761597,0.0034124964710855465,0.022149741649627686,-0.09297406673431396,0.003022518414312003,0.02078026533126831,-0.10362708568572998,0.0039388473939681035,0.019021928310394287,-0.11161381006240845,0.0045337753233098965
1,0.0,0.0,0.0,-0.017825663089752197,-0.028790712356567383,-0.012232026258317319,-0.026347756385803223,-0.06713694334030151,-0.014177340255884019,-0.028931081295013428,-0.1013450026512146,-0.01476703135838875,-0.03040391206741333,-0.129783034324646,-0.013963370757011262,-0.023066401481628418,-0.0981447696685791,0.0005508593182810273,-0.03077101707458496,-0.13958579301834106,-0.003521807199177829,-0.034488797187805176,-0.1641077995300293,-0.008269803771582929,-0.03745567798614502,-0.18482273817062378,-0.011539027267900792,-0.010348916053771973,-0.096859872341156,0.0038901097738914814,-0.01631343364715576,-0.1378588080406189,0.003581449216397914,-0.018686234951019287,-0.16288340091705322,0.0007433198640853789,-0.020725786685943604,-0.18223494291305542,-0.0015966315388880048,0.0037996768951416016,-0.08800500631332397,0.005007094530554923,0.0008365511894226074,-0.12157851457595825,0.004376110913398179,-0.0002270340919494629,-0.14110898971557617,0.0030218558983676758,-0.0017323493957519531,-0.1560356616973877,0.0015551826815851655,0.019405901432037354,-0.07357072830200195,0.0043956072201751795,0.021291494369506836,-0.09372037649154663,0.004371022632511767,0.020503520965576172,-0.10450214147567749,0.005211989687921914,0.01938706636428833,-0.11258435249328613,0.005744651718231353
1,0.0,0.0,0.0,-0.017490267753601074,-0.02805924415588379,-0.01286212109162932,-0.026624679565429688,-0.06620389223098755,-0.01463873904332047,-0.02992117404937744,-0.10006719827651978,-0.014624904246474557,-0.03130298852920532,-0.1284635066986084,-0.013160413467730336,-0.025977909564971924,-0.09661167860031128,0.00012340009369893323,-0.03466719388961792,-0.13779431581497192,-0.003094698406229668,-0.03912287950515747,-0.16193145513534546,-0.007077680305982881,-0.04287940263748169,-0.18177294731140137,-0.009834921324099355,-0.013692915439605713,-0.09693312644958496,0.004344169645165152,-0.021307647228240967,-0.13788580894470215,0.0052990486273216675,-0.024381518363952637,-0.16280502080917358,0.00342603273556108,-0.027011454105377197,-0.18099278211593628,0.001757100819204993,0.00013518333435058594,-0.08940190076828003,0.006290837320094056,-0.005371987819671631,-0.12359356880187988,0.006970555184935279,-0.007941007614135742,-0.1438247561454773,0.005680029409532494,-0.010298669338226318,-0.15974891185760498,0.003983321728711076,0.01537233591079712,-0.0765027403831482,0.006465559488688655,0.014545977115631104,-0.09432363510131836,0.0070512021319615314,0.012514710426330566,-0.10363703966140747,0.007607003802959866,0.011235356330871582,-0.11041021347045898,0.007841458207522578
1,0.0,0.0,0.0,-0.016760408878326416,-0.028020739555358887,-0.014506683536751552,-0.02457880973815918,-0.06668531894683838,-0.01579388775019197,-0.02580803632736206,-0.10097867250442505,-0.014819599539919182,-0.027072250843048096,-0.12939536571502686,-0.012357074619217201,-0.029186129570007324,-0.09614557027816772,0.0008966933554575007,-0.03780925273895264,-0.13734477758407593,-0.0008248420464269657,-0.04156768321990967,-0.16168510913848877,-0.00392749145714788,-0.044609248638153076,-0.18156808614730835,-0.006171336249394699,-0.015980422496795654,-0.09606808423995972,0.0061820476865932505,-0.023443400859832764,-0.13714814186096191,0.008216992168740944,-0.026704907417297363,-0.16286557912826538,0.005997018105404095,-0.029377758502960205,-0.1820359230041504,0.003906972388790564,-0.00147169828414917,-0.08828556537628174,0.009036328791694359,-0.00601726770401001,-0.12198340892791748,0.00967788804234715,-0.00867384672164917,-0.14325964450836182,0.006730665135251002,-0.011339724063873291,-0.1606656312942505,0.003793758255483226,0.013889849185943604,-0.07628870010375977,0.010113220810012535,0.013753890991210938,-0.09542030096054077,0.009947222805635647,0.01205366849899292,-0.1039610505104065,0.009497743248061852,0.010575652122497559,-0.11022591590881348,0.008967724776880459
1,0.0,0.0,0.0,-0.017253100872039795,-0.025786399841308594,-0.015543680849376074,-0.025291919708251953,-0.06239426136016846,-0.017873848999741426,-0.025275766849517822,-0.09570634365081787,-0.01756372603297507,-0.027379631996154785,-0.12360501289367676,-0.015709993640783182,-0.031758666038513184,-0.09562736749649048,-0.0024880529166040333,-0.040376126766204834,-0.13563001155853271,-0.005259503356072059,-0.04370617866516113,-0.1594301462173462,-0.008786140221062055,-0.04650849103927612,-0.17911440134048462,-0.011138858484926573,-0.01729869842529297,-0.09568828344345093,0.002979188480523476,-0.024942100048065186,-0.13598620891571045,0.0040813058364364,-0.02846759557723999,-0.1612381935119629,0.0017940927279340713,-0.03156012296676636,-0.18108785152435303,-0.00038072831405600027,-0.0025916099548339844,-0.08811432123184204,0.006075358272639164,-0.006870746612548828,-0.1182757019996643,0.005527048160431036,-0.009810805320739746,-0.13881820440292358,0.002666419626322636,-0.01270747184753418,-0.15592169761657715,-6.850415346093541e-06,0.012602627277374268,-0.07651078701019287,0.007370267783400664,0.011188149452209473,-0.09534364938735962,0.006455271293518194,0.0091170072555542,-0.10180044174194336,0.006497020621893057,0.00755155086517334,-0.10590827465057373,0.006438165691790232
1,0.0,0.0,0.0,-0.016180217266082764,-0.027835845947265625,-0.020203029578908627,-0.02296280860900879,-0.06700563430786133,-0.02134484036861295,-0.024073421955108643,-0.10103625059127808,-0.018405742785319035,-0.027813315391540527,-0.13016343116760254,-0.013536469852908795,-0.03291255235671997,-0.09527230262756348,-0.0009764272420511588,-0.0406649112701416,-0.13588744401931763,-0.0006978881595500752,-0.04417818784713745,-0.15968430042266846,-0.002811455941184704,-0.04734539985656738,-0.17894864082336426,-0.004302263101919834,-0.018735766410827637,-0.09423577785491943,0.008628322900847252,-0.026701688766479492,-0.13496237993240356,0.013882067212477978,-0.030706703662872314,-0.16047871112823486,0.01279242818208104,-0.034140706062316895,-0.17958778142929077,0.011055411928907688,-0.003879249095916748,-0.08634155988693237,0.015192473465219791,-0.009026587009429932,-0.11740875244140625,0.017876358860746677,-0.012554466724395752,-0.13931763172149658,0.013932082028702553,-0.015735983848571777,-0.1584966778755188,0.010008008377269562,0.011528074741363525,-0.07575976848602295,0.01951183021964198,0.009585738182067871,-0.09496432542800903,0.02031078205408221,0.006895482540130615,-0.1023719310760498,0.01915608175994521,0.00469815731048584,-0.1079721450805664,0.01788928934337264
1,0.0,0.0,0.0,-0.01614147424697876,-0.027334094047546387,-0.021776314150002918,-0.023037374019622803,-0.06620949506759644,-0.02392375029197069,-0.024010658264160156,-0.10065317153930664,-0.021511980588940105,-0.027394354343414307,-0.12981557846069336,-0.017089602793959102,-0.03297966718673706,-0.09642064571380615,-0.0035000888401839347,-0.04125159978866577,-0.13707619905471802,-0.0037486255405667634,-0.04513579607009888,-0.16122788190841675,-0.0061601626457843395,-0.04826843738555908,-0.18074077367782593,-0.0077650409894260974,-0.019002020359039307,-0.09609043598175049,0.007335119624229947,-0.02745574712753296,-0.13631635904312134,0.012174008157643357,-0.03157776594161987,-0.16159242391586304,0.011262091551515141,-0.034853577613830566,-0.17999017238616943,0.00974169068464903,-0.004441559314727783,-0.08845257759094238,0.015138064254614392,-0.009944617748260498,-0.11835300922393799,0.017908203159066716,-0.01379096508026123,-0.13979709148406982,0.014647111971470395,-0.016938447952270508,-0.15801525115966797,0.011290692467781582,0.010514438152313232,-0.07812798023223877,0.020564152602645436,0.008130431175231934,-0.09715026617050171,0.021749498997422734,0.004936873912811279,-0.10539829730987549,0.020922536705228367,0.0023937225341796875,-0.11172360181808472,0.019960778508874455
1,0.0,0.0,0.0,-0.015627384185791016,-0.026310622692108154,-0.020130059615027562,-0.02134031057357788,-0.06417930126190186,-0.021646345898759023,-0.021568119525909424,-0.09608429670333862,-0.018976374462496892,-0.02594733238220215,-0.12376797199249268,-0.014356446385633603,-0.03244304656982422,-0.09715908765792847,-0.003184867257502333,-0.04050475358963013,-0.13740158081054688,-0.0035142332113053953,-0.044420838356018066,-0.16088229417800903,-0.005788769506168023,-0.047465741634368896,-0.1798442006111145,-0.007368103534233228,-0.018355488777160645,-0.09633392095565796,0.006031214792031392,-0.026980280876159668,-0.13685494661331177,0.010294706627476558,-0.03132420778274536,-0.1615937352180481,0.008812134220946177,-0.034942626953125,-0.17981725931167603,0.006806903119880303,-0.003890812397003174,-0.08776146173477173,0.012362365677702769,-0.008633852005004883,-0.11734116077423096,0.013870522446680411,-0.012216746807098389,-0.13738596439361572,0.009475076637912139,-0.015550017356872559,-0.15449398756027222,0.0054350184013429725,0.011055350303649902,-0.0759703516960144,0.01656298997973238,0.008933544158935547,-0.09490805864334106,0.01648523758326803,0.006135225296020508,-0.10258787870407104,0.014868772655475482,0.00359344482421875,-0.10848861932754517,0.013316973179328784
1,0.0,0.0,0.0,-0.01498192548751831,-0.024400293827056885,-0.01499741195760862,-0.02074509859085083,-0.060472190380096436,-0.0179774001898636,-0.019439101219177246,-0.09143739938735962,-0.018557059085594574,-0.022398531436920166,-0.11750894784927368,-0.017910648575650612,-0.031048893928527832,-0.09528017044067383,-0.005839913124816576,-0.039033472537994385,-0.13462156057357788,-0.010748492060827175,-0.042585790157318115,-0.1583089828491211,-0.015234012595044533,-0.04580408334732056,-0.17775309085845947,-0.018056318602191368,-0.017521917819976807,-0.09587711095809937,-0.002072290955709377,-0.026808977127075195,-0.13709896802902222,-0.0036425138550271186,-0.03180736303329468,-0.16195231676101685,-0.006853432367222467,-0.03635096549987793,-0.18145567178726196,-0.009233519873248497,-0.0030397772789001465,-0.08828741312026978,-0.00046221434780591153,-0.007909536361694336,-0.1183784008026123,-0.00416733321793572,-0.011297166347503662,-0.13693302869796753,-0.007711432846861044,-0.014749765396118164,-0.1532880663871765,-0.010138241081165233,0.011886060237884521,-0.07573610544204712,-0.00043976243063070797,0.00881648063659668,-0.09563809633255005,-0.004182476988660255,0.006362318992614746,-0.1031719446182251,-0.004858160829769531,0.0047416090965271,-0.10948872566223145,-0.0050083086552490386
1,0.0,0.0,0.0,-0.01353764533996582,-0.024912357330322266,-0.013099525492833664,-0.018747448921203613,-0.06006592512130737,-0.014833833459960033,-0.017453670501708984,-0.08952707052230835,-0.014336182173536827,-0.020802795886993408,-0.11430996656417847,-0.01246151085589986,-0.03089749813079834,-0.09649622440338135,-0.0034742163458929554,-0.038796842098236084,-0.13594895601272583,-0.007323619347261001,-0.04230856895446777,-0.1592453122138977,-0.01099038160984378,-0.04547315835952759,-0.1782096028327942,-0.013279557597087432,-0.017481327056884766,-0.09741127490997314,-2.7184812751102072e-05,-0.02703094482421875,-0.1374855637550354,-0.0012222371494488016,-0.032125651836395264,-0.1618283987045288,-0.004511617958740999,-0.03641307353973389,-0.18112027645111084,-0.006808761876271774,-0.0032441020011901855,-0.08977746963500977,0.001445129144741486,-0.0077522993087768555,-0.11775875091552734,-0.001679296974288036,-0.011031866073608398,-0.13578873872756958,-0.0053899254614577785,-0.01449364423751831,-0.152224600315094,-0.007827203158484508,0.011658549308776855,-0.07730144262313843,0.001517512815809141,0.010253369808197021,-0.09479939937591553,-0.0014126675866634741,0.007408082485198975,-0.10290354490280151,-0.0021840200258509412,0.0046975016593933105,-0.11003178358078003,-0.002342574667380859
1,0.0,0.0,0.0,-0.015194237232208252,-0.023874878883361816,-0.012978852563520604,-0.020264029502868652,-0.059563636779785156,-0.014000432402809793,-0.01791226863861084,-0.08955550193786621,-0.01267697925212019,-0.02128392457962036,-0.11384421586990356,-0.009939430118521386,-0.03161001205444336,-0.09581786394119263,-0.003240036847984129,-0.03983032703399658,-0.13557517528533936,-0.006538973492553168,-0.043914854526519775,-0.15896832942962646,-0.009650931530615026,-0.04773229360580444,-0.1777433156967163,-0.011493626818975144,-0.018022358417510986,-0.09638923406600952,6.81139237883599e-05,-0.027570903301239014,-0.13741856813430786,-0.00020721704348147796,-0.03325718641281128,-0.16183286905288696,-0.0025196357862853347,-0.038066208362579346,-0.18025612831115723,-0.0041438386076890765,-0.0037623047828674316,-0.08837413787841797,0.0013435350731185736,-0.00910937786102295,-0.11683034896850586,-0.001120953424816662,-0.012843728065490723,-0.135853111743927,-0.004463766538520986,-0.01623713970184326,-0.1528041958808899,-0.006728542805632287,0.011146724224090576,-0.07544636726379395,0.0011571724200791778,0.008408010005950928,-0.0938723087310791,-0.0013842461164870201,0.005147695541381836,-0.10146325826644897,-0.0016703387489371835,0.002505064010620117,-0.10746157169342041,-0.0015463323332198797
1,0.0,0.0,0.0,-0.015639960765838623,-0.026162803173065186,-0.013721136172350157,-0.022518157958984375,-0.06328791379928589,-0.01592765821241926,-0.02319854497909546,-0.0959731936454773,-0.015937001240487803,-0.02595067024230957,-0.1227715015411377,-0.014561859686907042,-0.03063410520553589,-0.09633255004882812,-0.0027514596293229943,-0.03879702091217041,-0.1364738941192627,-0.006815396976705301,-0.041683197021484375,-0.16090255975723267,-0.0111445382060964,-0.04420900344848633,-0.18054801225662231,-0.013865573127802122,-0.01678168773651123,-0.09601759910583496,0.0015797215457524771,-0.02510833740234375,-0.1372324824333191,0.0011927524758021946,-0.02948862314224243,-0.16228371858596802,-0.0017390714781839733,-0.03347504138946533,-0.1816807985305786,-0.003948133234914053,-0.00205385684967041,-0.08807319402694702,0.0038866735705624933,-0.0063187479972839355,-0.11877626180648804,0.002689168293912303,-0.009344220161437988,-0.1385328769683838,0.0004024968367986048,-0.012176036834716797,-0.154738187789917,-0.0014882755056504493,0.013970255851745605,-0.07528626918792725,0.004534693638746035,0.014112234115600586,-0.09396517276763916,0.0035798232713233347,0.011990845203399658,-0.10438132286071777,0.0038069875156026,0.009958982467651367,-0.11288809776306152,0.004106790962580931
1,0.0,0.0,0.0,-0.01589292287826538,-0.02649092674255371,-0.008618078434182053,-0.02374166250228882,-0.06261426210403442,-0.010686177999986057,-0.024983644485473633,-0.09494620561599731,-0.012038840220583324,-0.02726691961288452,-0.12083429098129272,-0.01245311671615923,-0.0265963077545166,-0.09543752670288086,-0.0016746696851157594,-0.036254942417144775,-0.13754427433013916,-0.007347720914793854,-0.04051804542541504,-0.16247224807739258,-0.012411643990589027,-0.043699026107788086,-0.18271350860595703,-0.015703411081148033,-0.014221668243408203,-0.09563440084457397,-0.0012235667158790875,-0.022594094276428223,-0.1377180814743042,-0.0036222739213087607,-0.02583235502243042,-0.16380655765533447,-0.007183988352579718,-0.02812892198562622,-0.18404746055603027,-0.009727989563060646,0.00040924549102783203,-0.08824360370635986,-0.002329861519200449,-0.004627585411071777,-0.12292104959487915,-0.005094278843415623,-0.006694197654724121,-0.14370381832122803,-0.007355042041552906,-0.00876009464263916,-0.15981149673461914,-0.009214476921869164,0.017190396785736084,-0.07511746883392334,-0.004627960508031492,0.017459094524383545,-0.09430927038192749,-0.007158848696661835,0.015902459621429443,-0.10403597354888916,-0.007061438874615078,0.014468252658843994,-0.11127781867980957,-0.0067012405556567956
1,0.0,0.0,0.0,-0.016622841358184814,-0.024554729461669922,-0.011704573740047408,-0.025194287300109863,-0.06033056974411011,-0.014033698809129191,-0.02950465679168701,-0.09188443422317505,-0.01504483852235694,-0.03268539905548096,-0.1186339259147644,-0.014791502949577762,-0.025257408618927002,-0.09658998250961304,-0.0014175930822091232,-0.03444492816925049,-0.13867664337158203,-0.005961411033553077,-0.03855586051940918,-0.1632421612739563,-0.0107375982746305,-0.041598618030548096,-0.18413108587265015,-0.013846009370666934,-0.012074291706085205,-0.09698772430419922,0.0016204554291618933,-0.019706428050994873,-0.13897794485092163,0.0012125376548794975,-0.022127509117126465,-0.16400659084320068,-0.0013911019608201514,-0.024273395538330078,-0.1836773157119751,-0.0035724568709554205,0.0027095675468444824,-0.08958649635314941,0.002656379847991275,-0.0011541247367858887,-0.12291485071182251,0.0019075586630208363,-0.0022525787353515625,-0.14182591438293457,0.0005721023941589465,-0.004043519496917725,-0.15674340724945068,-0.0008503793336274157,0.018932342529296875,-0.07695609331130981,0.0020975250687627067,0.020046651363372803,-0.09986531734466553,0.002170856942626642,0.019399523735046387,-0.10799795389175415,0.0035633017711518278,0.018341481685638428,-0.11297792196273804,0.0044943053677855005
1,0.0,0.0,0.0,-0.017618775367736816,-0.026554346084594727,-0.010792230661067492,-0.02775520086288452,-0.06302124261856079,-0.013033891501876838,-0.033297717571258545,-0.09510546922683716,-0.014464551056775576,-0.03883945941925049,-0.12114816904067993,-0.014748101527843005,-0.024351179599761963,-0.09591293334960938,-5.809244747467801e-05,-0.03143578767776489,-0.137218177318573,-0.004971388201269633,-0.034276723861694336,-0.16154110431671143,-0.009932403857860095,-0.036154329776763916,-0.18282783031463623,-0.013334697517606742,-0.009261906147003174,-0.09577709436416626,0.0016659123962341482,-0.01535189151763916,-0.13733279705047607,3.376824908229992e-05,-0.01663076877593994,-0.1619918942451477,-0.0032315425901146,-0.017536282539367676,-0.18196368217468262,-0.005836338675621278,0.006566345691680908,-0.08793246746063232,0.0013495068437947566,0.0033274292945861816,-0.12102013826370239,-0.001225681798572964,0.002880692481994629,-0.14009296894073486,-0.0026759197330505913,0.0013894438743591309,-0.1552610993385315,-0.003842606381553537,0.023745357990264893,-0.0747634768486023,-0.00040845683314216785,0.025467336177825928,-0.09884113073348999,-0.0017763164919273322,0.02598649263381958,-0.1073373556137085,-0.0002911819296826934,0.025620460510253906,-0.11233770847320557,0.0008606075448511774
1,0.0,0.0,0.0,-0.019270718097686768,-0.02708357572555542,-0.010316808138796318,-0.03001934289932251,-0.0632319450378418,-0.012960787293323506,-0.03701657056808472,-0.09491205215454102,-0.014764215227970112,-0.046414732933044434,-0.11831730604171753,-0.015588567954310406,-0.02224820852279663,-0.09779077768325806,-0.00016757297102287794,-0.028283536434173584,-0.13797122240066528,-0.005460912258186568,-0.0306546688079834,-0.16167134046554565,-0.01085231489390992,-0.03188389539718628,-0.18238073587417603,-0.014515833359965313,-0.005414605140686035,-0.09772592782974243,0.001260737177162241,-0.009253978729248047,-0.13800042867660522,-0.00038887075619697953,-0.01001828908920288,-0.16194510459899902,-0.003600366310038794,-0.01068735122680664,-0.1811118721961975,-0.006158669841298092,0.011646628379821777,-0.08955687284469604,0.0006757260870102755,0.011420667171478271,-0.12173444032669067,-0.001457623684601117,0.011315345764160156,-0.14109641313552856,-0.0025037772849287876,0.009975850582122803,-0.15654468536376953,-0.003433544783675302,0.02925705909729004,-0.07541406154632568,-0.0013096407184463033,0.0340847373008728,-0.09798043966293335,-0.0020390016853895077,0.03552669286727905,-0.10967648029327393,-0.0003914141981482544,0.03574246168136597,-0.11875557899475098,0.0008292881992559842
1,0.0,0.0,0.0,-0.020057082176208496,-0.028141438961029053,-0.009434779871341448,-0.03291523456573486,-0.064297616481781,-0.012529799480077486,-0.04169785976409912,-0.09563696384429932,-0.014974651623603563,-0.05278688669204712,-0.11784142255783081,-0.01673541846507476,-0.01797264814376831,-0.09951800107955933,-0.0014418654591707991,-0.02311486005783081,-0.1397448182106018,-0.007456014629539709,-0.024908006191253662,-0.16307449340820312,-0.013333949025806646,-0.025615334510803223,-0.18367290496826172,-0.01741036097341464,-0.0007756948471069336,-0.09897500276565552,-0.0012298352067290352,-0.0031145215034484863,-0.1395365595817566,-0.0037223843374221133,-0.0031006336212158203,-0.16363084316253662,-0.0075597718805937575,-0.003332972526550293,-0.18317782878875732,-0.01057550101363347,0.016248583793640137,-0.08989328145980835,-0.0028451303933678673,0.018588542938232422,-0.12291300296783447,-0.005744318243202429,0.02013641595840454,-0.1430376172065735,-0.007302081443455677,0.02007848024368286,-0.15955603122711182,-0.008563034001824121,0.03328847885131836,-0.07432997226715088,-0.005682612069037418,0.04053449630737305,-0.09672468900680542,-0.00729077425607727,0.04351961612701416,-0.10997968912124634,-0.006114809073594074,0.044878363609313965,-0.12086647748947144,-0.005157595731404285
1,0.0,0.0,0.0,-0.01989614963531494,-0.029272735118865967,-0.00863367138633464,-0.03316742181777954,-0.06564360857009888,-0.012227513885292751,-0.043991148471832275,-0.0956336259841919,-0.01550827833095525,-0.05691373348236084,-0.11587655544281006,-0.018476382887158138,-0.012768983840942383,-0.10222208499908447,-0.002411432156506521,-0.016316115856170654,-0.14225345849990845,-0.008830026781353695,-0.017333269119262695,-0.16585910320281982,-0.014799474796447498,-0.017208576202392578,-0.18571484088897705,-0.019159301242027027,0.004577994346618652,-0.10093313455581665,-0.0036432722696844166,0.003994464874267578,-0.14261257648468018,-0.007807070447299225,0.005085945129394531,-0.16781079769134521,-0.012611353827807648,0.006138205528259277,-0.18753069639205933,-0.01628233777562116,0.021393299102783203,-0.09134232997894287,-0.006624121276828987,0.02614074945449829,-0.12750107049942017,-0.01185768289694522,0.02955251932144165,-0.14898306131362915,-0.015079234784636242,0.031658709049224854,-0.1665629744529724,-0.017347804328593952,0.037611961364746094,-0.0751228928565979,-0.010568177385422928,0.04664415121078491,-0.09940052032470703,-0.01462672097811435,0.05161851644515991,-0.11418038606643677,-0.015156538283619625,0.055100858211517334,-0.12691044807434082,-0.015401320589873535
1,0.0,0.0,0.0,-0.020637214183807373,-0.02987682819366455,-0.007830456080085924,-0.034432172775268555,-0.06804543733596802,-0.01081722713465183,-0.04698657989501953,-0.09752178192138672,-0.013811522344298055,-0.06076687574386597,-0.11641371250152588,-0.01667642425204008,-0.00929802656173706,-0.10458356142044067,-0.000633827940731635,-0.012386322021484375,-0.14437860250473022,-0.006524807023055246,-0.013236582279205322,-0.16835588216781616,-0.012449910113758733,-0.012799561023712158,-0.1881079077720642,-0.016996164055711915,0.0077370405197143555,-0.10307669639587402,-0.0023765044232675336,0.008534908294677734,-0.14499640464782715,-0.00608264905790179,0.009813785552978516,-0.1707080602645874,-0.01105125452781408,0.010956048965454102,-0.1911550760269165,-0.014997252443976095,0.024216771125793457,-0.093528151512146,-0.005927213182843616,0.029837369918823242,-0.13027560710906982,-0.010742379533297708,0.03361314535140991,-0.15283989906311035,-0.014522480027920892,0.036074042320251465,-0.17189687490463257,-0.017441654758698633,0.03930699825286865,-0.0771329402923584,-0.010458628827876737,0.049703001976013184,-0.1005626916885376,-0.014256242843515565,0.055639564990997314,-0.1158362627029419,-0.015229541989214113,0.06021761894226074,-0.12957310676574707,-0.016053930105812242
1,0.0,0.0,0.0,-0.020754516124725342,-0.02779930830001831,-0.009169907994433402,-0.035179853439331055,-0.06537073850631714,-0.013131308123334406,-0.04927569627761841,-0.09523069858551025,-0.016955015003546237,-0.06395268440246582,-0.11450707912445068,-0.02056750909970617,-0.007056057453155518,-0.10476106405258179,-0.0014582507879055129,-0.00971907377243042,-0.14489126205444336,-0.007750736303492545,-0.010859072208404541,-0.16894644498825073,-0.014111823156341075,-0.010405123233795166,-0.18898379802703857,-0.01895913736508703,0.009712517261505127,-0.10399514436721802,-0.002760113902255057,0.011585235595703125,-0.1469942331314087,-0.006875681910528897,0.013338148593902588,-0.17327594757080078,-0.012082275688513278,0.014900505542755127,-0.1942710280418396,-0.01614740373180723,0.025906264781951904,-0.09491080045700073,-0.006066318821027039,0.031855225563049316,-0.13178426027297974,-0.011332955896719454,0.03587996959686279,-0.15491539239883423,-0.01553969153748369,0.038521528244018555,-0.17454993724822998,-0.01864980043457365,0.04039657115936279,-0.07929545640945435,-0.010495601907237528,0.051889002323150635,-0.10335034132003784,-0.014506230816110133,0.05881500244140625,-0.11900746822357178,-0.015822595670684336,0.06454992294311523,-0.13326722383499146,-0.01688321375833368
1,0.0,0.0,0.0,-0.01952570676803589,-0.026890039443969727,-0.008843084220757191,-0.034803807735443115,-0.0650564432144165,-0.013001812045445149,-0.04955410957336426,-0.0948789119720459,-0.017128042300214474,-0.06497639417648315,-0.11369609832763672,-0.021141191367973988,-0.004192948341369629,-0.10585898160934448,-0.0021218491075387647,-0.006084263324737549,-0.14562004804611206,-0.00836865918802232,-0.007206380367279053,-0.16966986656188965,-0.014663518761267369,-0.006773471832275391,-0.1899663209915161,-0.019697354529967015,0.012104988098144531,-0.10499411821365356,-0.0040244468310675074,0.014509320259094238,-0.14831286668777466,-0.00852438284175605,0.016658365726470947,-0.1747724413871765,-0.013704094459285443,0.01863652467727661,-0.1961706280708313,-0.017874974180926984,0.027770638465881348,-0.0956258773803711,-0.007896809262206261,0.03459656238555908,-0.13307398557662964,-0.013811825198104088,0.039085328578948975,-0.15605497360229492,-0.018165785242786114,0.04194748401641846,-0.17588627338409424,-0.0214240563856265,0.04175323247909546,-0.07978743314743042,-0.012857791391184037,0.05415451526641846,-0.10420823097229004,-0.01766438352035493,0.06192666292190552,-0.1202889084815979,-0.01949715929197282,0.06817811727523804,-0.1352866291999817,-0.02101044857965917
1,0.0,0.0,0.0,-0.01950836181640625,-0.027261435985565186,-0.009192147264471373,-0.0345723032951355,-0.06416594982147217,-0.014354852931788287,-0.049980223178863525,-0.09326857328414917,-0.019517170237591586,-0.06574767827987671,-0.11190968751907349,-0.02462546338348659,-0.0028191804885864258,-0.1058310866355896,-0.0033015391977784248,-0.003682255744934082,-0.1456168293952942,-0.009870812269141993,-0.004440486431121826,-0.17013823986053467,-0.01636505496709617,-0.0037787556648254395,-0.19064676761627197,-0.021637774976184687,0.013231158256530762,-0.10478508472442627,-0.0054374341575709195,0.017107486724853516,-0.14770352840423584,-0.010387879768600783,0.019772231578826904,-0.1741512417793274,-0.015720155062368235,0.022060751914978027,-0.19586122035980225,-0.020126651944806895,0.028556764125823975,-0.09525012969970703,-0.00954196692465814,0.03658127784729004,-0.13430368900299072,-0.0157794598212746,0.04155975580215454,-0.1578502655029297,-0.020150816040327868,0.044736385345458984,-0.1782398819923401,-0.023586790980985484,0.04229450225830078,-0.079342782497406,-0.014771948540797553,0.05577123165130615,-0.10443973541259766,-0.02016592768042358,0.06415200233459473,-0.12166094779968262,-0.022368257837584338,0.07074576616287231,-0.13765007257461548,-0.024196147890975794
1,0.0,0.0,0.0,-0.019130825996398926,-0.025591492652893066,-0.008825203289660521,-0.03379809856414795,-0.06146407127380371,-0.014710441117557593,-0.049043357372283936,-0.08954262733459473,-0.020566052643033572,-0.06451952457427979,-0.10698580741882324,-0.026487116587730952,0.0008516311645507812,-0.10661876201629639,-0.0054848556196418485,0.0018468499183654785,-0.14637762308120728,-0.012090738748582908,0.0019139647483825684,-0.17070114612579346,-0.018607155305716105,0.00312042236328125,-0.1910395622253418,-0.024012257230850764,0.015834450721740723,-0.10546725988388062,-0.008021921736570903,0.02166616916656494,-0.1484423279762268,-0.013194079396697589,0.024961531162261963,-0.17542701959609985,-0.018566586894365855,0.027236640453338623,-0.19695264101028442,-0.023103271496864863,0.029848098754882812,-0.0958561897277832,-0.012273616974624701,0.04014146327972412,-0.13473522663116455,-0.018346964267465182,0.046185970306396484,-0.15905332565307617,-0.02299123525378377,0.05003845691680908,-0.1800004243850708,-0.026828567383262225,0.04206651449203491,-0.07975953817367554,-0.017595902902456828,0.05684924125671387,-0.10561883449554443,-0.02335270017144353,0.06583982706069946,-0.12395715713500977,-0.026114596871110507,0.07273143529891968,-0.14083755016326904,-0.028353205767842837
1,0.0,0.0,0.0,-0.019705772399902344,-0.0257493257522583,-0.008958338805342692,-0.03487974405288696,-0.0606536865234375,-0.015197023794854658,-0.05000102519989014,-0.08779346942901611,-0.021502344914580362,-0.06579059362411499,-0.10455042123794556,-0.027961454399729746,0.0018191337585449219,-0.10623323917388916,-0.005541341890449303,0.003542482852935791,-0.14540791511535645,-0.012471781157756823,0.003953456878662109,-0.17012673616409302,-0.019411348783279436,0.0054247379302978516,-0.1907753348350525,-0.025093481921459215,0.016050219535827637,-0.10509723424911499,-0.008302213669622915,0.022341668605804443,-0.14805281162261963,-0.013988772452677267,0.026050150394439697,-0.17562651634216309,-0.01981988833179571,0.029175877571105957,-0.19768446683883667,-0.024668290325308817,0.029069244861602783,-0.09584301710128784,-0.012828014836514967,0.03962552547454834,-0.1346287727355957,-0.01914462917378046,0.04625767469406128,-0.1597180962562561,-0.024076690011526125,0.051091551780700684,-0.18106263875961304,-0.02812849269142248,0.04034537076950073,-0.08034586906433105,-0.018490127333308237,0.05529755353927612,-0.10613083839416504,-0.02423965283563234,0.0648266077041626,-0.12483566999435425,-0.027053480082059878,0.07236528396606445,-0.1419641375541687,-0.029411747165823954
1,0.0,0.0,0.0,-0.019496440887451172,-0.02608877420425415,-0.008216948759439902,-0.03439962863922119,-0.060128986835479736,-0.014547203247133211,-0.04910343885421753,-0.08543646335601807,-0.021081174303475336,-0.06404578685760498,-0.10198360681533813,-0.027844762940588907,0.0032024383544921875,-0.10747396945953369,-0.00563620733905168,0.006590604782104492,-0.14628154039382935,-0.012873000045004801,0.007591068744659424,-0.17112112045288086,-0.020255996425333933,0.00914984941482544,-0.1920807957649231,-0.0262047020240459,0.016583621501922607,-0.10604381561279297,-0.009006333117071108,0.024064064025878906,-0.14859938621520996,-0.015009071257594542,0.0282289981842041,-0.17697399854660034,-0.021361770619336085,0.0315212607383728,-0.1997414231300354,-0.02662117085296245,0.028465628623962402,-0.096638023853302,-0.014027336192015127,0.04047250747680664,-0.1359419822692871,-0.020385498691979365,0.04746830463409424,-0.1612163782119751,-0.025631633166852907,0.05261337757110596,-0.18300765752792358,-0.029956367377820925,0.03852272033691406,-0.08109194040298462,-0.02012831582564445,0.05407041311264038,-0.10742855072021484,-0.026012605567160563,0.0640486478805542,-0.12665635347366333,-0.0290342406823072,0.07214152812957764,-0.14443272352218628,-0.031502418731037096
1,0.0,0.0,0.0,-0.020267963409423828,-0.026634395122528076,-0.007339843757577569,-0.03510671854019165,-0.059991657733917236,-0.01375019897160712,-0.049943745136260986,-0.08502137660980225,-0.0205256340318698,-0.06457704305648804,-0.10208165645599365,-0.027571236457802684,0.003025949001312256,-0.10881483554840088,-0.005694681055970818,0.006864309310913086,-0.14748382568359375,-0.01325319867966357,0.00805962085723877,-0.17223834991455078,-0.020940057676412493,0.009682238101959229,-0.1933666467666626,-0.02705383088824931,0.015484452247619629,-0.10741645097732544,-0.009641407732047469,0.023540198802947998,-0.14965325593948364,-0.015464937057473094,0.027839720249176025,-0.17812669277191162,-0.02161424208817664,0.03140014410018921,-0.2008976936340332,-0.026891726743556887,0.026261985301971436,-0.09791558980941772,-0.01516099341598931,0.03932279348373413,-0.13714033365249634,-0.020864577707030207,0.046806514263153076,-0.16242438554763794,-0.025520892556883723,0.05258989334106445,-0.1841232180595398,-0.02971980695066634,0.0348818302154541,-0.08216774463653564,-0.021778462197758586,0.05063915252685547,-0.10829651355743408,-0.027209959667302996,0.06060510873794556,-0.12768584489822388,-0.02986808095512572,0.06897056102752686,-0.14570266008377075,-0.03219261926052752
1,0.0,0.0,0.0,-0.021091103553771973,-0.027033567428588867,-0.005888297944366627,-0.03599196672439575,-0.05971419811248779,-0.011823562695681744,-0.05023163557052612,-0.08282804489135742,-0.01850524058103531,-0.06411242485046387,-0.10064351558685303,-0.02546378111004799,0.0020325779914855957,-0.10874968767166138,-0.00407139284074276,0.006636977195739746,-0.14697575569152832,-0.011412987276017361,0.007831037044525146,-0.1713935136795044,-0.018846587068438225,0.009242892265319824,-0.19234520196914673,-0.024730152240991288,0.013613879680633545,-0.10717487335205078,-0.008909656456708603,0.02201223373413086,-0.14996296167373657,-0.01485284117519825,0.026400625705718994,-0.17854571342468262,-0.02091333901047676,0.030676662921905518,-0.2017180323600769,-0.026047066575884514,0.023230433464050293,-0.09769129753112793,-0.015251393220424347,0.03677433729171753,-0.13763362169265747,-0.020972047722935372,0.04457664489746094,-0.16260379552841187,-0.0251635469263789,0.05112522840499878,-0.18435853719711304,-0.02900381644725769,0.03060734272003174,-0.08177322149276733,-0.022596212825774842,0.045966148376464844,-0.10801857709884644,-0.02772210424303978,0.055716633796691895,-0.12734580039978027,-0.02979020660281151,0.06432485580444336,-0.145521342754364,-0.03171625805556744
1,0.0,0.0,0.0,-0.020953714847564697,-0.026507318019866943,-0.004774427804377979,-0.03548771142959595,-0.059542179107666016,-0.010258340574083036,-0.04928821325302124,-0.08204609155654907,-0.01668932598012418,-0.06221717596054077,-0.09981369972229004,-0.02333658683973283,0.0023551583290100098,-0.10962140560150146,-0.003446381370750373,0.007844090461730957,-0.14809107780456543,-0.010668092704591459,0.009116768836975098,-0.17240571975708008,-0.017819631210741704,0.010183215141296387,-0.1931058168411255,-0.023361022881445592,0.013131260871887207,-0.10723930597305298,-0.008887196256992524,0.02236795425415039,-0.1506258249282837,-0.014780430420515245,0.027134358882904053,-0.17964178323745728,-0.020464628300842946,0.03175938129425049,-0.20306968688964844,-0.025203234813389486,0.021838903427124023,-0.09736251831054688,-0.015756224579391187,0.035858988761901855,-0.13760221004486084,-0.021245687565979665,0.0434112548828125,-0.16348302364349365,-0.02512666705924005,0.04965388774871826,-0.18615108728408813,-0.02869203623312444,0.028233587741851807,-0.08125382661819458,-0.023567878938493436,0.04403388500213623,-0.10775309801101685,-0.02819309879022569,0.053416430950164795,-0.1276124119758606,-0.029928467533764547,0.06155860424041748,-0.14623761177062988,-0.03163780022340745
1,0.0,0.0,0.0,-0.020971357822418213,-0.026907384395599365,-0.004023369977687707,-0.03501981496810913,-0.059381842613220215,-0.009534228237782827,-0.04846489429473877,-0.08127188682556152,-0.016204856912111154,-0.060844600200653076,-0.09928369522094727,-0.023234915564273706,0.0016161203384399414,-0.1099923849105835,-0.003582547063444963,0.007371723651885986,-0.14899903535842896,-0.011211557889794221,0.008661150932312012,-0.1738327145576477,-0.018532818759297243,0.00939476490020752,-0.19512546062469482,-0.02416065765402209,0.01164478063583374,-0.1071820855140686,-0.009608949179266801,0.02097010612487793,-0.15100300312042236,-0.015963547507737985,0.02544093132019043,-0.18072688579559326,-0.021991078386520257,0.029610753059387207,-0.2051483392715454,-0.026980398798798433,0.019766390323638916,-0.09681379795074463,-0.016962919960235467,0.03354734182357788,-0.13780659437179565,-0.022747219184850564,0.040885746479034424,-0.1643005609512329,-0.02692953927299868,0.04684877395629883,-0.18772786855697632,-0.030742103809927812,0.025484919548034668,-0.08036637306213379,-0.025176276097511163,0.04060661792755127,-0.10772305727005005,-0.03009671216688048,0.0496101975440979,-0.1283065676689148,-0.032092547620152345,0.057683706283569336,-0.14783191680908203,-0.0340314978905667
1,0.0,0.0,0.0,-0.01984792947769165,-0.027962923049926758,-0.002656758206043719,-0.03284662961959839,-0.06105911731719971,-0.0074266408589522825,-0.045285940170288086,-0.08256661891937256,-0.013608966397200106,-0.057022929191589355,-0.09942710399627686,-0.020190633276556014,0.0026323795318603516,-0.11111140251159668,-0.0019139983012195216,0.00912696123123169,-0.14972048997879028,-0.009439367244098662,0.010850846767425537,-0.1742095947265625,-0.016655975395892142,0.011754333972930908,-0.19504177570343018,-0.022142450699661254,0.012255489826202393,-0.10806715488433838,-0.008640393989239215,0.021987617015838623,-0.1518878936767578,-0.01501986235574293,0.02666938304901123,-0.18147778511047363,-0.021090164223764418,0.03080129623413086,-0.20596086978912354,-0.025944206306789397,0.02006012201309204,-0.09761995077133179,-0.016622004473660468,0.034062743186950684,-0.13898813724517822,-0.022467478552911757,0.04155784845352173,-0.16554677486419678,-0.026540610382411955,0.04748332500457764,-0.18902015686035156,-0.03010187614903259,0.02544260025024414,-0.08096128702163696,-0.025352453256104468,0.04038369655609131,-0.10927647352218628,-0.030164230058048247,0.04946380853652954,-0.13026219606399536,-0.031869923139069556,0.05759495496749878,-0.14974212646484375,-0.03351249303862858
1,0.0,0.0,0.0,-0.020417392253875732,-0.028258025646209717,-0.0026906488528908312,-0.03285777568817139,-0.06102412939071655,-0.007708559936887127,-0.04505419731140137,-0.08253651857376099,-0.014218246757096153,-0.056555211544036865,-0.09974807500839233,-0.021206370747691494,0.002113938331604004,-0.11133569478988647,-0.0024530193368406117,0.00906306505203247,-0.14980125427246094,-0.010447413853412968,0.011264443397521973,-0.1742824912071228,-0.017989725998646122,0.012712180614471436,-0.1954616904258728,-0.02373369336784492,0.01139521598815918,-0.1081777811050415,-0.009380266263192993,0.021656811237335205,-0.15177470445632935,-0.016119773692494732,0.026581227779388428,-0.18161660432815552,-0.022489831975704533,0.031096935272216797,-0.2067134976387024,-0.027672703570729595,0.01872837543487549,-0.09755855798721313,-0.0175555061614574,0.03354400396347046,-0.13879448175430298,-0.023762432119852406,0.04116863012313843,-0.16536617279052734,-0.028058531886941296,0.04716414213180542,-0.18906664848327637,-0.031900455436712605,0.023580729961395264,-0.08050531148910522,-0.026478789008265835,0.039400696754455566,-0.1079568862915039,-0.03177265562773357,0.04862087965011597,-0.12882953882217407,-0.03381886445642124,0.056853652000427246,-0.14851367473602295,-0.03578262516022335
1,0.0,0.0,0.0,-0.019616663455963135,-0.028788328170776367,-0.002993129870390021,-0.032145559787750244,-0.061620354652404785,-0.008311601100956523,-0.04457634687423706,-0.08331048488616943,-0.015076948075090968,-0.05622994899749756,-0.10059219598770142,-0.02225622881809386,0.0032486319541931152,-0.11133712530136108,-0.002754292661791169,0.009979307651519775,-0.15045619010925293,-0.01095090687880429,0.012143313884735107,-0.17535656690597534,-0.018669655291830622,0.013521313667297363,-0.1967707872390747,-0.024487388996874415,0.012380540370941162,-0.10796988010406494,-0.009599189950620257,0.02227151393890381,-0.15210026502609253,-0.01647149559715899,0.027113795280456543,-0.18231987953186035,-0.02286333751538905,0.03161180019378662,-0.20757681131362915,-0.027998484416400515,0.01977449655532837,-0.09727698564529419,-0.01772974219778689,0.034018754959106445,-0.1392173171043396,-0.023909596471582972,0.04170572757720947,-0.166395902633667,-0.02814335909346255,0.0479121208190918,-0.19038242101669312,-0.031890665857588374,0.02487415075302124,-0.08029407262802124,-0.026658054186498248,0.04025006294250488,-0.108364999294281,-0.03174588990071925,0.049476563930511475,-0.12959891557693481,-0.03363778975466403,0.05780714750289917,-0.14946067333221436,-0.03546716061094912
1,0.0,0.0,0.0,-0.019975662231445312,-0.028603672981262207,-0.003157393538444353,-0.03280216455459595,-0.06154221296310425,-0.008543024069680882,-0.04506105184555054,-0.08381068706512451,-0.015302181473984433,-0.0564039945602417,-0.10212123394012451,-0.022460650882734967,0.00313413143157959,-0.11146020889282227,-0.0032512289444497355,0.009520113468170166,-0.15027868747711182,-0.011461506827785684,0.011084914207458496,-0.17512595653533936,-0.019150901815905286,0.011925935745239258,-0.19658100605010986,-0.024934040612592412,0.012718379497528076,-0.10822182893753052,-0.009968436553194238,0.0225638747215271,-0.1520898938179016,-0.01702449307502718,0.027180194854736328,-0.18234145641326904,-0.023509737334265424,0.031453609466552734,-0.20776450634002686,-0.028670041120662404,0.020568430423736572,-0.09754180908203125,-0.01791890361072035,0.03500998020172119,-0.13882797956466675,-0.0241931735044858,0.042786359786987305,-0.16605716943740845,-0.02843191311420412,0.04900920391082764,-0.1901015043258667,-0.032119298583879186,0.026053905487060547,-0.08066260814666748,-0.026655471182479573,0.04149371385574341,-0.1089545488357544,-0.03165379748405428,0.050574660301208496,-0.13035905361175537,-0.033383263505115224,0.05872875452041626,-0.1503148078918457,-0.03504737303317995
1,0.0,0.0,0.0,-0.020200073719024658,-0.02658224105834961,-0.006152734506756019,-0.034141480922698975,-0.06027078628540039,-0.011965446520477485,-0.04549098014831543,-0.08439767360687256,-0.01842119672510023,-0.05652821063995361,-0.10361534357070923,-0.02514136151584978,0.0032227635383605957,-0.11111366748809814,-0.004972925756007385,0.007856369018554688,-0.15039128065109253,-0.013488252062231254,0.009436726570129395,-0.17546844482421875,-0.021607761617630672,0.011164844036102295,-0.19687223434448242,-0.027707317259043407,0.014907777309417725,-0.10850280523300171,-0.009828904989987564,0.023412227630615234,-0.15178221464157104,-0.016817554246514987,0.027674436569213867,-0.18073946237564087,-0.023469587202995967,0.03162199258804321,-0.20482879877090454,-0.02878288866195078,0.02468031644821167,-0.09866863489151001,-0.01622715161356325,0.03795194625854492,-0.13859695196151733,-0.02264272735628481,0.04473388195037842,-0.16411101818084717,-0.027000968690842342,0.04988992214202881,-0.18660712242126465,-0.030709672134250354,0.03235095739364624,-0.08276551961898804,-0.023693676452964496,0.04761207103729248,-0.11078107357025146,-0.029099622156351757,0.056666791439056396,-0.13139283657073975,-0.031277320694059085,0.06423604488372803,-0.15090584754943848,-0.03313646034511919
1,0.0,0.0,0.0,-0.020645081996917725,-0.02713942527770996,-0.0064122677172093745,-0.03472471237182617,-0.06135964393615723,-0.012058530500766551,-0.045805275440216064,-0.08762603998184204,-0.01817214911305598,-0.05645197629928589,-0.1072339415550232,-0.024427950880166804,0.0030954480171203613,-0.11146396398544312,-0.005118707227197206,0.00711512565612793,-0.1519373059272766,-0.012977091162142074,0.008418262004852295,-0.17751944065093994,-0.020678556090828693,0.009895265102386475,-0.19912856817245483,-0.0266242591055601,0.01589590311050415,-0.10953593254089355,-0.0095580281081169,0.023649752140045166,-0.15413087606430054,-0.015850618979570186,0.02797013521194458,-0.18323630094528198,-0.022009213021632945,0.03146117925643921,-0.2067807912826538,-0.02703372252607039,0.02679455280303955,-0.09971761703491211,-0.015504310405489719,0.03874027729034424,-0.1404188871383667,-0.02124568124735049,0.04580187797546387,-0.166515052318573,-0.025461327782508647,0.05106472969055176,-0.18917381763458252,-0.029259417703983104,0.035468101501464844,-0.08329910039901733,-0.022520965463158404,0.049751877784729004,-0.11146408319473267,-0.027785748741266048,0.05864882469177246,-0.13190370798110962,-0.030041058114406383,0.06606251001358032,-0.1511242389678955,-0.031996915614840304
1,0.0,0.0,0.0,-0.02104353904724121,-0.02653270959854126,-0.00724128011326286,-0.03579592704772949,-0.06211596727371216,-0.012820596636188952,-0.046413302421569824,-0.08917498588562012,-0.01866539830054137,-0.05713564157485962,-0.1093912124633789,-0.02457362116957995,0.0015696883201599121,-0.11293947696685791,-0.005041952074421374,0.005021512508392334,-0.15426063537597656,-0.012619504534555404,0.005842745304107666,-0.17967510223388672,-0.02017369011129233,0.006878197193145752,-0.201308012008667,-0.026006164790047137,0.015577852725982666,-0.11093491315841675,-0.00883213599855992,0.022784531116485596,-0.1557292342185974,-0.014829231255603759,0.026594221591949463,-0.18465036153793335,-0.021055268884552447,0.029469788074493408,-0.2081621289253235,-0.026125960812819926,0.027682602405548096,-0.10121005773544312,-0.014213658698750464,0.03941488265991211,-0.14134740829467773,-0.019897707567466227,0.04596322774887085,-0.16734981536865234,-0.024505170822990863,0.05034095048904419,-0.18967628479003906,-0.028496988878501384,0.03777283430099487,-0.08500957489013672,-0.02071334497715327,0.05195510387420654,-0.11317485570907593,-0.025887845844877688,0.06053096055984497,-0.1337185502052307,-0.028382270426405398,0.06730824708938599,-0.15286719799041748,-0.030475490556014506
1,0.0,0.0,0.0,-0.02168816328048706,-0.0260123610496521,-0.0072019245607890525,-0.03731036186218262,-0.05866527557373047,-0.013211432019446079,-0.04872018098831177,-0.08557921648025513,-0.019477888116810504,-0.059452950954437256,-0.10506415367126465,-0.025957913244340602,-0.0010829567909240723,-0.10942697525024414,-0.006822245301876251,0.0014660954475402832,-0.15171772241592407,-0.01483805115726966,0.0017453432083129883,-0.17682582139968872,-0.022459359014604274,0.0027173757553100586,-0.19825100898742676,-0.028224897677276317,0.013539254665374756,-0.10801500082015991,-0.010432069296214763,0.020325958728790283,-0.1539623737335205,-0.016558542022679035,0.023745477199554443,-0.18288516998291016,-0.02256104826388139,0.026157677173614502,-0.20601987838745117,-0.02757130667028207,0.026530146598815918,-0.09872710704803467,-0.015541326360974494,0.03760111331939697,-0.1389845609664917,-0.021053082416031543,0.04343694448471069,-0.16501253843307495,-0.025362844685290042,0.04713481664657593,-0.18700391054153442,-0.02927142857966203,0.0378759503364563,-0.08305984735488892,-0.021742099071119014,0.052195966243743896,-0.11205470561981201,-0.026925363684270565,0.06029224395751953,-0.13272207975387573,-0.029356013158533756,0.06663930416107178,-0.15195125341415405,-0.031428887615177814
1,0.0,0.0,0.0,-0.021596014499664307,-0.025346696376800537,-0.0070031178803162675,-0.037894368171691895,-0.05899834632873535,-0.012430552920790205,-0.049186527729034424,-0.08552467823028564,-0.0180253373146968,-0.060263216495513916,-0.1042630672454834,-0.023739344036670218,-0.002840101718902588,-0.10996580123901367,-0.005871222416402588,-0.0017101168632507324,-0.15247029066085815,-0.013303536518009196,-0.001912534236907959,-0.17760777473449707,-0.02048422821471263,-0.0013422966003417969,-0.19889575242996216,-0.025958713671656142,0.012737810611724854,-0.10907924175262451,-0.009358640356452952,0.017838001251220703,-0.15525996685028076,-0.014882187886627207,0.020948708057403564,-0.18400007486343384,-0.020367481342049132,0.023322641849517822,-0.20683127641677856,-0.024912601864429007,0.026784837245941162,-0.1004989743232727,-0.01435110305109788,0.03582894802093506,-0.1419115662574768,-0.019412473371716032,0.04091370105743408,-0.16765928268432617,-0.023199279388876448,0.04423445463180542,-0.18932265043258667,-0.026661530664654265,0.03942286968231201,-0.08534735441207886,-0.020431824556084166,0.05197584629058838,-0.11507660150527954,-0.024985382860990057,0.05939990282058716,-0.13574033975601196,-0.026816200992556105,0.06516087055206299,-0.15479522943496704,-0.028418284437151442
1,0.0,0.0,0.0,-0.02281135320663452,-0.02534925937652588,-0.006492754974445347,-0.03983891010284424,-0.05882066488265991,-0.011325366859367136,-0.05143857002258301,-0.08492922782897949,-0.01648061449550653,-0.06308180093765259,-0.1030803918838501,-0.021769463148942236,-0.006202816963195801,-0.11025667190551758,-0.003960903798272852,-0.006546199321746826,-0.15200591087341309,-0.010848913406064753,-0.007364928722381592,-0.1766526699066162,-0.01775205979966188,-0.007107436656951904,-0.1974642276763916,-0.0230504433336165,0.009882867336273193,-0.10995268821716309,-0.0075251507284548325,0.013531267642974854,-0.1558372974395752,-0.012677825120320563,0.015878260135650635,-0.18414771556854248,-0.018168219429483656,0.017908453941345215,-0.2064647674560547,-0.022690004733433966,0.024670779705047607,-0.10173195600509644,-0.012656246376266722,0.03326749801635742,-0.14330285787582397,-0.01784922654651666,0.037761151790618896,-0.16848129034042358,-0.021853589517107253,0.04056590795516968,-0.18939173221588135,-0.02528074110769296,0.038211047649383545,-0.08679753541946411,-0.018794576701750998,0.05009979009628296,-0.11683148145675659,-0.023285829526415114,0.056958675384521484,-0.13767749071121216,-0.025077066448560004,0.06211608648300171,-0.15696018934249878,-0.02660615282975698
1,0.0,0.0,0.0,-0.023951351642608643,-0.02424323558807373,-0.006458175500512198,-0.042037010192871094,-0.05765247344970703,-0.010745195803821161,-0.054376840591430664,-0.08289015293121338,-0.015296357815742567,-0.06769025325775146,-0.0982857346534729,-0.020017784220755175,-0.0098876953125,-0.1086655855178833,-0.0029286287181378157,-0.011482000350952148,-0.14893412590026855,-0.009035088253796175,-0.012624979019165039,-0.17305564880371094,-0.01548673411983259,-0.01252669095993042,-0.19325661659240723,-0.02060683457332857,0.006801247596740723,-0.10907977819442749,-0.006232666449278668,0.009231090545654297,-0.15420430898666382,-0.0107009002395273,0.010814666748046875,-0.18190467357635498,-0.01588961308974035,0.012399375438690186,-0.20392709970474243,-0.020262090621173456,0.02228623628616333,-0.10135215520858765,-0.011103657206177786,0.029949843883514404,-0.14252495765686035,-0.015995444861829355,0.033780813217163086,-0.16738855838775635,-0.01991636319237955,0.03622645139694214,-0.18841135501861572,-0.023337492851197794,0.036563217639923096,-0.08654969930648804,-0.016953002793371752,0.04766803979873657,-0.11553210020065308,-0.0212948584385515,0.05397862195968628,-0.1359005570411682,-0.022976894063532427,0.05860245227813721,-0.15512168407440186,-0.024498492611229494
1,0.0,0.0,0.0,-0.02467632293701172,-0.02275317907333374,-0.007058796846109772,-0.043780505657196045,-0.054997026920318604,-0.01149991937055006,-0.05737411975860596,-0.07933658361434937,-0.016091823019820595,-0.07126528024673462,-0.09426933526992798,-0.020783153735834503,-0.012411296367645264,-0.10738956928253174,-0.0031142734464140176,-0.015491127967834473,-0.1474212408065796,-0.009078535624581718,-0.017682254314422607,-0.17140167951583862,-0.01550010722203865,-0.018704652786254883,-0.19144082069396973,-0.02060504574401989,0.0041880011558532715,-0.1084638237953186,-0.005915678479510689,0.005251824855804443,-0.1533372402191162,-0.009952415154117489,0.006005585193634033,-0.18028372526168823,-0.01484794206990614,0.006821990013122559,-0.2013559341430664,-0.018967711739975357,0.02018505334854126,-0.10106748342514038,-0.010314102657872581,0.025603294372558594,-0.14220601320266724,-0.014731323719757938,0.028819620609283447,-0.1661950945854187,-0.018199081905919456,0.031008481979370117,-0.18622595071792603,-0.021267886646825218,0.03547722101211548,-0.0864526629447937,-0.01577706579192295,0.045461833477020264,-0.11530113220214844,-0.01961268987579956,0.051135241985321045,-0.1348888874053955,-0.020810668729978943,0.055402398109436035,-0.15301513671875,-0.02193343397303238
1,0.0,0.0,0.0,-0.024960219860076904,-0.022148966789245605,-0.006982184164996852,-0.04431509971618652,-0.05358278751373291,-0.011339971945460547,-0.058962106704711914,-0.07713830471038818,-0.01588363494801115,-0.07409405708312988,-0.09085148572921753,-0.020586530827756633,-0.015117287635803223,-0.10621005296707153,-0.0026906848985959186,-0.019323289394378662,-0.1458899974822998,-0.008482700363572349,-0.021766245365142822,-0.16940975189208984,-0.014778107554491271,-0.02281630039215088,-0.189159095287323,-0.019772428237672557,0.0019979476928710938,-0.1076708436012268,-0.005404533502485265,0.002073347568511963,-0.15134942531585693,-0.009036042877312411,0.002227485179901123,-0.1773890256881714,-0.01380791716354679,0.002508878707885742,-0.19819587469100952,-0.017938065492387523,0.018644332885742188,-0.10099911689758301,-0.009728402980442752,0.022946178913116455,-0.1413567066192627,-0.013772214912648906,0.02532660961151123,-0.1650199294090271,-0.01718486953603815,0.026693761348724365,-0.1851959228515625,-0.020279077031489123,0.034715473651885986,-0.08746510744094849,-0.015110384822662581,0.04387122392654419,-0.11656099557876587,-0.018512883373375644,0.048919498920440674,-0.13584500551223755,-0.019472663440581073,0.05250370502471924,-0.15364575386047363,-0.020483057164426555
1,0.0,0.0,0.0,-0.02629721164703369,-0.020924687385559082,-0.007233673300817145,-0.04658186435699463,-0.049665868282318115,-0.011580772292091979,-0.06158238649368286,-0.07188838720321655,-0.01608308364100708,-0.07702648639678955,-0.08460032939910889,-0.02074135054297699,-0.018680691719055176,-0.10243237018585205,-0.00280183396696998,-0.023525536060333252,-0.14196348190307617,-0.00854101270832075,-0.025933504104614258,-0.1650789976119995,-0.01470638491608156,-0.027115285396575928,-0.18466311693191528,-0.019576657157614363,-0.0012969374656677246,-0.10471838712692261,-0.005332453236206902,-0.002285480499267578,-0.14814138412475586,-0.008992136050238742,-0.0024871230125427246,-0.1738811731338501,-0.013898633014633788,-0.0025194883346557617,-0.1947440505027771,-0.018122490089609755,0.015637099742889404,-0.09890741109848022,-0.00948831677831663,0.01926368474960327,-0.13785874843597412,-0.013624313812925948,0.02103656530380249,-0.16053485870361328,-0.017161024328544272,0.021821260452270508,-0.18021541833877563,-0.020287617635204924,0.03229278326034546,-0.08646178245544434,-0.014715956118180884,0.04110312461853027,-0.11513227224349976,-0.018129001897051467,0.04604727029800415,-0.13335424661636353,-0.019008593227937354,0.049499571323394775,-0.1502576470375061,-0.019921639528348578
1,0.0,0.0,0.0,-0.027145564556121826,-0.020713508129119873,-0.007205699513150421,-0.04824507236480713,-0.050177693367004395,-0.011244340276761022,-0.06389307975769043,-0.07214623689651489,-0.015350222064597574,-0.07982528209686279,-0.08375167846679688,-0.019584940223438707,-0.020073294639587402,-0.1015545129776001,-0.002755474707527128,-0.026013493537902832,-0.14065372943878174,-0.008082452638490167,-0.028788626194000244,-0.16378384828567505,-0.013840252010567156,-0.03019613027572632,-0.1829383373260498,-0.018427451549513307,-0.0026160478591918945,-0.10406100749969482,-0.005146000942630735,-0.004683792591094971,-0.1471465826034546,-0.00853666145209786,-0.005434989929199219,-0.17305994033813477,-0.013221416099412409,-0.005701184272766113,-0.19369328022003174,-0.01718237571273562,0.014561116695404053,-0.0983317494392395,-0.00910264294449803,0.01727914810180664,-0.1372079849243164,-0.013109381718976465,0.018654048442840576,-0.15990382432937622,-0.016560684366567102,0.0193173885345459,-0.17956703901290894,-0.01953646488342997,0.03151726722717285,-0.08594155311584473,-0.014076264052135912,0.03924661874771118,-0.11501318216323853,-0.01753509364877459,0.043328046798706055,-0.13374042510986328,-0.01839860103879687,0.046311259269714355,-0.15117651224136353,-0.019218325091941324
1,0.0,0.0,0.0,-0.028693199157714844,-0.021849334239959717,-0.008238046013360645,-0.050987422466278076,-0.04914546012878418,-0.012366391301696922,-0.06828516721725464,-0.0697140097618103,-0.016434504233842517,-0.08497530221939087,-0.08101052045822144,-0.0205161483516747,-0.02427363395690918,-0.10324233770370483,-0.0005107689556496098,-0.0316043496131897,-0.1397106647491455,-0.00501072132269087,-0.03486436605453491,-0.16197234392166138,-0.010758235633915092,-0.03675919771194458,-0.18117353320121765,-0.015461987399106647,-0.006763458251953125,-0.10705578327178955,-0.002336532392149593,-0.010040819644927979,-0.14709794521331787,-0.004778828986530925,-0.011774122714996338,-0.17171025276184082,-0.009269648746197845,-0.012811660766601562,-0.19172698259353638,-0.01314047682339492,0.010421574115753174,-0.10233563184738159,-0.006098063711618806,0.011571168899536133,-0.13952374458312988,-0.009527246051078464,0.011734962463378906,-0.16149085760116577,-0.013233159252052928,0.011526942253112793,-0.18085411190986633,-0.016429914676194812,0.027493059635162354,-0.09060370922088623,-0.011042897172814037,0.03399014472961426,-0.11789476871490479,-0.013978349559550907,0.03694862127304077,-0.13541853427886963,-0.014894131154363777,0.03889131546020508,-0.1518547534942627,-0.015802311294322635
1,0.0,0.0,0.0,-0.02874314785003662,-0.020484328269958496,-0.007295807570770307,-0.05168354511260986,-0.04729115962982178,-0.010968596421733423,-0.06900155544281006,-0.06700706481933594,-0.014760391533926054,-0.08527237176895142,-0.07768410444259644,-0.018462710761085077,-0.026694178581237793,-0.09982949495315552,-2.2245247308205762e-05,-0.03431880474090576,-0.13625478744506836,-0.004683268469378277,-0.037752628326416016,-0.15773522853851318,-0.01029311095233254,-0.04001897573471069,-0.17598873376846313,-0.014823969200804754,-0.009477972984313965,-0.1035459041595459,-0.0020573881721048792,-0.013611912727355957,-0.1429060697555542,-0.0045145817367284735,-0.015515387058258057,-0.1658991575241089,-0.008801215075507685,-0.0170363187789917,-0.18495234847068787,-0.012521423146679922,0.008196890354156494,-0.09940290451049805,-0.005899150137409492,0.008516252040863037,-0.13492035865783691,-0.009057503872170969,0.008652150630950928,-0.1558576226234436,-0.011889229275837465,0.008203208446502686,-0.17426428198814392,-0.014463549227073713,0.0262109637260437,-0.08847308158874512,-0.010897816837385221,0.03198915719985962,-0.1150280237197876,-0.013248986311808153,0.034934043884277344,-0.1317858099937439,-0.013407557949975057,0.03710639476776123,-0.14738410711288452,-0.01378546071107678
1,0.0,0.0,0.0,-0.029006481170654297,-0.020035505294799805,-0.006794037714428214,-0.052196502685546875,-0.04631894826889038,-0.010510818518525866,-0.06954032182693481,-0.06559526920318604,-0.014384070828384665,-0.08576184511184692,-0.07565128803253174,-0.01821723994595459,-0.027392327785491943,-0.09796857833862305,-0.0006049794124578511,-0.03607666492462158,-0.13330405950546265,-0.005317785262889174,-0.04046124219894409,-0.15409472584724426,-0.01086773392540863,-0.04344213008880615,-0.1718607246875763,-0.015458413816816119,-0.010360479354858398,-0.101878821849823,-0.002994004355571178,-0.015402615070343018,-0.14078974723815918,-0.005900284692472724,-0.01805049180984497,-0.163672536611557,-0.010530515990978984,-0.019984066486358643,-0.18300563097000122,-0.014533329240805415,0.007145226001739502,-0.0975414514541626,-0.0070233502870564735,0.007026016712188721,-0.13383322954177856,-0.010786771260029582,0.006840229034423828,-0.15482273697853088,-0.014163089401847628,0.005930960178375244,-0.17353880405426025,-0.017136957913464812,0.025053441524505615,-0.08614712953567505,-0.012053293593055514,0.031057655811309814,-0.1133263111114502,-0.015428688794202117,0.033640265464782715,-0.13090503215789795,-0.01640088339132717,0.035237252712249756,-0.14773762226104736,-0.017301720052785186
1,0.0,0.0,0.0,-0.028516173362731934,-0.01790720224380493,-0.007423946847779916,-0.051269471645355225,-0.04256671667098999,-0.011655113407982753,-0.06941157579421997,-0.061138153076171875,-0.015988670037700103,-0.08596205711364746,-0.07135844230651855,-0.020235981540395187,-0.027557075023651123,-0.09398967027664185,-0.0012651290554686057,-0.037215352058410645,-0.12851712107658386,-0.006437659943117069,-0.042040109634399414,-0.14908424019813538,-0.012216515587283538,-0.04502815008163452,-0.166767418384552,-0.01683304806203978,-0.01084589958190918,-0.09844392538070679,-0.0032969980776442753,-0.016776859760284424,-0.13664942979812622,-0.006405993578596281,-0.020032882690429688,-0.15926659107208252,-0.01107693531514542,-0.022324860095977783,-0.1783357858657837,-0.015030823396159576,0.006694614887237549,-0.09488743543624878,-0.007002350156767534,0.005928456783294678,-0.13002470135688782,-0.010808906266106533,0.005439102649688721,-0.15067890286445618,-0.013981616804016994,0.004364013671875,-0.16879993677139282,-0.016696244226409362,0.02463388442993164,-0.0842818021774292,-0.011768578299893306,0.030179858207702637,-0.1106574535369873,-0.014812183314575122,0.03250032663345337,-0.12754058837890625,-0.015379604631675647,0.033866703510284424,-0.14343905448913574,-0.015939786778403686
1,0.0,0.0,0.0,-0.027824759483337402,-0.017151236534118652,-0.007382409494198328,-0.05081111192703247,-0.041753411293029785,-0.011730530146337514,-0.06933063268661499,-0.059457480907440186,-0.0160867039447794,-0.08648955821990967,-0.06820613145828247,-0.020273730937219625,-0.02843034267425537,-0.09321832656860352,-0.001733087432398861,-0.03788566589355469,-0.1274610161781311,-0.006672340292311674,-0.04285627603530884,-0.14744171500205994,-0.0122480307107935,-0.046154797077178955,-0.16442275047302246,-0.016721634972668653,-0.01184922456741333,-0.09777438640594482,-0.0035866036413381153,-0.018183529376983643,-0.135077565908432,-0.006187857441432243,-0.021490871906280518,-0.15688571333885193,-0.010388768125153547,-0.023900747299194336,-0.17518359422683716,-0.014030596088446146,0.005862176418304443,-0.09438639879226685,-0.007020038399673467,0.004245400428771973,-0.12913259863853455,-0.010179830562151437,0.003677189350128174,-0.14891386032104492,-0.012737610224462514,0.0024271011352539062,-0.1663687825202942,-0.015119799259878164,0.024142205715179443,-0.08393722772598267,-0.01151525772718287,0.02878594398498535,-0.10982376337051392,-0.013987621139563089,0.03067910671234131,-0.12616539001464844,-0.014048442091620927,0.03170114755630493,-0.14148929715156555,-0.014253767985678678
1,0.0,0.0,0.0,-0.028370797634124756,-0.016981124877929688,-0.006855263699435454,-0.05245661735534668,-0.043249428272247314,-0.01020099348261283,-0.07157212495803833,-0.06107485294342041,-0.013530630943023425,-0.08885914087295532,-0.06752181053161621,-0.01676254286303447,-0.029594600200653076,-0.09334683418273926,-0.0010461065439812955,-0.039397358894348145,-0.12741661071777344,-0.005185813967727881,-0.044141530990600586,-0.1474723219871521,-0.010137954120182258,-0.04726594686508179,-0.16442471742630005,-0.014300889660262328,-0.013009607791900635,-0.09791690111160278,-0.0029301453369043884,-0.01970970630645752,-0.13510474562644958,-0.004915948350571853,-0.023173511028289795,-0.15681350231170654,-0.00875822859688924,-0.02571338415145874,-0.17481982707977295,-0.012226566997014743,0.004738867282867432,-0.0944487452507019,-0.0063506479827992734,0.003139972686767578,-0.12861430644989014,-0.009212687004946929,0.0024959444999694824,-0.14817553758621216,-0.011935710300349456,0.0010192394256591797,-0.1653456687927246,-0.01451392783656047,0.02291339635848999,-0.0840265154838562,-0.010763614763163787,0.02751070261001587,-0.10946470499038696,-0.013223045830272895,0.029521286487579346,-0.12551620602607727,-0.01355540691747592,0.030512988567352295,-0.1405855119228363,-0.014081053760492068
1,0.0,0.0,0.0,-0.027591347694396973,-0.017431557178497314,-0.00706007634859418,-0.051076292991638184,-0.04333782196044922,-0.010242280323168984,-0.07029080390930176,-0.06089097261428833,-0.01346236630912756,-0.0877034068107605,-0.06696343421936035,-0.016475528251490346,-0.02893650531768799,-0.09300145506858826,-0.00038742833409344257,-0.0389745831489563,-0.12740373611450195,-0.004854455828777304,-0.04378306865692139,-0.1478726863861084,-0.010064593289158097,-0.04664278030395508,-0.16543427109718323,-0.014334195997676602,-0.012938618659973145,-0.09776577353477478,-0.002045236533618322,-0.020075440406799316,-0.13509735465049744,-0.004067674052080861,-0.023459792137145996,-0.1571538746356964,-0.007844075333437672,-0.02557128667831421,-0.17560523748397827,-0.011260060366353741,0.004708349704742432,-0.09477606415748596,-0.005365429218969098,0.0026981234550476074,-0.1288461685180664,-0.008150077197811356,0.0022025108337402344,-0.14805245399475098,-0.01050773240264391,0.0009781718254089355,-0.16452422738075256,-0.012762201722821942,0.02311527729034424,-0.08517110347747803,-0.009788055677077523,0.027695536613464355,-0.11065682768821716,-0.011923201155028096,0.029729902744293213,-0.1266595721244812,-0.011949690763017884,0.030873417854309082,-0.1415283977985382,-0.012246702570578805
1,0.0,0.0,0.0,-0.02698582410812378,-0.01635420322418213,-0.008636616873417324,-0.04991501569747925,-0.03928655385971069,-0.013557204748366303,-0.0696113109588623,-0.056423962116241455,-0.018284863564048237,-0.0870392918586731,-0.06513148546218872,-0.022667315560255474,-0.02787882089614868,-0.09004798531532288,-0.002992190425146646,-0.03783518075942993,-0.12423628568649292,-0.008490183162365383,-0.04289728403091431,-0.1444079875946045,-0.014200542825136608,-0.045834481716156006,-0.1617942452430725,-0.01869473304120106,-0.012133657932281494,-0.09481629729270935,-0.0041172525424997275,-0.018927574157714844,-0.1320965588092804,-0.0071185024034718936,-0.022557497024536133,-0.15401148796081543,-0.011141156549427933,-0.024892151355743408,-0.1723766028881073,-0.014631801056538052,0.005132496356964111,-0.09184977412223816,-0.006973633780006594,0.0039231181144714355,-0.12624764442443848,-0.010519662643645233,0.003232300281524658,-0.1455630362033844,-0.012972708563182778,0.0018822550773620605,-0.16205385327339172,-0.015197603735003895,0.022987663745880127,-0.08207044005393982,-0.011021368908558316,0.028209149837493896,-0.10689529776573181,-0.013805110710535473,0.0304906964302063,-0.12259113788604736,-0.014075590069268173,0.031990766525268555,-0.13733220100402832,-0.014401801633511013
1,0.0,0.0,0.0,-0.027162253856658936,-0.01631110906600952,-0.008071971530242195,-0.05040353536605835,-0.04030811786651611,-0.011946957031412353,-0.06995517015457153,-0.05727964639663696,-0.015687330098970165,-0.08685439825057983,-0.0654096007347107,-0.01918880123101019,-0.027140676975250244,-0.08988669514656067,-0.0020306959600731034,-0.03681904077529907,-0.12470689415931702,-0.006729707060529222,-0.041373372077941895,-0.1453220546245575,-0.011858981507046451,-0.043715834617614746,-0.16311851143836975,-0.01599237549505972,-0.011046648025512695,-0.09460997581481934,-0.0031469042265399594,-0.017572641372680664,-0.13270971179008484,-0.0051401638744010825,-0.020805954933166504,-0.15519589185714722,-0.008688332917316188,-0.022655963897705078,-0.17318588495254517,-0.0119785698448851,0.006386220455169678,-0.09167814254760742,-0.00596901302613162,0.00488513708114624,-0.126135915517807,-0.008630008841080894,0.004126548767089844,-0.1457335352897644,-0.011040669338925113,0.002823770046234131,-0.16194409132003784,-0.013376502724511852,0.02411520481109619,-0.0821937620639801,-0.009963298620803585,0.028871536254882812,-0.10748755931854248,-0.01215832348368906,0.03107064962387085,-0.12363076210021973,-0.012390463085992565,0.032590389251708984,-0.1382475197315216,-0.012811320306880702
1,0.0,0.0,0.0,-0.0273473858833313,-0.01535177230834961,-0.00813232062758118,-0.051063358783721924,-0.03967761993408203,-0.011836035907279552,-0.07052445411682129,-0.05751544237136841,-0.01536065040529877,-0.08766180276870728,-0.06552988290786743,-0.018627182379375995,-0.0283011794090271,-0.08948218822479248,-0.0021567009706160434,-0.03729987144470215,-0.124531090259552,-0.006789860114466251,-0.041274070739746094,-0.1453143060207367,-0.011940845087181629,-0.043262779712677,-0.16332411766052246,-0.016122809410106242,-0.012240111827850342,-0.09417733550071716,-0.0030871534571161874,-0.018564224243164062,-0.13225629925727844,-0.004961039669822753,-0.021594107151031494,-0.15456771850585938,-0.008399743385623992,-0.023377299308776855,-0.17233732342720032,-0.011638906583200992,0.005251169204711914,-0.09116816520690918,-0.0057113718092551835,0.004167079925537109,-0.1257941722869873,-0.008191928066324294,0.003709077835083008,-0.14536002278327942,-0.010520034268509448,0.0025805234909057617,-0.16137561202049255,-0.012841489896189273,0.023041069507598877,-0.08141961693763733,-0.009532946892093719,0.02834993600845337,-0.10596394538879395,-0.011649117603909076,0.03069239854812622,-0.12181910872459412,-0.011982434228073657,0.03237825632095337,-0.13603973388671875,-0.012495245583366454
1,0.0,0.0,0.0,-0.027136266231536865,-0.016588270664215088,-0.007214198564057028,-0.05034184455871582,-0.04079502820968628,-0.010506769385997927,-0.06951630115509033,-0.05791884660720825,-0.013874705624644434,-0.08648008108139038,-0.06552478671073914,-0.01710701335674969,-0.027046799659729004,-0.08979454636573792,-0.0008919486774772167,-0.03585672378540039,-0.12487947940826416,-0.005101326131139672,-0.040058135986328125,-0.14554446935653687,-0.009934241627220786,-0.0424351692199707,-0.16312232613563538,-0.013952648942236578,-0.011038661003112793,-0.09397011995315552,-0.0023576998849108577,-0.016849040985107422,-0.13214966654777527,-0.004084429447416937,-0.01983475685119629,-0.15431928634643555,-0.007635059975896752,-0.021552681922912598,-0.17171573638916016,-0.010978166689042723,0.006291031837463379,-0.09062358736991882,-0.005471601826016581,0.0054361820220947266,-0.12554457783699036,-0.007799302902881777,0.0048539042472839355,-0.14514940977096558,-0.0103718077064201,0.0036542415618896484,-0.16120976209640503,-0.01296660092181412,0.023918211460113525,-0.08054471015930176,-0.009685531933669722,0.02932572364807129,-0.10471585392951965,-0.011713333171670115,0.03145897388458252,-0.12058734893798828,-0.012188832019333518,0.032875239849090576,-0.1349382996559143,-0.012895304453437006
1,0.0,0.0,0.0,-0.028028786182403564,-0.014608025550842285,-0.007410174748528675,-0.051286280155181885,-0.03971537947654724,-0.01017071404554315,-0.0707736611366272,-0.05732458829879761,-0.012915590825159029,-0.08783948421478271,-0.06392577290534973,-0.01545567908384271,-0.027998745441436768,-0.08848375082015991,-0.0004321669001541295,-0.037128984928131104,-0.12369900941848755,-0.004164746543992237,-0.041178345680236816,-0.14441567659378052,-0.008621780248958544,-0.04316055774688721,-0.16225361824035645,-0.012351904111582712,-0.011791586875915527,-0.09307941794395447,-0.0012859440647474685,-0.018464744091033936,-0.13089990615844727,-0.002205835236836151,-0.021798312664031982,-0.15283867716789246,-0.0050806240650302925,-0.02381289005279541,-0.170024573802948,-0.007932026917714552,0.005939483642578125,-0.09010538458824158,-0.003819623776379899,0.004475116729736328,-0.1243138313293457,-0.005419802433479504,0.003853142261505127,-0.14327716827392578,-0.007261536131281332,0.0026414990425109863,-0.15872204303741455,-0.009285489144403414,0.02394866943359375,-0.08066311478614807,-0.007530030841607527,0.02868068218231201,-0.10482710599899292,-0.00893398751564689,0.03080916404724121,-0.12003648281097412,-0.008902448276657537,0.032473862171173096,-0.13374143838882446,-0.009178197989839987
1,0.0,0.0,0.0,-0.028123557567596436,-0.015080273151397705,-0.006955347435052772,-0.05228787660598755,-0.041070640087127686,-0.009164301158364196,-0.07139414548873901,-0.05902588367462158,-0.011469331981118103,-0.08795398473739624,-0.06639137864112854,-0.013658218496914287,-0.027602791786193848,-0.0911293625831604,0.00042630431920542833,-0.03681468963623047,-0.12644332647323608,-0.0029293186417476136,-0.041487812995910645,-0.14750444889068604,-0.007209923529501339,-0.04419422149658203,-0.16539552807807922,-0.010930980966861625,-0.011201024055480957,-0.09469500184059143,-0.0009665158032134968,-0.017736494541168213,-0.13282641768455505,-0.0019449357096732456,-0.02129262685775757,-0.15550443530082703,-0.005005688352014204,-0.023389577865600586,-0.17326724529266357,-0.008017710821206947,0.006246805191040039,-0.09098339080810547,-0.004058003836746593,0.0045285820960998535,-0.12615501880645752,-0.005994666313256403,0.0039196014404296875,-0.14554685354232788,-0.008095857167120357,0.0027652978897094727,-0.16146326065063477,-0.010329731219883342,0.02394270896911621,-0.0812491774559021,-0.00826881960171022,0.02852928638458252,-0.10582846403121948,-0.010131394901748081,0.030318498611450195,-0.12208643555641174,-0.01039590541410007,0.03140377998352051,-0.13685369491577148,-0.010977464207883258
1,0.0,0.0,0.0,-0.02805185317993164,-0.014486312866210938,-0.007263385988437676,-0.05224955081939697,-0.03981170058250427,-0.009838122240864777,-0.07157820463180542,-0.05772235989570618,-0.012424229941927933,-0.08838075399398804,-0.0655556321144104,-0.014811712614857697,-0.028607547283172607,-0.09099897742271423,7.863687704912081e-05,-0.03783637285232544,-0.12614929676055908,-0.00338622771170094,-0.042684853076934814,-0.14699488878250122,-0.007811672817581439,-0.04539644718170166,-0.16488847136497498,-0.011586421467029595,-0.01222151517868042,-0.0947604775428772,-0.0011053396804641125,-0.018899142742156982,-0.132663756608963,-0.001894385036678159,-0.022538423538208008,-0.15530788898468018,-0.004733531567865157,-0.024689555168151855,-0.17298191785812378,-0.007596605755054497,0.005265593528747559,-0.0911361575126648,-0.004022407643162751,0.0033642053604125977,-0.12643775343894958,-0.005689665507190966,0.002558290958404541,-0.14576327800750732,-0.0074823403913910624,0.0012834668159484863,-0.1614663004875183,-0.00952276896651938,0.023050904273986816,-0.08160564303398132,-0.00810514047708466,0.02764904499053955,-0.10609954595565796,-0.00980014942552998,0.02948051691055298,-0.1223105788230896,-0.009916703514420533,0.030745744705200195,-0.1370636522769928,-0.010339953303002858
1,0.0,0.0,0.0,-0.028164029121398926,-0.013902723789215088,-0.007555107032800379,-0.052303969860076904,-0.03910723328590393,-0.01017153068065113,-0.07170683145523071,-0.056928426027297974,-0.012760757381016674,-0.08832651376724243,-0.06414365768432617,-0.015176793472761574,-0.028825044631958008,-0.09085145592689514,-8.809835676970579e-05,-0.03790634870529175,-0.125675231218338,-0.003801088226879301,-0.0428127646446228,-0.14650803804397583,-0.008412951515907707,-0.04558753967285156,-0.1644577980041504,-0.012339012609714928,-0.012449502944946289,-0.09454470872879028,-0.0012749966987541939,-0.01910579204559326,-0.13233596086502075,-0.002435487840244832,-0.02277815341949463,-0.15493303537368774,-0.00548302652865118,-0.025083720684051514,-0.17281970381736755,-0.00842097485988802,0.004987537860870361,-0.09086480736732483,-0.0042293275761551286,0.003203094005584717,-0.12609216570854187,-0.006469836836600962,0.0025520920753479004,-0.145443856716156,-0.008398941630417767,0.0013433098793029785,-0.16137033700942993,-0.010370869101876679,0.022723913192749023,-0.08119255304336548,-0.008349607610995236,0.027142465114593506,-0.10621696710586548,-0.010463482612664166,0.029175162315368652,-0.12221857905387878,-0.010587832802826824,0.030659854412078857,-0.13677102327346802,-0.010944211767906609
1,0.0,0.0,0.0,-0.028082966804504395,-0.014744281768798828,-0.007871709086174405,-0.05237782001495361,-0.0387590229511261,-0.011234399184758104,-0.072315514087677,-0.05564865469932556,-0.014623655259782709,-0.08899766206741333,-0.0636458694934845,-0.017803468994969762,-0.029305577278137207,-0.08971869945526123,-0.0011450065273663768,-0.0386962890625,-0.12477308511734009,-0.00601085906120602,-0.04369509220123291,-0.14573407173156738,-0.011219715953046716,-0.046545207500457764,-0.1636584997177124,-0.015423247844154275,-0.013119101524353027,-0.09380874037742615,-0.002531916855076588,-0.02008146047592163,-0.13153991103172302,-0.005118796389723457,-0.023777127265930176,-0.15403443574905396,-0.008775786750192083,-0.026107728481292725,-0.17189189791679382,-0.011947585523301996,0.004282236099243164,-0.09075593948364258,-0.005721821703190244,0.00227510929107666,-0.12540209293365479,-0.00918928093480531,0.001772463321685791,-0.14471283555030823,-0.011422041125769056,0.0006530284881591797,-0.16045412421226501,-0.013332352295691408,0.022211432456970215,-0.0815349817276001,-0.01007818083482448,0.027016937732696533,-0.10646122694015503,-0.012947685338730253,0.028948962688446045,-0.12253743410110474,-0.013328076593751348,0.029938876628875732,-0.13690289855003357,-0.01372648428397838
1,0.0,0.0,0.0,-0.027591347694396973,-0.015491127967834473,-0.007731484472088823,-0.05204576253890991,-0.03949546813964844,-0.011131762749784002,-0.072429358959198,-0.05570581555366516,-0.014603150300018797,-0.08927887678146362,-0.06331837177276611,-0.017864531128935823,-0.029643476009368896,-0.09064772725105286,-0.0007554739613908623,-0.0391387939453125,-0.12533879280090332,-0.0055425886430668925,-0.044255197048187256,-0.1460561752319336,-0.010710763967864523,-0.04723227024078369,-0.16371795535087585,-0.014869078285329351,-0.013508260250091553,-0.09456411004066467,-0.002286602034502039,-0.020676732063293457,-0.13218432664871216,-0.004748201686226139,-0.024169087409973145,-0.15442872047424316,-0.008289649374120245,-0.026382088661193848,-0.1723913848400116,-0.011333288847737322,0.003923594951629639,-0.09140616655349731,-0.005630714576028595,0.0017235875129699707,-0.12615936994552612,-0.009030041507713804,0.0011793971061706543,-0.14570626616477966,-0.011019384711318025,-6.592273712158203e-05,-0.16184884309768677,-0.012732073887519846,0.021954774856567383,-0.08213546872138977,-0.010136049463682184,0.026054680347442627,-0.10710537433624268,-0.01281658116661788,0.027976572513580322,-0.12319627404212952,-0.012789942547016153,0.029021501541137695,-0.13742727041244507,-0.012874654717080602
1,0.0,0.0,0.0,-0.02727532386779785,-0.015474915504455566,-0.007593602535521882,-0.05162382125854492,-0.03968989849090576,-0.010896531061476367,-0.07158875465393066,-0.056203484535217285,-0.014243450143581526,-0.08855700492858887,-0.06411850452423096,-0.017382022121196883,-0.028926849365234375,-0.09120550751686096,-0.0008480639776422549,-0.03815793991088867,-0.12605813145637512,-0.0054790206600188185,-0.04303610324859619,-0.1466464400291443,-0.010573901363855498,-0.04594522714614868,-0.16433268785476685,-0.014794808940237658,-0.012541413307189941,-0.09538406133651733,-0.0025322862316130568,-0.019575953483581543,-0.13286682963371277,-0.005037480161732333,-0.022894620895385742,-0.1549403965473175,-0.008827580266839163,-0.02511298656463623,-0.17280685901641846,-0.012136291840320723,0.0050466060638427734,-0.09204238653182983,-0.005966635548716681,0.003161787986755371,-0.12678644061088562,-0.009515337773805754,0.0025960803031921387,-0.145912766456604,-0.011756167874878543,0.001030266284942627,-0.16181188821792603,-0.013704799243456023,0.023193836212158203,-0.08223551511764526,-0.010512880177444117,0.02740544080734253,-0.10684534907341003,-0.01353021258229603,0.029195547103881836,-0.1229260265827179,-0.013848188461011546,0.02987980842590332,-0.13735264539718628,-0.014203752518838542
1,0.0,0.0,0.0,-0.02756732702255249,-0.016161203384399414,-0.007760277009026595,-0.051807403564453125,-0.04101991653442383,-0.01140008353667099,-0.07158803939819336,-0.05764347314834595,-0.014984474974141904,-0.08840525150299072,-0.06524795293807983,-0.018395893732474633,-0.029246747493743896,-0.09207373857498169,-0.0019197657149447878,-0.03867292404174805,-0.1280553638935089,-0.007048195684717484,-0.04343914985656738,-0.14950060844421387,-0.01250718486534197,-0.04624068737030029,-0.16777455806732178,-0.01688782543914158,-0.012814164161682129,-0.09650149941444397,-0.0035516747649921854,-0.019665777683258057,-0.1347728967666626,-0.006326017892376967,-0.022984325885772705,-0.15733551979064941,-0.010361799495683499,-0.025297045707702637,-0.1756955087184906,-0.013822790692017861,0.004748225212097168,-0.09331223368644714,-0.006829955606178828,0.002672255039215088,-0.1288706660270691,-0.010199227827058621,0.0017518997192382812,-0.1482333242893219,-0.012469163621233292,-1.0609626770019531e-05,-0.16411831974983215,-0.014521739902363606,0.02276533842086792,-0.08343344926834106,-0.011232038485275098,0.026707589626312256,-0.10815009474754333,-0.013883220488594361,0.02826148271560669,-0.12431097030639648,-0.01397774321065981,0.029051482677459717,-0.13866537809371948,-0.014210159415767976
1,0.0,0.0,0.0,-0.0267980694770813,-0.016254782676696777,-0.008775982466929122,-0.050506412982940674,-0.04018181562423706,-0.013452793864004775,-0.07029932737350464,-0.057180821895599365,-0.017994240318827792,-0.08733886480331421,-0.0667765736579895,-0.02227736303716199,-0.02797842025756836,-0.09240290522575378,-0.003263058766194149,-0.037638962268829346,-0.12847650051116943,-0.009074245972030326,-0.042730748653411865,-0.14986824989318848,-0.014888727498643561,-0.045700669288635254,-0.16796910762786865,-0.019497687389545604,-0.011640548706054688,-0.09648945927619934,-0.004784679898463651,-0.01881861686706543,-0.13506299257278442,-0.00836356489121215,-0.022117018699645996,-0.1575566828250885,-0.012679203805916472,-0.024194836616516113,-0.17589685320854187,-0.016280480121665164,0.005850434303283691,-0.09307566285133362,-0.008066057620041533,0.003763556480407715,-0.1291467547416687,-0.012355940808944865,0.0030324459075927734,-0.14852195978164673,-0.014839697090380355,0.0014819502830505371,-0.1644628942012787,-0.016920837034874125,0.023938536643981934,-0.08317175507545471,-0.012530114894204303,0.028029322624206543,-0.10837864875793457,-0.015915824492864772,0.029606342315673828,-0.12451690435409546,-0.016312586536102458,0.030251026153564453,-0.13895964622497559,-0.016698595528893634
1,0.0,0.0,0.0,-0.02775394916534424,-0.017307579517364502,-0.008551651797816362,-0.0513232946395874,-0.04181253910064697,-0.013183062150702085,-0.07117921113967896,-0.05908852815628052,-0.01773363091014346,-0.08859825134277344,-0.06803387403488159,-0.021990840509161558,-0.02914494276046753,-0.09358042478561401,-0.0024517010428013464,-0.03892171382904053,-0.12968868017196655,-0.008143959752842989,-0.04391181468963623,-0.1510615348815918,-0.014083231985196676,-0.04687333106994629,-0.1691390573978424,-0.018717090785131063,-0.012585878372192383,-0.09778472781181335,-0.004052453860268201,-0.01930934190750122,-0.1363847851753235,-0.00720211928673109,-0.022516727447509766,-0.1591510772705078,-0.011526500992104616,-0.024495482444763184,-0.17745035886764526,-0.015128519571945276,0.0050910115242004395,-0.09414562582969666,-0.007411030307039823,0.003367125988006592,-0.12968865036964417,-0.01101103443615159,0.0024102330207824707,-0.14892375469207764,-0.013348732329532709,0.000847935676574707,-0.16464295983314514,-0.015412216260656919,0.023153722286224365,-0.0836852490901947,-0.0119884807612749,0.02737748622894287,-0.10821333527565002,-0.014639598503336515,0.028898119926452637,-0.12421917915344238,-0.014614558033272829,0.02977573871612549,-0.13858294486999512,-0.014720147661492433
1,0.0,0.0,0.0,-0.026952385902404785,-0.01701831817626953,-0.007565490355602833,-0.050818681716918945,-0.04339802265167236,-0.011463140057287546,-0.07070177793502808,-0.061612486839294434,-0.01543337191816363,-0.08808863162994385,-0.06991219520568848,-0.01928548972483668,-0.028545141220092773,-0.09499332308769226,-0.002344453161470028,-0.03777515888214111,-0.1313897967338562,-0.008113355295620295,-0.04291534423828125,-0.1530766785144806,-0.014102471912167402,-0.0462191104888916,-0.17123061418533325,-0.018835612492523524,-0.012031912803649902,-0.09903091192245483,-0.004404090264699789,-0.01853311061859131,-0.1383785903453827,-0.00797768581088576,-0.021639525890350342,-0.16189992427825928,-0.012505472557506891,-0.02380293607711792,-0.1805424690246582,-0.01621355201478991,0.005676090717315674,-0.09537717700004578,-0.008093060845396849,0.003961801528930664,-0.13108664751052856,-0.012258940296135279,0.0030930638313293457,-0.15076735615730286,-0.015012991534433695,0.0013520121574401855,-0.16660964488983154,-0.017232096673808428,0.02376312017440796,-0.08506655693054199,-0.012865106494984957,0.02832871675491333,-0.11042049527168274,-0.01606348614569697,0.02992427349090576,-0.1271795928478241,-0.01651640507753882,0.030440330505371094,-0.14171156287193298,-0.016928336502871844
1,0.0,0.0,0.0,-0.030142903327941895,-0.01658421754837036,-0.007962482967599271,-0.0549166202545166,-0.04177677631378174,-0.012300845221801637,-0.0748947262763977,-0.05994528532028198,-0.016651041791959642,-0.09255063533782959,-0.06732422113418579,-0.02089238724224174,-0.03173518180847168,-0.09401929378509521,-0.0020143422160288083,-0.041412532329559326,-0.1301962435245514,-0.007378768627717136,-0.04613620042800903,-0.15186139941215515,-0.013679622658713697,-0.04976952075958252,-0.169864684343338,-0.018777774633093713,-0.014769256114959717,-0.09873974323272705,-0.00404149152822697,-0.021740376949310303,-0.13842588663101196,-0.006887863842024444,-0.025163769721984863,-0.1614636778831482,-0.011639133081956743,-0.027972102165222168,-0.18014675378799438,-0.015780998380108713,0.003317534923553467,-0.09532099962234497,-0.007730374564602016,0.00089263916015625,-0.1318081021308899,-0.010870222919805883,-0.000213623046875,-0.1531933844089508,-0.013844178044422506,-0.001902759075164795,-0.17058593034744263,-0.016711700693889497,0.021870791912078857,-0.08481085300445557,-0.01262654269598329,0.02623361349105835,-0.11064028739929199,-0.01494746281318271,0.027503013610839844,-0.12668603658676147,-0.015045089633389352,0.02800661325454712,-0.14055699110031128,-0.015506920390947698
1,0.0,0.0,0.0,-0.030413925647735596,-0.01740741729736328,-0.007871443136977518,-0.05471080541610718,-0.04133647680282593,-0.01251460305546459,-0.07418984174728394,-0.05908018350601196,-0.017288506693589056,-0.09161984920501709,-0.06737977266311646,-0.02201090074275669,-0.03268033266067505,-0.09342843294143677,-0.0024816263107680925,-0.04192960262298584,-0.12976780533790588,-0.008651852338957156,-0.0466957688331604,-0.15144753456115723,-0.015180097624110545,-0.04986149072647095,-0.16990366578102112,-0.02035299568568405,-0.01543426513671875,-0.09766024351119995,-0.004993199102031554,-0.022484660148620605,-0.13717776536941528,-0.009280912309336031,-0.0259895920753479,-0.16066980361938477,-0.014755566335665549,-0.02838987112045288,-0.17995595932006836,-0.019166447884785498,0.0026015043258666992,-0.09417754411697388,-0.00915215882604059,0.0002525448799133301,-0.1313050091266632,-0.014146198249804343,-0.0011754631996154785,-0.15249252319335938,-0.017593080840455855,-0.002859652042388916,-0.16969600319862366,-0.020350972853051985,0.020989835262298584,-0.0840301513671875,-0.014368786207782591,0.025763094425201416,-0.10972762107849121,-0.01832198045347866,0.0272902250289917,-0.12665238976478577,-0.0190945088038319,0.028181374073028564,-0.14165768027305603,-0.01972474410329994
1,0.0,0.0,0.0,-0.03152889013290405,-0.016336143016815186,-0.007507428747814515,-0.05596733093261719,-0.03980362415313721,-0.011752057110172132,-0.07604265213012695,-0.05634433031082153,-0.01619891658167205,-0.09395700693130493,-0.0642818808555603,-0.020590050366919854,-0.03312498331069946,-0.09266436100006104,-0.001444751617711404,-0.04266500473022461,-0.12878620624542236,-0.006890104373198369,-0.04741758108139038,-0.15055927634239197,-0.012847075459760049,-0.05085349082946777,-0.16878265142440796,-0.017669834417503694,-0.016016781330108643,-0.09672427177429199,-0.003984147438060859,-0.022951483726501465,-0.13599151372909546,-0.0078023488048728495,-0.026566803455352783,-0.1593298316001892,-0.013034421240192273,-0.029205322265625,-0.1787024438381195,-0.017237717506688455,0.001931309700012207,-0.09299969673156738,-0.008170974661808827,-0.0003388524055480957,-0.12923765182495117,-0.013044161011677602,-0.0020012855529785156,-0.15083584189414978,-0.016703227755826333,-0.004025697708129883,-0.1687401533126831,-0.019546266866129258,0.020348727703094482,-0.0826805830001831,-0.013353488628965238,0.025275588035583496,-0.1086624264717102,-0.017263539356392243,0.02674388885498047,-0.12539154291152954,-0.018022796360057214,0.027412831783294678,-0.14037245512008667,-0.018621279147666314
1,0.0,0.0,0.0,-0.03139311075210571,-0.016474604606628418,-0.008050580604020752,-0.056686580181121826,-0.040239930152893066,-0.012414063422028221,-0.07726967334747314,-0.05669522285461426,-0.016980506574753917,-0.09545356035232544,-0.0643090009689331,-0.02146823154950539,-0.03446471691131592,-0.09332364797592163,-0.0015037487978304398,-0.043662965297698975,-0.12920713424682617,-0.0073146206345597875,-0.048369765281677246,-0.15092921257019043,-0.013633394708875812,-0.051899075508117676,-0.16928711533546448,-0.018744044100884594,-0.017361462116241455,-0.09809291362762451,-0.003961125483755268,-0.024333059787750244,-0.13747000694274902,-0.00831731045806805,-0.0280839204788208,-0.16105765104293823,-0.013855012228731312,-0.031066536903381348,-0.18061107397079468,-0.018204914500955738,0.0007692575454711914,-0.09500962495803833,-0.008199244832638897,-0.0015421509742736816,-0.1321096420288086,-0.013692826127652324,-0.0032110214233398438,-0.15335965156555176,-0.017602957880143322,-0.005521118640899658,-0.17086994647979736,-0.020473059361819423,0.01968538761138916,-0.0851849913597107,-0.013492466976884998,0.024965286254882812,-0.11143183708190918,-0.017810538506154217,0.02652740478515625,-0.12817424535751343,-0.018870614564065136,0.026987016201019287,-0.14293742179870605,-0.01964158574307362
1,0.0,0.0,0.0,-0.031671881675720215,-0.015858054161071777,-0.00894398359406523,-0.05721992254257202,-0.0386691689491272,-0.013677604736869853,-0.07761174440383911,-0.05610251426696777,-0.018451049232965033,-0.09565764665603638,-0.06451433897018433,-0.023092595169430297,-0.03465139865875244,-0.09322237968444824,-0.002147173283731263,-0.04379147291183472,-0.13000458478927612,-0.008113309981411021,-0.04808163642883301,-0.15221792459487915,-0.01455516205925278,-0.05111604928970337,-0.17134764790534973,-0.019734478796010535,-0.017027616500854492,-0.09790176153182983,-0.004189831910764497,-0.02402973175048828,-0.13768112659454346,-0.008733222501462024,-0.027864813804626465,-0.16153711080551147,-0.014434674063807051,-0.03080308437347412,-0.18156805634498596,-0.018926345983629744,0.0012426376342773438,-0.09513777494430542,-0.008098665865247767,-0.0011734962463378906,-0.13204872608184814,-0.013784388320630114,-0.003162205219268799,-0.153755784034729,-0.01778710936952166,-0.005545556545257568,-0.1717258095741272,-0.020715010592823546,0.020196735858917236,-0.08614927530288696,-0.013146170655375045,0.025313735008239746,-0.11290419101715088,-0.017609094509964507,0.026945114135742188,-0.1297627091407776,-0.018730591291671317,0.027626514434814453,-0.14471930265426636,-0.019544438699369948
1,0.0,0.0,0.0,-0.03139585256576538,-0.01598334312438965,-0.00856936424405319,-0.05779021978378296,-0.039734601974487305,-0.012715248199114626,-0.07864528894424438,-0.05696946382522583,-0.016891369404206102,-0.09677225351333618,-0.06461101770401001,-0.02091312948049051,-0.03526449203491211,-0.09483879804611206,-0.0014433614387456828,-0.04436212778091431,-0.13224822282791138,-0.00695050395459873,-0.048445820808410645,-0.15480345487594604,-0.013100903289327448,-0.05107104778289795,-0.17400974035263062,-0.018084751250157183,-0.01781308650970459,-0.09955918788909912,-0.0033679856396560126,-0.024865388870239258,-0.13918757438659668,-0.0072136100325082,-0.028403818607330322,-0.16287726163864136,-0.01244486849189741,-0.030941128730773926,-0.18247276544570923,-0.016665199579605883,0.00047892332077026367,-0.09681111574172974,-0.007155841955849951,-0.001875758171081543,-0.13425320386886597,-0.012019944185325926,-0.003724217414855957,-0.15550953149795532,-0.01552090495259506,-0.005953609943389893,-0.17272323369979858,-0.018246078671822374,0.019444286823272705,-0.08770543336868286,-0.01210958677710039,0.024428129196166992,-0.11391395330429077,-0.015966532560000246,0.026051104068756104,-0.13074910640716553,-0.016827633412489718,0.02691429853439331,-0.14543646574020386,-0.01752526666403753
1,0.0,0.0,0.0,-0.030504703521728516,-0.015532374382019043,-0.008154522055718871,-0.05737650394439697,-0.040192246437072754,-0.011824593307409259,-0.07826745510101318,-0.057090580463409424,-0.015479427190456363,-0.09597659111022949,-0.06454777717590332,-0.018936047689948055,-0.035053551197052,-0.09604620933532715,-0.0012643511974772537,-0.04398512840270996,-0.13437306880950928,-0.006340101720724078,-0.04833096265792847,-0.1571398377418518,-0.0119321517515516,-0.05125725269317627,-0.17605054378509521,-0.016432321058545085,-0.017577826976776123,-0.10060834884643555,-0.0031661606728619063,-0.024554550647735596,-0.14122503995895386,-0.006577543808106157,-0.028080880641937256,-0.16546791791915894,-0.01137389837387559,-0.030598998069763184,-0.18475455045700073,-0.01520582976374385,0.0007818341255187988,-0.09769624471664429,-0.006852381756488057,-0.0017244219779968262,-0.13585710525512695,-0.011408808069262477,-0.003738701343536377,-0.15691465139389038,-0.01466839423957822,-0.006130635738372803,-0.17369914054870605,-0.017115820558700534,0.020001590251922607,-0.08840280771255493,-0.011621059277985069,0.024625957012176514,-0.11590945720672607,-0.015290011079940768,0.026047050952911377,-0.13369107246398926,-0.01600332035306451,0.026662886142730713,-0.14925646781921387,-0.0165084604043102
1,0.0,0.0,0.0,-0.030432820320129395,-0.014870941638946533,-0.008172982885952251,-0.05655777454376221,-0.03922015428543091,-0.012054078794534462,-0.07699942588806152,-0.056575655937194824,-0.015959285713250893,-0.09459757804870605,-0.06499767303466797,-0.019706819720084923,-0.03387343883514404,-0.09634876251220703,-0.001885798342044609,-0.04329657554626465,-0.1352420449256897,-0.007417327306683319,-0.04792356491088867,-0.15847206115722656,-0.013315669774527805,-0.05082494020462036,-0.17780309915542603,-0.017997565261538284,-0.016341030597686768,-0.10095137357711792,-0.003912584904099958,-0.023478806018829346,-0.14226442575454712,-0.007507016464586513,-0.026719331741333008,-0.16715335845947266,-0.012304771273846882,-0.028760969638824463,-0.18673092126846313,-0.01617877609234597,0.0022501349449157715,-0.09800201654434204,-0.00773937027108218,-0.00029081106185913086,-0.13686048984527588,-0.01236269860666539,-0.0020746588706970215,-0.15828192234039307,-0.01551656848889138,-0.0042029619216918945,-0.17508119344711304,-0.01795843481224324,0.021717548370361328,-0.08849209547042847,-0.012681994169469135,0.026317179203033447,-0.11619389057159424,-0.016543474561984794,0.027652263641357422,-0.13389509916305542,-0.017278541393096702,0.02817845344543457,-0.14916151762008667,-0.01780936173301484
1,0.0,0.0,0.0,-0.029744625091552734,-0.01481783390045166,-0.00886561036901412,-0.05582761764526367,-0.039003074169158936,-0.013404866353141642,-0.07656383514404297,-0.05688673257827759,-0.017878153965341426,-0.09436094760894775,-0.0650586485862732,-0.02219046992109952,-0.03344845771789551,-0.09619170427322388,-0.003463433728086329,-0.04273504018783569,-0.13555073738098145,-0.009878471166359759,-0.04727727174758911,-0.15913569927215576,-0.016311010018455363,-0.050025761127471924,-0.17906653881072998,-0.02136792582319913,-0.015951454639434814,-0.1016160249710083,-0.005330618609207249,-0.023087739944458008,-0.14337021112442017,-0.009754792459773398,-0.026190221309661865,-0.16861772537231445,-0.014833814137148238,-0.02837008237838745,-0.1888546347618103,-0.01890975949214635,0.0026260018348693848,-0.09893351793289185,-0.009007889450060702,0.00032901763916015625,-0.1380300521850586,-0.014325430289375163,-0.0008845925331115723,-0.15939831733703613,-0.017632856637703753,-0.002884984016418457,-0.17630702257156372,-0.020121439964043475,0.022071123123168945,-0.08914881944656372,-0.013856196448671199,0.02725011110305786,-0.11731129884719849,-0.018325449571477748,0.029001951217651367,-0.13532066345214844,-0.01940375347481904,0.02954763174057007,-0.150826096534729,-0.020135050312148906
1,0.0,0.0,0.0,-0.030047297477722168,-0.015644431114196777,-0.00877773192283371,-0.055778324604034424,-0.04093974828720093,-0.013244552431075363,-0.07611483335494995,-0.05972093343734741,-0.017714219992427616,-0.09411400556564331,-0.06806933879852295,-0.022090217923192768,-0.032036781311035156,-0.09745752811431885,-0.0033583835562751574,-0.041453540325164795,-0.13711529970169067,-0.010095951040653972,-0.04589051008224487,-0.16133707761764526,-0.01683922753241518,-0.048399269580841064,-0.18176066875457764,-0.022011290197639255,-0.014537394046783447,-0.10281980037689209,-0.005378060401795892,-0.021407663822174072,-0.14553916454315186,-0.0101353022133992,-0.02454209327697754,-0.17182177305221558,-0.01552378748115757,-0.0265924334526062,-0.19286894798278809,-0.019699650709895877,0.0038406848907470703,-0.10008436441421509,-0.009210201804904727,0.0019935965538024902,-0.1398366093635559,-0.014785122950939922,0.0005585551261901855,-0.16177815198898315,-0.018342620586423664,-0.001495361328125,-0.17923158407211304,-0.02088004246857622,0.02291882038116455,-0.09020876884460449,-0.01420133363959053,0.028411507606506348,-0.11928802728652954,-0.018709245031146793,0.030254065990447998,-0.13791322708129883,-0.019766258900432376,0.03093928098678589,-0.15409982204437256,-0.020431115185289173
1,0.0,0.0,0.0,-0.029983460903167725,-0.01593303680419922,-0.009104275667041861,-0.055431365966796875,-0.04146772623062134,-0.014140976183981024,-0.07508516311645508,-0.06082695722579956,-0.01904248870995673,-0.09271728992462158,-0.07010114192962646,-0.02387414552357825,-0.030367672443389893,-0.09841668605804443,-0.004917003736764514,-0.03881603479385376,-0.1380378007888794,-0.012046104819447123,-0.04338204860687256,-0.16239815950393677,-0.01891327329066428,-0.04612237215042114,-0.1825539469718933,-0.024147924558192813,-0.01267552375793457,-0.1034555435180664,-0.007000615877032601,-0.019199371337890625,-0.14664989709854126,-0.012225124576062285,-0.0225333571434021,-0.17315632104873657,-0.017628465370208346,-0.024897217750549316,-0.19425112009048462,-0.021777328626185977,0.005798459053039551,-0.10019731521606445,-0.010843571797877871,0.004069209098815918,-0.14070850610733032,-0.016832523570329272,0.0026358962059020996,-0.1633005142211914,-0.02032075688329371,0.000544428825378418,-0.18127751350402832,-0.022788771019250476,0.024899840354919434,-0.08987689018249512,-0.01582268305209311,0.03024977445602417,-0.11983197927474976,-0.020664003268748843,0.032205045223236084,-0.1389438509941101,-0.021668276340633952,0.032888591289520264,-0.15543097257614136,-0.022252070308596217
1,0.0,0.0,0.0,-0.02937227487564087,-0.016823768615722656,-0.008743755610709059,-0.05507391691207886,-0.041999220848083496,-0.013910894373481142,-0.0749005675315857,-0.061434805393218994,-0.019004251899247038,-0.09230715036392212,-0.07024019956588745,-0.024160571487669813,-0.030339300632476807,-0.09924095869064331,-0.005148663742517101,-0.03866177797317505,-0.1390051245689392,-0.012246813716416227,-0.0425182580947876,-0.16336530447006226,-0.019110119061593878,-0.04475504159927368,-0.18366771936416626,-0.024438325407032835,-0.012662351131439209,-0.10384780168533325,-0.007406961729799377,-0.01858973503112793,-0.14727163314819336,-0.012563217522625791,-0.021755516529083252,-0.17347753047943115,-0.018108008520727026,-0.02423691749572754,-0.19475173950195312,-0.02250747205508219,0.005989551544189453,-0.10043472051620483,-0.011367831470494139,0.003989219665527344,-0.14080631732940674,-0.017208669425968992,0.0026353001594543457,-0.16447663307189941,-0.021281031983022558,0.0005036592483520508,-0.18356019258499146,-0.024408251138453352,0.025326192378997803,-0.09007924795150757,-0.01640920722675787,0.030960381031036377,-0.1199183464050293,-0.021306226121311056,0.03330206871032715,-0.13882601261138916,-0.022734906615738737,0.03411072492599487,-0.15521621704101562,-0.023783991204624044
1,0.0,0.0,0.0,-0.03034454584121704,-0.016979217529296875,-0.008371029572174393,-0.05518156290054321,-0.04379516839981079,-0.013503102177367055,-0.07494741678237915,-0.06377589702606201,-0.01878020685313686,-0.09294247627258301,-0.07297056913375854,-0.02413671795426353,-0.029838085174560547,-0.10220342874526978,-0.004283282497510754,-0.03736281394958496,-0.142958402633667,-0.01130904402731403,-0.041166722774505615,-0.16799592971801758,-0.0185486856490229,-0.04341566562652588,-0.18912458419799805,-0.024294089117631756,-0.012016534805297852,-0.10585761070251465,-0.007169451621905409,-0.017993390560150146,-0.15038317441940308,-0.012453288362905823,-0.020821213722229004,-0.17791986465454102,-0.01863784115909084,-0.022762000560760498,-0.20073753595352173,-0.023492689767465436,0.006777763366699219,-0.10129088163375854,-0.011702714079603993,0.005408763885498047,-0.1430315375328064,-0.017596507036671483,0.004005908966064453,-0.16746705770492554,-0.021871000120029294,0.0019291043281555176,-0.18781167268753052,-0.02519776258765205,0.026382029056549072,-0.08953392505645752,-0.017337278985962712,0.032494306564331055,-0.11944496631622314,-0.022149940544352376,0.034755825996398926,-0.13900291919708252,-0.023534429782614552,0.03587973117828369,-0.15657508373260498,-0.024598858842239224
1,0.0,0.0,0.0,-0.029674530029296875,-0.01684814691543579,-0.008478983321253963,-0.054583072662353516,-0.043494462966918945,-0.013096332565908142,-0.07357901334762573,-0.06403523683547974,-0.01772622020638437,-0.090756356716156,-0.07436716556549072,-0.0224143508980319,-0.027157902717590332,-0.10156947374343872,-0.004228986815576263,-0.034739553928375244,-0.1428268551826477,-0.010984918118481346,-0.03910547494888306,-0.16806679964065552,-0.017777968213920303,-0.04170411825180054,-0.18877077102661133,-0.023050731063847252,-0.009734153747558594,-0.10526782274246216,-0.006533824854557224,-0.015235960483551025,-0.1502763032913208,-0.011181201801662155,-0.017931759357452393,-0.1778833270072937,-0.016463603840236374,-0.019668757915496826,-0.19964683055877686,-0.02063650266921968,0.008511662483215332,-0.10077714920043945,-0.010544466801945873,0.007458686828613281,-0.1428200602531433,-0.015789981947307297,0.006863296031951904,-0.16614258289337158,-0.019161840916638084,0.00553441047668457,-0.18479281663894653,-0.021784827129010864,0.027485191822052002,-0.0892719030380249,-0.015695558876757332,0.03375411033630371,-0.11887288093566895,-0.019911678523783394,0.03634500503540039,-0.1376374363899231,-0.020700680107836433,0.03777360916137695,-0.15372854471206665,-0.02126797290242166
1,0.0,0.0,0.0,-0.029727816581726074,-0.017405033111572266,-0.008922438108371011,-0.05424070358276367,-0.04489940404891968,-0.013894903444693796,-0.07312929630279541,-0.06583970785140991,-0.01880284489040207,-0.09088349342346191,-0.07612192630767822,-0.023753506102607957,-0.025895535945892334,-0.10277950763702393,-0.004725980077878944,-0.033620357513427734,-0.14440715312957764,-0.01166389041488003,-0.038010478019714355,-0.17010104656219482,-0.018555625312970392,-0.04074418544769287,-0.191137433052063,-0.02394411244337391,-0.008595585823059082,-0.10669118165969849,-0.006994446245030872,-0.013899266719818115,-0.15199881792068481,-0.011983301461683027,-0.016551434993743896,-0.180017352104187,-0.01749703192059826,-0.018281519412994385,-0.20228254795074463,-0.021857990854428522,0.009352803230285645,-0.10244274139404297,-0.011008702189670316,0.00822073221206665,-0.14449375867843628,-0.016529493936346284,0.007317304611206055,-0.16865307092666626,-0.020335567154930345,0.005812108516693115,-0.18823838233947754,-0.023364975088284723,0.02790731191635132,-0.09107071161270142,-0.016197993391202203,0.034441232681274414,-0.12008917331695557,-0.020703549467967264,0.03733682632446289,-0.13924098014831543,-0.021928106405781023,0.03903818130493164,-0.15608978271484375,-0.022908340179370157
1,0.0,0.0,0.0,-0.028948187828063965,-0.018092036247253418,-0.008623648755147428,-0.05393272638320923,-0.04677295684814453,-0.013072071917250128,-0.07351940870285034,-0.06798112392425537,-0.017443252116336794,-0.09127229452133179,-0.07858824729919434,-0.0218048257230663,-0.02649778127670288,-0.1037185788154602,-0.003997925989224882,-0.034601449966430664,-0.14598828554153442,-0.01037204763282773,-0.03865325450897217,-0.17159652709960938,-0.016762054845585794,-0.04094898700714111,-0.19277125597000122,-0.021744408965005846,-0.009025812149047852,-0.10797637701034546,-0.006084133725508423,-0.014403343200683594,-0.15425533056259155,-0.010177461750700445,-0.01691216230392456,-0.18249529600143433,-0.015074651077284784,-0.018649697303771973,-0.2048913836479187,-0.019036745041503877,0.009417355060577393,-0.10385096073150635,-0.00992624773074624,0.008240163326263428,-0.14588028192520142,-0.014409189432754488,0.007227182388305664,-0.1702944040298462,-0.017808922886743517,0.005587399005889893,-0.19016307592391968,-0.020711458608403177,0.02833312749862671,-0.09266281127929688,-0.014973102457716436,0.034426331520080566,-0.12158793210983276,-0.01840546293546197,0.03743267059326172,-0.14051896333694458,-0.01910937702645299,0.03935486078262329,-0.1571650505065918,-0.01986851109553811
1,0.0,0.0,0.0,-0.029220998287200928,-0.018719255924224854,-0.00883069820652338,-0.05465143918991089,-0.0461696982383728,-0.013720992020765266,-0.0745840072631836,-0.06710141897201538,-0.018643520771959743,-0.09255188703536987,-0.07775920629501343,-0.02352263592133852,-0.02777808904647827,-0.1040617823600769,-0.0035789823154601663,-0.035796523094177246,-0.14572781324386597,-0.01033836230585905,-0.039918601512908936,-0.17137563228607178,-0.017227668314674816,-0.0420917272567749,-0.19273459911346436,-0.022529195993641338,-0.010605573654174805,-0.10850906372070312,-0.00561702623913618,-0.01603114604949951,-0.15383070707321167,-0.009850501082340202,-0.018561720848083496,-0.1818101406097412,-0.014845747500160655,-0.020030856132507324,-0.20404261350631714,-0.018900202586749515,0.00771641731262207,-0.10442912578582764,-0.009521862491467914,0.006515920162200928,-0.14594727754592896,-0.013888224958876094,0.005539536476135254,-0.16996270418167114,-0.017058029770353755,0.004013478755950928,-0.18936550617218018,-0.01981360837767454,0.026909470558166504,-0.0929763913154602,-0.01473245955953928,0.03300732374191284,-0.1223905086517334,-0.017933033406237087,0.03587609529495239,-0.1413668394088745,-0.018390363081792316,0.03776746988296509,-0.15784978866577148,-0.018950633704164943
1,0.0,0.0,0.0,-0.029511213302612305,-0.01962864398956299,-0.00781383113120171,-0.05479133129119873,-0.047071099281311035,-0.012154478851002182,-0.07420432567596436,-0.06715923547744751,-0.01677522369776341,-0.09173601865768433,-0.07640892267227173,-0.02149594881687733,-0.027657806873321533,-0.1041264533996582,-0.0025942980230269086,-0.03691190481185913,-0.14538002014160156,-0.009316958758276428,-0.04127722978591919,-0.1709892749786377,-0.016171754609089817,-0.04347121715545654,-0.19209694862365723,-0.021393974582892383,-0.010412037372589111,-0.10828596353530884,-0.005188823948842014,-0.016697704792022705,-0.15314596891403198,-0.009471548061114277,-0.019588351249694824,-0.1804448962211609,-0.01468003195826384,-0.021287381649017334,-0.20245212316513062,-0.01884598405216309,0.008044660091400146,-0.10457241535186768,-0.009581263448339428,0.00584942102432251,-0.14615702629089355,-0.01413733818684193,0.004794299602508545,-0.17002534866333008,-0.017447850938182796,0.003226637840270996,-0.189508855342865,-0.02019585603032681,0.027330994606018066,-0.09373921155929565,-0.015187059800368274,0.032867431640625,-0.12354707717895508,-0.018492576937418903,0.03557103872299194,-0.14272964000701904,-0.01894516804371449,0.03724336624145508,-0.15944862365722656,-0.019471171583276714
1,0.0,0.0,0.0,-0.029126524925231934,-0.019105255603790283,-0.007927341954413691,-0.05485290288925171,-0.046308279037475586,-0.012759729856256286,-0.07472604513168335,-0.06610274314880371,-0.017801395253840724,-0.09235668182373047,-0.0749974250793457,-0.022933075772229472,-0.028126299381256104,-0.10306519269943237,-0.0041478412315285595,-0.03734785318374634,-0.14461863040924072,-0.011500352630022803,-0.04226106405258179,-0.17008352279663086,-0.018724106819931308,-0.045062124729156494,-0.19120728969573975,-0.02412203383595113,-0.011092841625213623,-0.10720032453536987,-0.006770492167774478,-0.017205357551574707,-0.15228408575057983,-0.011364112244550029,-0.020531296730041504,-0.17966026067733765,-0.01663648393899564,-0.022649765014648438,-0.20168030261993408,-0.020897916154567042,0.00699460506439209,-0.10356545448303223,-0.011077660703662673,0.00514751672744751,-0.14545828104019165,-0.015426489160958567,0.004194736480712891,-0.1695004105567932,-0.018473143325749675,0.0026057958602905273,-0.18907219171524048,-0.02119180989414815,0.02572500705718994,-0.09284567832946777,-0.01662957911342744,0.031300365924835205,-0.12249499559402466,-0.019819232271615306,0.033853113651275635,-0.14159518480300903,-0.020119611741606036,0.03551715612411499,-0.15818041563034058,-0.02055527885407571
1,0.0,0.0,0.0,-0.0289267897605896,-0.01874077320098877,-0.00863478393863204,-0.0540887713432312,-0.04477584362030029,-0.014253400877223044,-0.07312273979187012,-0.06482505798339844,-0.019886796042428045,-0.09065902233123779,-0.07439327239990234,-0.025516570225462942,-0.027152955532073975,-0.10160613059997559,-0.006167417071864634,-0.03641080856323242,-0.1424570083618164,-0.013988021440908938,-0.04105806350708008,-0.16728496551513672,-0.021271963283524542,-0.04346489906311035,-0.18830204010009766,-0.02670506821583274,-0.009921133518218994,-0.10562431812286377,-0.008758825861022501,-0.01677018404006958,-0.1508459448814392,-0.0140142698363519,-0.020017921924591064,-0.17805570363998413,-0.01939429217587474,-0.021683871746063232,-0.2001550793647766,-0.02369339638958934,0.008370041847229004,-0.1014893651008606,-0.012969167582795649,0.006473243236541748,-0.14313560724258423,-0.018259186908707647,0.005315721035003662,-0.16676867008209229,-0.021358088269934683,0.003717482089996338,-0.18632733821868896,-0.023909591749415426,0.027437865734100342,-0.0902896523475647,-0.018405803158984213,0.03277236223220825,-0.12083399295806885,-0.022457611426816015,0.03527534008026123,-0.14059847593307495,-0.022984598443017035,0.03687542676925659,-0.15827405452728271,-0.023422374069795637
1,0.0,0.0,0.0,-0.029151737689971924,-0.018206775188446045,-0.008570957643385668,-0.05434560775756836,-0.04342442750930786,-0.014394149830039282,-0.07386142015457153,-0.06290876865386963,-0.02021220111608102,-0.09164690971374512,-0.07191646099090576,-0.026013113272782107,-0.028837978839874268,-0.10164457559585571,-0.005922032700325985,-0.03843790292739868,-0.14295339584350586,-0.013373708998258849,-0.04319930076599121,-0.16766083240509033,-0.02049117134272649,-0.04591715335845947,-0.1886172890663147,-0.025937955541010638,-0.011314928531646729,-0.1062784194946289,-0.008463027601536055,-0.018261313438415527,-0.15069377422332764,-0.013400178117151995,-0.02173483371734619,-0.1775277853012085,-0.018857638997431536,-0.023977696895599365,-0.1992950439453125,-0.0233980600660999,0.0070778727531433105,-0.10275834798812866,-0.012602269363995333,0.005017638206481934,-0.1439213752746582,-0.017359807801838656,0.0039168596267700195,-0.16733288764953613,-0.020618993503447314,0.0022438764572143555,-0.18660259246826172,-0.023525375587340136,0.0260239839553833,-0.0922929048538208,-0.01796116278826787,0.030890464782714844,-0.12215858697891235,-0.021719446120258112,0.0330314040184021,-0.14163416624069214,-0.022479498473401804,0.03449857234954834,-0.1590977907180786,-0.023220607725377818
1,0.0,0.0,0.0,-0.02934926748275757,-0.01748645305633545,-0.008573846609223779,-0.05504953861236572,-0.04259008169174194,-0.013968125634718831,-0.07429879903793335,-0.0613669753074646,-0.019309220553267892,-0.09141606092453003,-0.06955993175506592,-0.02470575244807094,-0.02887803316116333,-0.09950727224349976,-0.00613590115391105,-0.038027286529541016,-0.14043551683425903,-0.013406087362099584,-0.042499840259552,-0.165239155292511,-0.020238576174605782,-0.04516792297363281,-0.18604624271392822,-0.025449733898867066,-0.011433720588684082,-0.10433632135391235,-0.00859576249204963,-0.018304646015167236,-0.14923447370529175,-0.013472925589312013,-0.022234201431274414,-0.17604565620422363,-0.01872980380140632,-0.024924755096435547,-0.19758516550064087,-0.023053791091669495,0.006844878196716309,-0.10098570585250854,-0.012624955453802045,0.004574477672576904,-0.1428319811820984,-0.017570418954719003,0.0030516386032104492,-0.16625767946243286,-0.02081599803351253,0.0010385513305664062,-0.1855735182762146,-0.023605752454031403,0.02567809820175171,-0.09050756692886353,-0.017838475943435128,0.030110418796539307,-0.12118303775787354,-0.021836219073165353,0.03198057413101196,-0.14061981439590454,-0.022543031440008576,0.03305691480636597,-0.15798062086105347,-0.023194057584632333
1,0.0,0.0,0.0,-0.028965115547180176,-0.017883241176605225,-0.008754265864297395,-0.054021477699279785,-0.04218047857284546,-0.014641206149860864,-0.07385987043380737,-0.06067579984664917,-0.020531593260272984,-0.09140205383300781,-0.06851190328598022,-0.026367593926295285,-0.028374195098876953,-0.09947437047958374,-0.005690441370859389,-0.0376206636428833,-0.13983172178268433,-0.013212503303691392,-0.042160868644714355,-0.164270281791687,-0.020392138880595212,-0.044756531715393066,-0.1848425269126892,-0.02582334950278664,-0.011491537094116211,-0.10446280241012573,-0.008034916032954698,-0.018496155738830566,-0.14893120527267456,-0.012813693282112126,-0.02223682403564453,-0.17543882131576538,-0.0178659897268858,-0.024790585041046143,-0.19665920734405518,-0.022081662339076047,0.006575822830200195,-0.10154837369918823,-0.012069978189572339,0.0035851001739501953,-0.14316892623901367,-0.01652280464480782,0.0018886923789978027,-0.1668747067451477,-0.019439615678891187,-0.00022071599960327148,-0.18630319833755493,-0.02214387468706036,0.02566474676132202,-0.0916287899017334,-0.01740938648293877,0.03011113405227661,-0.12189316749572754,-0.020864202079280858,0.03150695562362671,-0.14147645235061646,-0.021472109851345067,0.03201472759246826,-0.15878760814666748,-0.022153819349512105
1,0.0,0.0,0.0,-0.0287325382232666,-0.018076419830322266,-0.008730518334189696,-0.05453693866729736,-0.0426444411277771,-0.013989955820719047,-0.07470530271530151,-0.06116151809692383,-0.019185082689503474,-0.09206688404083252,-0.06943202018737793,-0.0244587526476181,-0.02931535243988037,-0.09960436820983887,-0.004966492932865663,-0.03775656223297119,-0.14031708240509033,-0.012260320298949523,-0.042303502559661865,-0.16509634256362915,-0.01937376678047542,-0.04519408941268921,-0.18598908185958862,-0.024944089055637164,-0.012335240840911865,-0.10454350709915161,-0.007202041969279094,-0.018359482288360596,-0.14822280406951904,-0.012530224100331111,-0.021526992321014404,-0.17449873685836792,-0.018075039312819285,-0.023890018463134766,-0.19622963666915894,-0.022586766332963748,0.005697429180145264,-0.10158133506774902,-0.011196049564162536,0.0029240846633911133,-0.14299088716506958,-0.016993453428725047,0.0013930797576904297,-0.16701936721801758,-0.02087393000779514,-0.0005875825881958008,-0.18694299459457397,-0.02402062870619659,0.024739444255828857,-0.09151977300643921,-0.016327719838002963,0.029660046100616455,-0.12126153707504272,-0.021406402513960643,0.03135186433792114,-0.14046752452850342,-0.02297513715980415,0.03188669681549072,-0.1576441526412964,-0.024199500382522388
1,0.0,0.0,0.0,-0.028443574905395508,-0.017779648303985596,-0.00960315786980459,-0.05426269769668579,-0.04210638999938965,-0.015148902542222231,-0.07516652345657349,-0.05917203426361084,-0.020296264670122355,-0.0921471118927002,-0.06710624694824219,-0.025345560393560618,-0.031344473361968994,-0.09918248653411865,-0.00641158385880658,-0.041124939918518066,-0.1396268606185913,-0.01371803250842163,-0.04574084281921387,-0.16381412744522095,-0.020288860655654162,-0.04895734786987305,-0.18406939506530762,-0.025202691785324305,-0.013603270053863525,-0.10417068004608154,-0.008080797500241488,-0.020066261291503906,-0.14912664890289307,-0.013007835715342253,-0.02338731288909912,-0.17571556568145752,-0.017924871525991648,-0.02614724636077881,-0.19670313596725464,-0.021803733191717356,0.004729032516479492,-0.10115528106689453,-0.011487289562154501,0.0018155574798583984,-0.14175820350646973,-0.016400018937218874,4.869699478149414e-05,-0.1654072403907776,-0.019888734675276964,-0.002258121967315674,-0.18423020839691162,-0.022684488675821513,0.023375630378723145,-0.09199082851409912,-0.01612558983944723,0.026776134967803955,-0.1223103404045105,-0.020045362643230646,0.028272151947021484,-0.14159953594207764,-0.021077754206288546,0.028749287128448486,-0.15847164392471313,-0.021916525668729037
1,0.0,0.0,0.0,-0.028766214847564697,-0.017625033855438232,-0.008416035673832312,-0.05448788404464722,-0.042090654373168945,-0.013518870338117495,-0.07394886016845703,-0.06049227714538574,-0.01861146511069478,-0.0915411114692688,-0.06879293918609619,-0.023724569469010248,-0.03004300594329834,-0.0980386734008789,-0.0053947921798283005,-0.04012167453765869,-0.13871890306472778,-0.012590489811515226,-0.04475605487823486,-0.16323471069335938,-0.019187007560645952,-0.04811197519302368,-0.18371540307998657,-0.02418782608143033,-0.012601673603057861,-0.10334664583206177,-0.007986689447676554,-0.01940399408340454,-0.1480838656425476,-0.012937732502138033,-0.02330571413040161,-0.17427468299865723,-0.018258853345429316,-0.02640831470489502,-0.19483911991119385,-0.022542778863822832,0.005440890789031982,-0.10078209638595581,-0.01218688534132184,0.002565920352935791,-0.14028847217559814,-0.01717459456554593,0.0006833076477050781,-0.16291815042495728,-0.020638932003890886,-0.0018059611320495605,-0.18146389722824097,-0.023557724892413034,0.02396249771118164,-0.09182411432266235,-0.017568668811833277,0.02778869867324829,-0.12081313133239746,-0.021458864673292055,0.029397428035736084,-0.1395341157913208,-0.022363681807433977,0.030181288719177246,-0.15645760297775269,-0.023222420825874224
1,0.0,0.0,0.0,-0.02869558334350586,-0.016893863677978516,-0.008308721897194005,-0.053885459899902344,-0.040903449058532715,-0.013614245881328202,-0.07312893867492676,-0.05893820524215698,-0.01891957242507658,-0.09044229984283447,-0.06735855340957642,-0.02425511386711321,-0.030093491077423096,-0.0964047908782959,-0.005709760547617293,-0.04001551866531372,-0.13720327615737915,-0.012995396000334836,-0.04463326930999756,-0.1614896059036255,-0.019705128115603543,-0.04766356945037842,-0.18166983127593994,-0.024674985748717404,-0.012738227844238281,-0.10190367698669434,-0.008098370586523629,-0.01959317922592163,-0.14653366804122925,-0.012542233061978436,-0.023331642150878906,-0.17249637842178345,-0.017450694185683346,-0.02616196870803833,-0.19255399703979492,-0.021513968897053815,0.0055522918701171875,-0.09957033395767212,-0.012067798716017819,0.002643764019012451,-0.139834463596344,-0.016035329741427518,0.0006113052368164062,-0.16250723600387573,-0.018791530472228146,-0.0018477439880371094,-0.1807827353477478,-0.02143366467673502,0.024407684803009033,-0.09065979719161987,-0.017278146189639187,0.02797079086303711,-0.11970889568328857,-0.020202078116128064,0.02932417392730713,-0.13814419507980347,-0.020426241871902562,0.03000950813293457,-0.1543635129928589,-0.020859699887225247
1,0.0,0.0,0.0,-0.029519855976104736,-0.0172196626663208,-0.008117587691899075,-0.055770158767700195,-0.04140967130661011,-0.012931159152444138,-0.0747079849243164,-0.05887722969055176,-0.017686828425880208,-0.09209394454956055,-0.06693023443222046,-0.02240505760049416,-0.032306969165802,-0.09610503911972046,-0.005498145161922707,-0.04124253988265991,-0.13689672946929932,-0.012239825366791024,-0.04545837640762329,-0.1610512137413025,-0.01848773603772713,-0.04877573251724243,-0.18099308013916016,-0.02320924719309403,-0.014485776424407959,-0.10115069150924683,-0.007867746441419854,-0.020903706550598145,-0.14532965421676636,-0.012094121812637582,-0.02413266897201538,-0.1710529327392578,-0.017036305195446744,-0.026864945888519287,-0.1914413571357727,-0.02111055274939133,0.0042574405670166016,-0.09850579500198364,-0.011739118411000504,0.001264035701751709,-0.13857263326644897,-0.01587332544362141,-0.00013941526412963867,-0.16103339195251465,-0.018831069967504277,-0.0022810697555541992,-0.17929059267044067,-0.0214999741080959,0.023754358291625977,-0.08926582336425781,-0.016757409474607243,0.02713298797607422,-0.1182183027267456,-0.019879785752650037,0.028345942497253418,-0.13656586408615112,-0.02016961892580582,0.02866232395172119,-0.15264523029327393,-0.02058182788526608
1,0.0,0.0,0.0,-0.028931796550750732,-0.016926109790802002,-0.008230215144337194,-0.05552971363067627,-0.04265111684799194,-0.012825670857907312,-0.07581722736358643,-0.0598222017288208,-0.017391066272736566,-0.09373205900192261,-0.06756991147994995,-0.021904112045646684,-0.03409785032272339,-0.09645551443099976,-0.004940537475974338,-0.04385256767272949,-0.13704979419708252,-0.011976201293052213,-0.048651814460754395,-0.16132783889770508,-0.018361994271160142,-0.05235797166824341,-0.1811482310295105,-0.023114755024195688,-0.016547977924346924,-0.10223239660263062,-0.007214506362558382,-0.02381032705307007,-0.14588642120361328,-0.01180103721189596,-0.02766209840774536,-0.17162030935287476,-0.016913811882020013,-0.030918419361114502,-0.19196361303329468,-0.020957588423968332,0.0021331310272216797,-0.10040628910064697,-0.011054172386408823,-0.0018290877342224121,-0.13990259170532227,-0.015642005224705713,-0.003564774990081787,-0.1621416211128235,-0.01867953056562044,-0.00592803955078125,-0.17995285987854004,-0.021209308152080553,0.021268904209136963,-0.09188288450241089,-0.016039771233678835,0.02382683753967285,-0.12022870779037476,-0.019397502039552705,0.024973630905151367,-0.13835549354553223,-0.01971923114824392,0.02538764476776123,-0.1540006399154663,-0.020057697986246126
1,0.0,0.0,0.0,-0.028975605964660645,-0.017323791980743408,-0.008702309295458122,-0.05481219291687012,-0.042400240898132324,-0.013745202176195903,-0.07525420188903809,-0.059742748737335205,-0.018817131832165046,-0.09319067001342773,-0.0689084529876709,-0.023777545854372306,-0.03205841779708862,-0.09696269035339355,-0.0043101640938942865,-0.04313004016876221,-0.13682609796524048,-0.011746070772332473,-0.04886174201965332,-0.16079455614089966,-0.01860386082522325,-0.053115129470825195,-0.18045228719711304,-0.023677056148571296,-0.015371084213256836,-0.1023213267326355,-0.0066111227086906865,-0.023605942726135254,-0.14613878726959229,-0.011689880356115623,-0.028154194355010986,-0.171825110912323,-0.017014206811708732,-0.0318562388420105,-0.19191545248031616,-0.02111846530429773,0.002438843250274658,-0.10029399394989014,-0.010658679023308082,-0.0027289986610412598,-0.14036047458648682,-0.015617012470883651,-0.005136013031005859,-0.16324543952941895,-0.0185269633828824,-0.00792992115020752,-0.18167215585708618,-0.020915511488837524,0.021014094352722168,-0.09152913093566895,-0.015964278444570823,0.02269679307937622,-0.11987274885177612,-0.01942594857506208,0.022994518280029297,-0.13838958740234375,-0.01966577903918676,0.022495508193969727,-0.15456873178482056,-0.019968443974775596
1,0.0,0.0,0.0,-0.029646575450897217,-0.01747053861618042,-0.009575251003894891,-0.055512189865112305,-0.04216676950454712,-0.015343454180452909,-0.07621949911117554,-0.060140132904052734,-0.021066720111463155,-0.09403824806213379,-0.06938397884368896,-0.02662058964202174,-0.03198593854904175,-0.0974239706993103,-0.004868705736640777,-0.04269152879714966,-0.137384831905365,-0.012717199957165803,-0.04826247692108154,-0.16163575649261475,-0.02001160241493949,-0.05221825838088989,-0.18207836151123047,-0.025473216993901815,-0.01512157917022705,-0.10319674015045166,-0.006988729795608606,-0.023137807846069336,-0.14718544483184814,-0.012457072248849954,-0.027596652507781982,-0.173256516456604,-0.01806915595958003,-0.03103196620941162,-0.19379150867462158,-0.02244236923584708,0.0025925040245056152,-0.10120761394500732,-0.010971230900082674,-0.0022420883178710938,-0.1409454345703125,-0.016122054753992643,-0.00466078519821167,-0.16365349292755127,-0.01922512098977336,-0.007436931133270264,-0.1820252537727356,-0.0218133241666294,0.020999014377593994,-0.09246170520782471,-0.016332749722693052,0.02287149429321289,-0.1207016110420227,-0.019991582704875555,0.02312028408050537,-0.13907819986343384,-0.020501727683637228,0.02261132001876831,-0.15533584356307983,-0.021043807713482465
1,0.0,0.0,0.0,-0.02899712324142456,-0.018743515014648438,-0.009738088482535545,-0.05398547649383545,-0.042878031730651855,-0.01597566147289342,-0.0745345950126648,-0.06057000160217285,-0.022209811852789585,-0.09197849035263062,-0.07083147764205933,-0.028249630601621334,-0.03111022710800171,-0.09750312566757202,-0.005271558546937172,-0.041636645793914795,-0.13783252239227295,-0.013848939807630245,-0.047198712825775146,-0.16189247369766235,-0.02169560630760259,-0.05099421739578247,-0.18250149488449097,-0.02739129950246877,-0.014196336269378662,-0.10328108072280884,-0.0074224149710602205,-0.022045612335205078,-0.14775198698043823,-0.013437019558168117,-0.02654409408569336,-0.1743253469467163,-0.019290182636595432,-0.030016422271728516,-0.19533616304397583,-0.023758292095280353,0.0037301182746887207,-0.10157161951065063,-0.011480724336124126,-0.0006334185600280762,-0.14180070161819458,-0.016742711783862774,-0.003133237361907959,-0.1651442050933838,-0.019647935302472774,-0.006066322326660156,-0.18385720252990723,-0.022025611148691837,0.022465884685516357,-0.09335267543792725,-0.016964562134361927,0.02403157949447632,-0.12275028228759766,-0.020321888746238415,0.02365344762802124,-0.14180737733840942,-0.020425695823050205,0.022320687770843506,-0.15841174125671387,-0.020659902961469356
1,0.0,0.0,0.0,-0.029052317142486572,-0.018612384796142578,-0.009926547153412457,-0.053908467292785645,-0.04248809814453125,-0.01675052181494152,-0.07498550415039062,-0.060794055461883545,-0.023480946055173035,-0.09269118309020996,-0.07106316089630127,-0.030003495371460076,-0.03123021125793457,-0.09645366668701172,-0.00656461794537222,-0.04163128137588501,-0.13759571313858032,-0.015485970160483475,-0.04710733890533447,-0.16254931688308716,-0.023519536337374802,-0.05098605155944824,-0.1835639476776123,-0.02935733259332096,-0.014372646808624268,-0.10138243436813354,-0.008659750080227013,-0.021805167198181152,-0.14631414413452148,-0.014796159087239857,-0.026226818561553955,-0.17315572500228882,-0.02042178981614029,-0.029959440231323242,-0.19397509098052979,-0.02478260532629406,0.003869175910949707,-0.09862834215164185,-0.012606162434934731,-0.0007981657981872559,-0.14021515846252441,-0.01784026608478939,-0.00382387638092041,-0.16467314958572388,-0.020617183154939767,-0.007393836975097656,-0.18401628732681274,-0.023023912540196534,0.02339613437652588,-0.08948922157287598,-0.01797803663325226,0.02585279941558838,-0.11926227807998657,-0.021529836437224503,0.02539241313934326,-0.1393638253211975,-0.021843459314226266,0.023888587951660156,-0.1568090319633484,-0.022237956380962487
1,0.0,0.0,0.0,-0.029136300086975098,-0.020613014698028564,-0.010625379085453801,-0.053437769412994385,-0.04592597484588623,-0.01801536690435057,-0.07474565505981445,-0.06556028127670288,-0.025301842875691705,-0.09306085109710693,-0.07736468315124512,-0.03228715892872458,-0.029309868812561035,-0.10147440433502197,-0.006230388227763228,-0.03900665044784546,-0.14195168018341064,-0.015268877074035458,-0.04418116807937622,-0.16670900583267212,-0.02358557928344851,-0.04760944843292236,-0.187416672706604,-0.029611845426174455,-0.012534141540527344,-0.10566079616546631,-0.008251364268275552,-0.019038379192352295,-0.15037578344345093,-0.014318921528669648,-0.023193418979644775,-0.17702579498291016,-0.02004861544808989,-0.02669048309326172,-0.1982082724571228,-0.02442929606876021,0.005473613739013672,-0.10193002223968506,-0.01226416502139216,0.0030393600463867188,-0.1434330940246582,-0.01769845087072497,0.001089334487915039,-0.16721874475479126,-0.02052149262270575,-0.0017443299293518066,-0.18625855445861816,-0.02284920860073214,0.02413618564605713,-0.09110772609710693,-0.01777793738982325,0.027881383895874023,-0.12067466974258423,-0.02181451667091494,0.02829599380493164,-0.1402987837791443,-0.022280701361509614,0.027474939823150635,-0.15739750862121582,-0.022605079151603036
1,0.0,0.0,0.0,-0.028220295906066895,-0.022330164909362793,-0.01051006829456469,-0.052440643310546875,-0.04883021116256714,-0.017889189441660847,-0.07349652051925659,-0.06945222616195679,-0.02521092528567692,-0.09217798709869385,-0.08148103952407837,-0.03231772864327809,-0.028152823448181152,-0.104098379611969,-0.006187308953116144,-0.03714346885681152,-0.1447123885154724,-0.015213733446756805,-0.04206329584121704,-0.16949719190597534,-0.023547488172511066,-0.0456615686416626,-0.1905025839805603,-0.029714361672262157,-0.01061028242111206,-0.10751283168792725,-0.00855602128521582,-0.016363084316253662,-0.15237748622894287,-0.015062644985476936,-0.02020317316055298,-0.17910414934158325,-0.0210799657748737,-0.023798227310180664,-0.2006630301475525,-0.025679969136575664,0.008107542991638184,-0.10249722003936768,-0.012922176067689861,0.006178855895996094,-0.1443193554878235,-0.019058213476995434,0.0037499070167541504,-0.16832059621810913,-0.02221252666876694,4.684925079345703e-05,-0.18779289722442627,-0.024687605817774738,0.027702748775482178,-0.09037262201309204,-0.018721668888787235,0.03198760747909546,-0.12109732627868652,-0.023339585308889355,0.031935155391693115,-0.14183902740478516,-0.024106330146054233,0.029988646507263184,-0.16017550230026245,-0.02465255456135651
1,0.0,0.0,0.0,-0.02860361337661743,-0.023212850093841553,-0.010223721064505753,-0.053135454654693604,-0.049327313899993896,-0.017664247102914032,-0.07315772771835327,-0.06986403465270996,-0.024932264260826287,-0.09123331308364868,-0.08292412757873535,-0.03201094912725466,-0.028075873851776123,-0.1046190857887268,-0.006960912518081841,-0.0369720458984375,-0.1448434591293335,-0.015721718691168007,-0.04130566120147705,-0.1691133975982666,-0.023766881696758446,-0.04387301206588745,-0.18988758325576782,-0.029717666007456955,-0.010105550289154053,-0.10810649394989014,-0.00928675560641068,-0.01625347137451172,-0.15299850702285767,-0.015450581818697628,-0.019660890102386475,-0.17939352989196777,-0.021340523756919083,-0.022181272506713867,-0.200769305229187,-0.02596638808387297,0.008966386318206787,-0.10301405191421509,-0.013485206201551136,0.0067182183265686035,-0.14466696977615356,-0.01931258561450022,0.004482865333557129,-0.16839438676834106,-0.022622770540294823,0.0013620853424072266,-0.18762487173080444,-0.025356733150658783,0.029065728187561035,-0.0908617377281189,-0.019026291467127976,0.03299957513809204,-0.1214984655380249,-0.02344467202561873,0.03309285640716553,-0.14157187938690186,-0.024184194303927598,0.03142964839935303,-0.15920490026474,-0.024785800747451958
1,0.0,0.0,0.0,-0.02842581272125244,-0.02296614646911621,-0.010191202837390279,-0.0529177188873291,-0.05022788047790527,-0.017105699259204243,-0.07276046276092529,-0.07129853963851929,-0.023844114247125958,-0.09034913778305054,-0.08462721109390259,-0.030351972881121014,-0.027206838130950928,-0.10492563247680664,-0.005946577734661673,-0.03549790382385254,-0.14608508348464966,-0.014319680373532151,-0.039324939250946045,-0.17039728164672852,-0.022143135520977353,-0.04144948720932007,-0.19134807586669922,-0.027952535751623486,-0.009371578693389893,-0.10837358236312866,-0.0080670898066586,-0.014802217483520508,-0.15370041131973267,-0.013750702816409444,-0.017728209495544434,-0.18037724494934082,-0.01941288329975066,-0.019956111907958984,-0.2022496461868286,-0.02392808042780814,0.009185969829559326,-0.1033751368522644,-0.012133648361427163,0.007494747638702393,-0.14469599723815918,-0.01740659840719161,0.005862057209014893,-0.16853618621826172,-0.02042175896779952,0.0032616853713989258,-0.1881033182144165,-0.02307825975434241,0.028584301471710205,-0.09123575687408447,-0.017601753327411984,0.03235548734664917,-0.12102138996124268,-0.021438757631344174,0.03278088569641113,-0.140231192111969,-0.021776209327740048,0.031595587730407715,-0.15703660249710083,-0.022206919941467618
1,0.0,0.0,0.0,-0.02821892499923706,-0.02314084768295288,-0.009788738087095794,-0.053193867206573486,-0.05124741792678833,-0.016201284237482128,-0.0729019045829773,-0.07312411069869995,-0.022498585738517818,-0.09052902460098267,-0.0858614444732666,-0.02868660398600298,-0.026669979095458984,-0.1049346923828125,-0.005606431503125009,-0.03452259302139282,-0.14577335119247437,-0.013611966267504272,-0.03829967975616455,-0.17016452550888062,-0.021261690639235553,-0.04043173789978027,-0.19152015447616577,-0.027066426806428012,-0.008668959140777588,-0.1080368161201477,-0.007869322307684001,-0.013516545295715332,-0.15268033742904663,-0.013454389281847057,-0.015987038612365723,-0.17942655086517334,-0.019104561291911182,-0.017647922039031982,-0.2015417218208313,-0.023685269512512264,0.009812891483306885,-0.10269397497177124,-0.012012469105698642,0.00866609811782837,-0.1431160569190979,-0.01732114934203821,0.007439732551574707,-0.16669994592666626,-0.020386513777353343,0.0052588582038879395,-0.1863189935684204,-0.023105970107295093,0.028915047645568848,-0.09025585651397705,-0.01750922062275606,0.032968342304229736,-0.11970466375350952,-0.021359999187566814,0.03385663032531738,-0.1389731764793396,-0.02169606880126196,0.03331249952316284,-0.15616488456726074,-0.022192284919597682
1,0.0,0.0,0.0,-0.028154194355010986,-0.023005306720733643,-0.009713469139029485,-0.052908360958099365,-0.05156892538070679,-0.01578611514597128,-0.07237821817398071,-0.07352763414382935,-0.02169495082526396,-0.08930927515029907,-0.08663159608840942,-0.027474170616557103,-0.02561289072036743,-0.10538727045059204,-0.005030533830364448,-0.032982468605041504,-0.14691728353500366,-0.012412503427555066,-0.036685168743133545,-0.17179232835769653,-0.01969829767077158,-0.03910332918167114,-0.19337105751037598,-0.025233902102996808,-0.0075522661209106445,-0.10829687118530273,-0.007054904075999957,-0.011664330959320068,-0.15369755029678345,-0.011550971372713548,-0.014193832874298096,-0.18064528703689575,-0.016535844719697934,-0.016385197639465332,-0.20248961448669434,-0.020726170456697446,0.01082158088684082,-0.10268676280975342,-0.010964333145608407,0.009762346744537354,-0.14365988969802856,-0.015048754467358094,0.00851452350616455,-0.16778820753097534,-0.017621718412925702,0.00617671012878418,-0.1874788999557495,-0.020200617677261334,0.02947443723678589,-0.09001708030700684,-0.016294242880036336,0.03376537561416626,-0.11970597505569458,-0.019129106840779286,0.0351412296295166,-0.13878720998764038,-0.018946714765121442,0.03521829843521118,-0.15544283390045166,-0.0191778764787216
1,0.0,0.0,0.0,-0.02823185920715332,-0.022771894931793213,-0.010354276635595738,-0.053456902503967285,-0.05106961727142334,-0.01684953913176912,-0.07294249534606934,-0.07390379905700684,-0.023079185635694444,-0.09007459878921509,-0.08751767873764038,-0.029200692550190865,-0.02581000328063965,-0.10553222894668579,-0.005503179394551694,-0.03260600566864014,-0.14648836851119995,-0.013155333586880147,-0.03609812259674072,-0.17106807231903076,-0.020686258450993478,-0.038395702838897705,-0.19275909662246704,-0.026500715763219773,-0.007611453533172607,-0.10816609859466553,-0.0074777606696869725,-0.011227071285247803,-0.15320920944213867,-0.012761653290041863,-0.013657093048095703,-0.18025219440460205,-0.01835250377739328,-0.015841364860534668,-0.2027907371520996,-0.022941156179555833,0.010587751865386963,-0.10224801301956177,-0.011393701546737134,0.009264588356018066,-0.14362668991088867,-0.01671734534288305,0.007526218891143799,-0.1676827073097229,-0.019983439595350205,0.0048026442527771,-0.18752658367156982,-0.022852775529869973,0.029059231281280518,-0.08931970596313477,-0.016689672023900926,0.03334623575210571,-0.11890345811843872,-0.020807781145819604,0.03476107120513916,-0.13774126768112183,-0.021341330260881364,0.03505760431289673,-0.15444552898406982,-0.021952108369120538
1,0.0,0.0,0.0,-0.028026163578033447,-0.02250117063522339,-0.010609787320817077,-0.052887916564941406,-0.050924718379974365,-0.01704891248616036,-0.0725628137588501,-0.07341188192367554,-0.02306444047960099,-0.08946400880813599,-0.08691620826721191,-0.02892950213524159,-0.02579677104949951,-0.10542929172515869,-0.006080672042543256,-0.03250539302825928,-0.14710575342178345,-0.013646155027771556,-0.03609120845794678,-0.17221343517303467,-0.02105151711973008,-0.03844422101974487,-0.19403928518295288,-0.026760859778249824,-0.007677555084228516,-0.10808426141738892,-0.007731919074529969,-0.011297166347503662,-0.1534717082977295,-0.01283042821111735,-0.013595879077911377,-0.18053293228149414,-0.018281855052435958,-0.015497446060180664,-0.20278126001358032,-0.022764532258833015,0.010497212409973145,-0.10220324993133545,-0.011281850179756248,0.009028315544128418,-0.14395415782928467,-0.016444461783493125,0.007569730281829834,-0.16807353496551514,-0.019657135373080337,0.005188703536987305,-0.18773919343948364,-0.022508360808814132,0.028948962688446045,-0.08936679363250732,-0.016207374995673263,0.033245980739593506,-0.11895197629928589,-0.020255791386688315,0.034824371337890625,-0.13775396347045898,-0.020788191249693,0.0353928804397583,-0.15450704097747803,-0.021382036050880515
1,0.0,0.0,0.0,-0.02748948335647583,-0.0227014422416687,-0.011031050964461997,-0.0528714656829834,-0.05122661590576172,-0.017635820231603816,-0.07282477617263794,-0.07395058870315552,-0.023658878899382785,-0.089810311794281,-0.08743512630462646,-0.02946074473040028,-0.025824368000030518,-0.10561865568161011,-0.00652761830316706,-0.03331857919692993,-0.14706969261169434,-0.013958659752475455,-0.037127554416656494,-0.1718420386314392,-0.021260311625169948,-0.039570510387420654,-0.19332009553909302,-0.026858746803569034,-0.007800757884979248,-0.10829317569732666,-0.0078124611482195405,-0.01178741455078125,-0.15331965684890747,-0.012692773512767985,-0.014123916625976562,-0.1802424192428589,-0.01787195520775242,-0.015930354595184326,-0.20218008756637573,-0.022171750462817386,0.010348618030548096,-0.10234075784683228,-0.011027267932163909,0.008938312530517578,-0.14385157823562622,-0.015843426606821254,0.007343292236328125,-0.16823428869247437,-0.018876669726537898,0.004933774471282959,-0.18784552812576294,-0.021638439766334727,0.0287054181098938,-0.0894671082496643,-0.01566064896361752,0.03275042772293091,-0.11882776021957397,-0.019325557894276812,0.033872365951538086,-0.1377241015434265,-0.0197062136449091,0.03405112028121948,-0.15437787771224976,-0.020232990182208255
1,0.0,0.0,0.0,-0.028049945831298828,-0.023366570472717285,-0.010334000460034076,-0.053215205669403076,-0.05176359415054321,-0.016446888915425006,-0.0730023980140686,-0.07422709465026855,-0.02217740612400121,-0.09009420871734619,-0.08724319934844971,-0.0277508781321103,-0.025878071784973145,-0.1052703857421875,-0.005322149492030803,-0.03373992443084717,-0.14716815948486328,-0.012515032201235954,-0.03742372989654541,-0.17181003093719482,-0.019643899521952335,-0.03972351551055908,-0.19316554069519043,-0.025190193674689,-0.007883548736572266,-0.10828131437301636,-0.006875075868492786,-0.012719988822937012,-0.15340811014175415,-0.012023286431258384,-0.015261411666870117,-0.18022722005844116,-0.017596414781337444,-0.017065465450286865,-0.2021031379699707,-0.022172641477709476,0.010303199291229248,-0.10260242223739624,-0.010322472549205486,0.00874018669128418,-0.14401155710220337,-0.015567061028605167,0.0070021748542785645,-0.16792410612106323,-0.01903050439727849,0.004544436931610107,-0.1872619390487671,-0.02203501621556825,0.02881789207458496,-0.0898781418800354,-0.015085010326629344,0.03326094150543213,-0.11880159378051758,-0.019081147856240932,0.0344618558883667,-0.13744062185287476,-0.01983416313601083,0.0346408486366272,-0.15412592887878418,-0.020632567352777187
1,0.0,0.0,0.0,-0.027317464351654053,-0.023073554039001465,-0.011210104570523072,-0.05204486846923828,-0.05076533555984497,-0.018337319724992085,-0.07211124897003174,-0.07331293821334839,-0.024894333564475346,-0.08944767713546753,-0.08717125654220581,-0.031173163213566113,-0.026402294635772705,-0.1056433916091919,-0.006812814277395773,-0.03397637605667114,-0.14729464054107666,-0.014733194493487645,-0.037817418575286865,-0.1716691255569458,-0.022298774801924992,-0.04005002975463867,-0.19274187088012695,-0.028080658175781537,-0.008222758769989014,-0.1085706353187561,-0.008067314632967282,-0.012915372848510742,-0.15298843383789062,-0.01356361818386631,-0.015355229377746582,-0.17893803119659424,-0.019095481493309308,-0.017055511474609375,-0.2002517580986023,-0.0235827910981925,0.010368824005126953,-0.10287743806838989,-0.011280652255550194,0.00881040096282959,-0.14387691020965576,-0.01678379357679205,0.006972193717956543,-0.16786515712738037,-0.01999508694632368,0.004466533660888672,-0.18752634525299072,-0.022758326613143254,0.02956259250640869,-0.08993661403656006,-0.015876784109309483,0.03333628177642822,-0.11849343776702881,-0.020253758066132832,0.033706843852996826,-0.13705140352249146,-0.021027309008673,0.03284907341003418,-0.15350550413131714,-0.021671855010822583
1,0.0,0.0,0.0,-0.02707374095916748,-0.02332693338394165,-0.01033689639322688,-0.05164611339569092,-0.05212819576263428,-0.017225090402888554,-0.07177042961120605,-0.07453614473342896,-0.023712174955534238,-0.0899653434753418,-0.08694356679916382,-0.030151054251717824,-0.026272058486938477,-0.10530132055282593,-0.007407408661919135,-0.03336530923843384,-0.14669805765151978,-0.01580547912769248,-0.036968767642974854,-0.17083489894866943,-0.023440115142392415,-0.03929793834686279,-0.191644549369812,-0.029342960554885167,-0.00782930850982666,-0.10783779621124268,-0.009431185189413327,-0.01243448257446289,-0.15282881259918213,-0.01609526946000983,-0.015123426914215088,-0.1791229248046875,-0.022300992149638432,-0.01741081476211548,-0.2007024884223938,-0.02723322248809268,0.010749995708465576,-0.10172492265701294,-0.013291050668584603,0.009704113006591797,-0.14366155862808228,-0.02038086018316676,0.007508456707000732,-0.16855323314666748,-0.02496399356775214,0.004215359687805176,-0.18900370597839355,-0.028494164336251515,0.02995443344116211,-0.08843380212783813,-0.018295478064345616,0.03532254695892334,-0.11794519424438477,-0.02440823799722125,0.03593158721923828,-0.13848060369491577,-0.026771295804309148,0.03450000286102295,-0.15712112188339233,-0.02850054389588763
1,0.0,0.0,0.0,-0.027074098587036133,-0.022179484367370605,-0.011669828428921392,-0.05087798833847046,-0.05032259225845337,-0.0192188526159498,-0.07200425863265991,-0.07219827175140381,-0.026145825034973313,-0.0907125473022461,-0.08458179235458374,-0.03302372606754034,-0.025727450847625732,-0.10468399524688721,-0.00824849574178188,-0.033104538917541504,-0.14586138725280762,-0.016735428816673448,-0.037214577198028564,-0.17060953378677368,-0.02455986092149942,-0.03976714611053467,-0.19168174266815186,-0.03047191711425512,-0.007693767547607422,-0.10726577043533325,-0.009616479150054147,-0.011537551879882812,-0.15210819244384766,-0.015647040552494218,-0.014156460762023926,-0.17819666862487793,-0.021363055205938508,-0.0164870023727417,-0.19940513372421265,-0.02598246733009546,0.010372638702392578,-0.10143423080444336,-0.012957144401070764,0.009667694568634033,-0.1426842212677002,-0.019191065675613572,0.007947981357574463,-0.16743749380111694,-0.02321176404416292,0.005482017993927002,-0.1880568265914917,-0.026454677677747895,0.028375744819641113,-0.0886569619178772,-0.01766688363909452,0.0327143669128418,-0.11859351396560669,-0.02288098806798189,0.03413128852844238,-0.13811767101287842,-0.024448780215379884,0.03439223766326904,-0.15548640489578247,-0.025657785928842713
1,0.0,0.0,0.0,-0.027912437915802002,-0.02230823040008545,-0.01076944083501985,-0.05199754238128662,-0.04948842525482178,-0.017409940292736792,-0.07170534133911133,-0.07013934850692749,-0.0236195186578243,-0.08785486221313477,-0.08371227979660034,-0.02967106275787046,-0.025808632373809814,-0.104300856590271,-0.0064703002997248404,-0.03392404317855835,-0.14533138275146484,-0.01464630108853271,-0.03834313154220581,-0.16939079761505127,-0.022495898460647368,-0.04095512628555298,-0.1900966763496399,-0.028234300246140265,-0.007818520069122314,-0.1074787974357605,-0.007814760362407469,-0.012447714805603027,-0.15189379453659058,-0.012973252726396822,-0.01557701826095581,-0.17821019887924194,-0.01841908418168714,-0.01807612180709839,-0.19926923513412476,-0.022837263574501776,0.010438084602355957,-0.10251039266586304,-0.011154552032849097,0.0096893310546875,-0.14317721128463745,-0.01594403483500173,0.00819694995880127,-0.16786831617355347,-0.01932663940419843,0.006087183952331543,-0.18780910968780518,-0.02221573614110639,0.028736412525177002,-0.09033459424972534,-0.015935647343894743,0.03318589925765991,-0.11989575624465942,-0.01958975107004335,0.03412985801696777,-0.13932913541793823,-0.02031349860658338,0.034053921699523926,-0.15617364645004272,-0.02093186513116052
1,0.0,0.0,0.0,-0.02729576826095581,-0.02138209342956543,-0.010766221909264573,-0.050958096981048584,-0.04899626970291138,-0.01725349272642518,-0.07064712047576904,-0.07087409496307373,-0.023366880370716103,-0.08763724565505981,-0.0854230523109436,-0.02925665746484185,-0.02499336004257202,-0.1027829647064209,-0.005857673241237649,-0.033007264137268066,-0.14353179931640625,-0.014030707767645367,-0.037129342555999756,-0.1679222583770752,-0.021723692072967538,-0.0394517183303833,-0.18903446197509766,-0.027487811400035866,-0.007387518882751465,-0.10636800527572632,-0.007285732077846774,-0.01250845193862915,-0.1506689190864563,-0.012903066119591244,-0.015638113021850586,-0.17725729942321777,-0.01848487812135602,-0.018129706382751465,-0.19894856214523315,-0.022977438522914895,0.01053088903427124,-0.10168623924255371,-0.010797284311095723,0.009165465831756592,-0.1419234275817871,-0.016401885776261338,0.007491052150726318,-0.16632956266403198,-0.020089729456643113,0.005065619945526123,-0.18665355443954468,-0.02309884014580632,0.0288161039352417,-0.08978188037872314,-0.015745975776056298,0.03419750928878784,-0.11845707893371582,-0.02019414748106385,0.03560513257980347,-0.13779950141906738,-0.021649480564931878,0.035505473613739014,-0.15498483180999756,-0.022828048794011124
1,0.0,0.0,0.0,-0.02764451503753662,-0.01988452672958374,-0.01078354132934578,-0.05152839422225952,-0.047994136810302734,-0.01698187676831253,-0.07081162929534912,-0.07099109888076782,-0.022684847317776757,-0.08749616146087646,-0.08482050895690918,-0.028189963974199372,-0.02513343095779419,-0.10249704122543335,-0.0062135991977072536,-0.032989680767059326,-0.1434592604637146,-0.013870115704975206,-0.03692394495010376,-0.16785675287246704,-0.021152918540082055,-0.03899848461151123,-0.18870878219604492,-0.026668529339275437,-0.00720137357711792,-0.10580480098724365,-0.007380280025444108,-0.012384533882141113,-0.15078961849212646,-0.012786966130278188,-0.015298783779144287,-0.17744970321655273,-0.01824228403731354,-0.017338156700134277,-0.19879287481307983,-0.02265039583309658,0.01069629192352295,-0.10109949111938477,-0.0105279677884198,0.008976995944976807,-0.14203554391860962,-0.01613692877455719,0.0073316097259521484,-0.16647577285766602,-0.020045570410928804,0.005148589611053467,-0.18624377250671387,-0.023166305698595124,0.029150664806365967,-0.08971214294433594,-0.01503685893132456,0.03390967845916748,-0.11988979578018188,-0.01963322547837265,0.03525358438491821,-0.13934850692749023,-0.021274145074329454,0.03508353233337402,-0.15641379356384277,-0.022547404594860154
1,0.0,0.0,0.0,-0.027851104736328125,-0.020379304885864258,-0.010449671985796272,-0.05252724885940552,-0.04874783754348755,-0.016409983726433097,-0.07192015647888184,-0.0711749792098999,-0.021982552351644813,-0.08878213167190552,-0.08409810066223145,-0.027444800229957877,-0.026199936866760254,-0.10297137498855591,-0.0057330656407685865,-0.034508466720581055,-0.1443830132484436,-0.013394469263246833,-0.03880107402801514,-0.16902387142181396,-0.020636353509715377,-0.041535258293151855,-0.18996399641036987,-0.026147341223648368,-0.008362948894500732,-0.1069905161857605,-0.007198717778763353,-0.013693809509277344,-0.15190279483795166,-0.01291964003651458,-0.01697784662246704,-0.17855238914489746,-0.018760407211473762,-0.01954883337020874,-0.20061326026916504,-0.02338755303829032,0.009423375129699707,-0.1031343936920166,-0.010615977326622783,0.007659018039703369,-0.14410918951034546,-0.016465263309171974,0.005334436893463135,-0.1685829758644104,-0.02082596333532649,0.0024521350860595703,-0.18883085250854492,-0.02425621995537597,0.027503252029418945,-0.09241467714309692,-0.015352981033018409,0.03150731325149536,-0.12171250581741333,-0.020215187089732467,0.03259927034378052,-0.14118552207946777,-0.02215186307041961,0.03243535757064819,-0.15853339433670044,-0.023634498806885063
1,0.0,0.0,0.0,-0.026764512062072754,-0.0194016695022583,-0.010257187284167912,-0.051786065101623535,-0.04754781723022461,-0.016010578706499246,-0.07191580533981323,-0.06973212957382202,-0.021293921380873826,-0.08966094255447388,-0.08318394422531128,-0.026439428314205315,-0.027468383312225342,-0.1026543378829956,-0.005503945968683865,-0.03670257329940796,-0.1435621976852417,-0.013024600207444337,-0.0414852499961853,-0.16767370700836182,-0.020117161780234483,-0.04463505744934082,-0.18795537948608398,-0.02538159674369922,-0.0102158784866333,-0.10709518194198608,-0.006669061708834079,-0.015890181064605713,-0.15155959129333496,-0.012010843477781918,-0.019221901893615723,-0.17795169353485107,-0.01744101940059295,-0.022025346755981445,-0.1997143030166626,-0.02170926330947509,0.007340431213378906,-0.10378968715667725,-0.009770244344707635,0.005466282367706299,-0.14424049854278564,-0.015194159917172101,0.0039383769035339355,-0.16843152046203613,-0.01899298651480308,0.0017184615135192871,-0.18825459480285645,-0.02195980025791755,0.02535068988800049,-0.09376740455627441,-0.014173209651943353,0.029118061065673828,-0.1234201192855835,-0.018399432286258843,0.030633926391601562,-0.14229631423950195,-0.019683536126848367,0.030917346477508545,-0.15854710340499878,-0.02065400963985553
1,0.0,0.0,0.0,-0.02871572971343994,-0.019196629524230957,-0.010829123750468739,-0.05411809682846069,-0.046649813652038574,-0.016923286102851876,-0.07372057437896729,-0.06902468204498291,-0.022366076789936074,-0.0914386510848999,-0.08130210638046265,-0.027775412507494934,-0.031184375286102295,-0.10065704584121704,-0.007275684353103884,-0.03952491283416748,-0.14245080947875977,-0.015377203084668167,-0.043630003929138184,-0.16741079092025757,-0.022827040486177452,-0.046222567558288574,-0.18857526779174805,-0.028232302598794945,-0.012859642505645752,-0.1056983470916748,-0.008221563033899315,-0.01831585168838501,-0.15080249309539795,-0.01378009755923415,-0.02150017023086548,-0.17795240879058838,-0.019550552673777588,-0.024082660675048828,-0.20061784982681274,-0.024132313288887985,0.005683243274688721,-0.10278213024139404,-0.010991960846027382,0.0036077499389648438,-0.1439875364303589,-0.016343742691120156,0.0018668174743652344,-0.16859036684036255,-0.020203974180063256,-0.000268399715423584,-0.1883721947669983,-0.023312728934129723,0.024653851985931396,-0.09320950508117676,-0.015080604784330376,0.0278281569480896,-0.12364745140075684,-0.019142689265450485,0.029146552085876465,-0.14215439558029175,-0.020146183751663216,0.029598593711853027,-0.15741246938705444,-0.020904034458240517
1,0.0,0.0,0.0,-0.028216183185577393,-0.01820927858352661,-0.010586406608439347,-0.05336123704910278,-0.04605698585510254,-0.016361732540048024,-0.07341641187667847,-0.06754708290100098,-0.021478459743178746,-0.09100991487503052,-0.07897353172302246,-0.026425431055344006,-0.02967250347137451,-0.10108935832977295,-0.006624946874893567,-0.039028167724609375,-0.1431102156639099,-0.013910100368178746,-0.04360175132751465,-0.16814619302749634,-0.020653754976905248,-0.04680114984512329,-0.18871551752090454,-0.02556967040649738,-0.011775434017181396,-0.10607200860977173,-0.007489062418557069,-0.017940223217010498,-0.1515793800354004,-0.012403507289803883,-0.02144491672515869,-0.1788458228111267,-0.017306687814510724,-0.02447342872619629,-0.20059174299240112,-0.02119245989374008,0.006395995616912842,-0.10348713397979736,-0.010197830890632531,0.0038214921951293945,-0.14480429887771606,-0.014989931640542409,0.0011571049690246582,-0.16890019178390503,-0.018119877708471677,-0.002079606056213379,-0.18813401460647583,-0.020705787969149014,0.0250091552734375,-0.09442973136901855,-0.01424301000437822,0.028346717357635498,-0.1249157190322876,-0.017825296652830502,0.029354333877563477,-0.14399760961532593,-0.018478874621308705,0.029254555702209473,-0.16033673286437988,-0.01901202513030853
1,0.0,0.0,0.0,-0.02756202220916748,-0.01817607879638672,-0.010096641806981665,-0.05251884460449219,-0.047348201274871826,-0.015611790670178038,-0.07198697328567505,-0.07068270444869995,-0.020538718057892424,-0.09015858173370361,-0.08317703008651733,-0.02527720908643971,-0.029975593090057373,-0.10277217626571655,-0.006103639574817521,-0.03910708427429199,-0.14495277404785156,-0.013119070408961875,-0.04324609041213989,-0.16991794109344482,-0.019663595212719542,-0.045913517475128174,-0.19082283973693848,-0.024606340183041198,-0.01198720932006836,-0.10745596885681152,-0.007388130379936797,-0.018526017665863037,-0.15284603834152222,-0.012130030049107177,-0.021719813346862793,-0.17998194694519043,-0.01711712646307717,-0.024336695671081543,-0.20195508003234863,-0.021218244535944564,0.00633549690246582,-0.10434943437576294,-0.010481567671618564,0.003576993942260742,-0.1447385549545288,-0.015448478600106341,0.0016382932662963867,-0.16918694972991943,-0.0190089033824421,-0.0009774565696716309,-0.18938612937927246,-0.022035649595878226,0.025231003761291504,-0.09471362829208374,-0.01483578196736346,0.028277456760406494,-0.12467914819717407,-0.018941702870748145,0.02958059310913086,-0.143649160861969,-0.02008132505240212,0.029715538024902344,-0.16033011674880981,-0.021056064022801024
1,0.0,0.0,0.0,-0.028123319149017334,-0.018651187419891357,-0.010014762343388384,-0.053250789642333984,-0.046527981758117676,-0.01578410732142288,-0.07224774360656738,-0.06892174482345581,-0.020987747409861868,-0.08952373266220093,-0.08195799589157104,-0.026083318689387625,-0.031067848205566406,-0.10251063108444214,-0.007237900686931198,-0.040065765380859375,-0.14558500051498413,-0.01482451072476465,-0.044338107109069824,-0.17076581716537476,-0.02153097669176418,-0.047229886054992676,-0.1920134425163269,-0.026493214243572538,-0.012801289558410645,-0.10737669467926025,-0.008845103146057909,-0.018695950508117676,-0.15395164489746094,-0.01417005545042116,-0.02175194025039673,-0.18125462532043457,-0.01949771138421852,-0.02437824010848999,-0.20344281196594238,-0.0237330404906686,0.0054708123207092285,-0.10403251647949219,-0.012160693468075578,0.003021061420440674,-0.14567714929580688,-0.017763979905765837,0.0010750889778137207,-0.17071425914764404,-0.021767867901843374,-0.0016255378723144531,-0.19175821542739868,-0.025003623390119856,0.024091780185699463,-0.09395802021026611,-0.016644055196564977,0.027341842651367188,-0.12429499626159668,-0.021358398893397634,0.02865588665008545,-0.14393222332000732,-0.0227876009284671,0.029081284999847412,-0.1617528796195984,-0.02387611212722618
1,0.0,0.0,0.0,-0.027809858322143555,-0.017926394939422607,-0.009351867164625105,-0.0531768798828125,-0.04632490873336792,-0.014231199312163767,-0.07211053371429443,-0.06967949867248535,-0.018697868946148333,-0.08933210372924805,-0.0819811224937439,-0.0229954737305178,-0.030487537384033203,-0.10223078727722168,-0.005293395749433216,-0.03906887769699097,-0.1444142460823059,-0.012448414142383513,-0.04342597723007202,-0.16906750202178955,-0.01907939268942016,-0.04609435796737671,-0.19029659032821655,-0.024127889338089403,-0.012543797492980957,-0.10720491409301758,-0.006959246850712475,-0.018832623958587646,-0.15328902006149292,-0.01166817723508018,-0.022206127643585205,-0.18057721853256226,-0.016567734914971766,-0.024928748607635498,-0.20310258865356445,-0.020560059609962877,0.005879402160644531,-0.1037185788154602,-0.010403059336496767,0.003004729747772217,-0.14580541849136353,-0.01541150818313497,0.0013065338134765625,-0.17031919956207275,-0.018546020525647577,-0.0010582804679870605,-0.19062161445617676,-0.021219218063308176,0.02480757236480713,-0.09331130981445312,-0.015084153886093077,0.028021156787872314,-0.1232907772064209,-0.019228730264259752,0.028872549533843994,-0.14278030395507812,-0.020153989928914484,0.028963088989257812,-0.16042011976242065,-0.020954906853987154
1,0.0,0.0,0.0,-0.028578460216522217,-0.01754814386367798,-0.009340449242117188,-0.05405223369598389,-0.04523324966430664,-0.014011731377067349,-0.0732831358909607,-0.06889283657073975,-0.01835010294449546,-0.09012341499328613,-0.08162426948547363,-0.022565471945526383,-0.029325902462005615,-0.10120373964309692,-0.004357574047716639,-0.03752249479293823,-0.14289414882659912,-0.011020575655820153,-0.042061686515808105,-0.16778117418289185,-0.01764895488155105,-0.04488086700439453,-0.1892511248588562,-0.02279312816095569,-0.011625051498413086,-0.10602056980133057,-0.005880820105048201,-0.017669618129730225,-0.1516808271408081,-0.010118676355304501,-0.021153688430786133,-0.1789601445198059,-0.014883075846555016,-0.02396184206008911,-0.20145666599273682,-0.018862978561045907,0.006634771823883057,-0.10283958911895752,-0.009239405399384282,0.003820478916168213,-0.14471399784088135,-0.01385979354959943,0.0022083520889282227,-0.16905421018600464,-0.01678874064815261,-0.00017708539962768555,-0.18914705514907837,-0.01937922929060676,0.025397896766662598,-0.09300494194030762,-0.013880653312625668,0.028839051723480225,-0.12311297655105591,-0.017717073677303574,0.029800474643707275,-0.14229559898376465,-0.01840697881412723,0.02978372573852539,-0.15946757793426514,-0.01910406258535602
1,0.0,0.0,0.0,-0.028470873832702637,-0.01650482416152954,-0.00927580273034323,-0.05420130491256714,-0.04469412565231323,-0.013921894452295192,-0.0733901858329773,-0.06809693574905396,-0.01822252789767731,-0.09031438827514648,-0.08079385757446289,-0.022380536741337664,-0.030409157276153564,-0.10090792179107666,-0.004656962438247092,-0.03861343860626221,-0.14276355504989624,-0.011069502069375403,-0.04284083843231201,-0.16752129793167114,-0.017319538018426783,-0.045584678649902344,-0.1884382963180542,-0.02225738609465111,-0.012872278690338135,-0.10577082633972168,-0.006393242946586497,-0.019574105739593506,-0.15141195058822632,-0.010737131668946631,-0.023154139518737793,-0.17838382720947266,-0.015580864011070616,-0.025973796844482422,-0.20014077425003052,-0.01957607860001076,0.0054070353507995605,-0.10227012634277344,-0.009899819588980563,0.002261221408843994,-0.14442896842956543,-0.014909105694613345,0.00039118528366088867,-0.16888535022735596,-0.018272608837804682,-0.0020618438720703125,-0.1889784336090088,-0.021134106761536486,0.02439326047897339,-0.09184515476226807,-0.014605681731126197,0.02725064754486084,-0.12165778875350952,-0.018982166743597872,0.028160810470581055,-0.14055228233337402,-0.020066574535093196,0.028236985206604004,-0.15735703706741333,-0.021001862681231387
1,0.0,0.0,0.0,-0.028842508792877197,-0.017761051654815674,-0.009356831685494171,-0.054158806800842285,-0.04590493440628052,-0.01411781974215387,-0.07327324151992798,-0.06927460432052612,-0.018569920697103726,-0.09073835611343384,-0.08185583353042603,-0.022813203298341023,-0.029691576957702637,-0.10220837593078613,-0.003638694780732976,-0.038396239280700684,-0.14352625608444214,-0.010097181909571873,-0.042638957500457764,-0.16807276010513306,-0.01671720158387302,-0.04502308368682861,-0.18907475471496582,-0.021867013090144383,-0.01219320297241211,-0.10677909851074219,-0.005102417451183783,-0.01882094144821167,-0.1512477993965149,-0.009195028357993351,-0.022268176078796387,-0.17806291580200195,-0.014156057984422432,-0.02488487958908081,-0.20015835762023926,-0.018274503313790547,0.0058934688568115234,-0.10323899984359741,-0.008407838196347939,0.0032135844230651855,-0.143868088722229,-0.012756539062451111,0.0017113089561462402,-0.16714131832122803,-0.015570802167843567,-0.0007056593894958496,-0.1863574981689453,-0.018105684333335148,0.024672269821166992,-0.0927896499633789,-0.013001584932993637,0.027797579765319824,-0.12159723043441772,-0.016486788653622853,0.0286024808883667,-0.1399253010749817,-0.01693230170835136,0.028469622135162354,-0.1565864086151123,-0.017442634814273106
1,0.0,0.0,0.0,-0.029004454612731934,-0.01843726634979248,-0.009135064672932458,-0.05450922250747681,-0.04756385087966919,-0.013567335907623601,-0.07309889793395996,-0.07085490226745605,-0.017641128044829202,-0.09037315845489502,-0.08312082290649414,-0.02149448823581679,-0.029694020748138428,-0.10227662324905396,-0.0038975758983497144,-0.03819209337234497,-0.14350783824920654,-0.010248532522723508,-0.04230374097824097,-0.16772973537445068,-0.016504612755284143,-0.0448451042175293,-0.18825334310531616,-0.02136950847159369,-0.012363910675048828,-0.1061784029006958,-0.005433293063447309,-0.019333064556121826,-0.1509663462638855,-0.009746300991878343,-0.022696733474731445,-0.1776612401008606,-0.014510400597259832,-0.025029003620147705,-0.19950801134109497,-0.018360271122560334,0.00567626953125,-0.10193711519241333,-0.008800580170259309,0.0020119547843933105,-0.14258378744125366,-0.01381139550755961,-0.00036263465881347656,-0.16645562648773193,-0.017141594555482698,-0.003060460090637207,-0.1864336133003235,-0.019848681058988404,0.02484917640686035,-0.09096819162368774,-0.013354519386098218,0.02781832218170166,-0.11996608972549438,-0.017583529468879533,0.02838003635406494,-0.13822925090789795,-0.018545239236459565,0.02810525894165039,-0.1550235152244568,-0.01932863053332312
1,0.0,0.0,0.0,-0.02947765588760376,-0.01992034912109375,-0.008931845195789379,-0.05519711971282959,-0.04869091510772705,-0.01345545309801821,-0.074451744556427,-0.07137912511825562,-0.017685005210537952,-0.09181743860244751,-0.08343982696533203,-0.021691489733953517,-0.030676662921905518,-0.10218560695648193,-0.0037385157795739588,-0.03890430927276611,-0.14324629306793213,-0.01010215352495436,-0.04313302040100098,-0.1672879457473755,-0.01645212411155228,-0.04606449604034424,-0.18778735399246216,-0.021296847380895656,-0.013253211975097656,-0.10617130994796753,-0.005156610395957273,-0.01934993267059326,-0.15088558197021484,-0.009146131344337505,-0.02262812852859497,-0.177040696144104,-0.013663350373704475,-0.0253603458404541,-0.1986830234527588,-0.017320755638380092,0.004946708679199219,-0.10206866264343262,-0.008355872474808734,0.0020975470542907715,-0.14227527379989624,-0.012679203182656806,-6.99162483215332e-05,-0.16563773155212402,-0.015481496930320304,-0.0028777122497558594,-0.18495583534240723,-0.017850998558301967,0.02395451068878174,-0.0912274718284607,-0.012769032970268768,0.0276985764503479,-0.1202925443649292,-0.016031121604342502,0.028818070888519287,-0.13827168941497803,-0.016316290714044612,0.029054105281829834,-0.15459680557250977,-0.016616254814167064
1,0.0,0.0,0.0,-0.029033541679382324,-0.019809424877166748,-0.008613891226403325,-0.05468094348907471,-0.04948931932449341,-0.013110310097388833,-0.07368528842926025,-0.07259482145309448,-0.017376985659055322,-0.09135037660598755,-0.08412331342697144,-0.021541824822477906,-0.02978760004043579,-0.10182183980941772,-0.004339712930075734,-0.037683188915252686,-0.1429731845855713,-0.010885819119565099,-0.04128307104110718,-0.1670730710029602,-0.017195973803453057,-0.043650031089782715,-0.18767142295837402,-0.022190572952084153,-0.012457072734832764,-0.10537368059158325,-0.006309461106710046,-0.018728137016296387,-0.1504209041595459,-0.010990791280917733,-0.021849989891052246,-0.17665672302246094,-0.016058864330105393,-0.024331986904144287,-0.1985642910003662,-0.02018629971628627,0.00557321310043335,-0.10082441568374634,-0.009974104610435575,0.0024845004081726074,-0.1417689323425293,-0.015370953154913991,0.0003446340560913086,-0.1655237078666687,-0.019112698991946786,-0.002513885498046875,-0.18567132949829102,-0.022205289711408227,0.02467525005340576,-0.08946305513381958,-0.014720293951384633,0.0285494327545166,-0.11792618036270142,-0.019448824484996408,0.02955913543701172,-0.13596665859222412,-0.02088811088090381,0.02922689914703369,-0.1528686285018921,-0.02206715408449611
1,0.0,0.0,0.0,-0.02903926372528076,-0.01846754550933838,-0.00896409734792769,-0.05458962917327881,-0.047406792640686035,-0.013433116708768011,-0.07330077886581421,-0.07083773612976074,-0.017589741607082487,-0.09089314937591553,-0.08316874504089355,-0.02162023935176194,-0.029507935047149658,-0.10182845592498779,-0.004125674941462876,-0.03715837001800537,-0.14295023679733276,-0.01037094670988381,-0.04082596302032471,-0.16703879833221436,-0.016606691514027716,-0.0434078574180603,-0.18731015920639038,-0.021566239406240584,-0.012216508388519287,-0.10512369871139526,-0.005721750424129368,-0.018181025981903076,-0.15027475357055664,-0.01003154854930699,-0.021444082260131836,-0.17633235454559326,-0.014890497770977618,-0.0242464542388916,-0.19736379384994507,-0.018868577887189986,0.005729317665100098,-0.10011792182922363,-0.009073193405640723,0.002834796905517578,-0.14145785570144653,-0.014048999396038653,0.0008640885353088379,-0.1647515892982483,-0.017455448617113234,-0.0019584298133850098,-0.18386828899383545,-0.020314307172668578,0.02466195821762085,-0.08829861879348755,-0.01357032660104096,0.02884650230407715,-0.11675047874450684,-0.017996310477030875,0.029453575611114502,-0.13490545749664307,-0.01928178708709538,0.02866673469543457,-0.1515863537788391,-0.020318337936771513
1,0.0,0.0,0.0,-0.028214454650878906,-0.018053710460662842,-0.009461627246082571,-0.05371206998825073,-0.04742485284805298,-0.01408500773572996,-0.07281678915023804,-0.07129228115081787,-0.01829178621733263,-0.09083676338195801,-0.08420354127883911,-0.022292859756589678,-0.02887362241744995,-0.10268592834472656,-0.003885954522729662,-0.03649038076400757,-0.14342212677001953,-0.009875366368532923,-0.04014688730239868,-0.1675618290901184,-0.016035061233878878,-0.04250633716583252,-0.18787139654159546,-0.02101005045437887,-0.011624932289123535,-0.10635977983474731,-0.0053149912480421335,-0.01753014326095581,-0.15111231803894043,-0.009489522219837454,-0.020555198192596436,-0.1773231029510498,-0.014488545150697973,-0.023121654987335205,-0.19856858253479004,-0.01863805940115526,0.006143927574157715,-0.10157883167266846,-0.008570586235464361,0.0037483572959899902,-0.1427527666091919,-0.013714429826677588,0.0019292235374450684,-0.16594171524047852,-0.0174516512986429,-0.0010036230087280273,-0.18508702516555786,-0.020577965208531168,0.024586200714111328,-0.08991926908493042,-0.012979467303694037,0.02927953004837036,-0.11833304166793823,-0.017470270299554613,0.030968308448791504,-0.13617098331451416,-0.018877945744634417,0.03127223253250122,-0.15261971950531006,-0.020080059671045092
1,0.0,0.0,0.0,-0.028077006340026855,-0.01833164691925049,-0.009510555656859765,-0.05369609594345093,-0.04746806621551514,-0.014293805117020497,-0.0729987621307373,-0.07183980941772461,-0.018737249428639302,-0.09064984321594238,-0.0847550630569458,-0.022907235080609212,-0.028404414653778076,-0.10271179676055908,-0.0038364658860956524,-0.03673785924911499,-0.14407706260681152,-0.010328472944209466,-0.04061877727508545,-0.1687767505645752,-0.016940672302851567,-0.04265373945236206,-0.18991965055465698,-0.022133455032715688,-0.011751890182495117,-0.10679370164871216,-0.005189260820159802,-0.018329381942749023,-0.1514936089515686,-0.009461024197051415,-0.02142632007598877,-0.17814916372299194,-0.01434848865331162,-0.023653388023376465,-0.20002037286758423,-0.018385786915430913,0.0056746602058410645,-0.10248744487762451,-0.008401575850555787,0.0026040077209472656,-0.14433103799819946,-0.013138993064174542,0.0009111166000366211,-0.16743481159210205,-0.016062939891824612,-0.0015451312065124512,-0.18614333868026733,-0.01862022129655827,0.024081110954284668,-0.09128284454345703,-0.012901774959871659,0.028688132762908936,-0.11998105049133301,-0.016764376664767155,0.030694425106048584,-0.1382434368133545,-0.017546773309121022,0.031642258167266846,-0.15473276376724243,-0.018288797119865308
1,0.0,0.0,0.0,-0.027969777584075928,-0.017948448657989502,-0.009367690187929156,-0.052731990814208984,-0.046563923358917236,-0.014302409020302775,-0.07180845737457275,-0.0703423023223877,-0.018997503210840705,-0.08926397562026978,-0.08324062824249268,-0.023513093357024673,-0.027437686920166016,-0.10291564464569092,-0.003592462045190814,-0.035837769508361816,-0.14339786767959595,-0.01002964819693375,-0.04021716117858887,-0.1677597165107727,-0.016561381285129073,-0.042849957942962646,-0.18850594758987427,-0.021705059100924018,-0.010646939277648926,-0.10679209232330322,-0.005245718871293548,-0.01646500825881958,-0.15103155374526978,-0.009387127821383956,-0.019721269607543945,-0.1772562861442566,-0.014059257459877017,-0.02239900827407837,-0.19838523864746094,-0.017971019958196166,0.006544232368469238,-0.10216796398162842,-0.008809853111444,0.004183828830718994,-0.14338594675064087,-0.013459569540856364,0.0020949840545654297,-0.16629558801651,-0.016222247620163444,-0.0008348822593688965,-0.184933602809906,-0.018729289759932044,0.02432119846343994,-0.09052115678787231,-0.013677525100348475,0.02922886610031128,-0.11918759346008301,-0.01757837622338343,0.0312347412109375,-0.13743573427200317,-0.01830597384744692,0.032028257846832275,-0.1538575291633606,-0.01903307041996527
1,0.0,0.0,0.0,-0.028276443481445312,-0.018215477466583252,-0.008919483279697715,-0.053618550300598145,-0.04751121997833252,-0.013323590388409912,-0.07318651676177979,-0.07070046663284302,-0.017561165844909965,-0.090648353099823,-0.08300858736038208,-0.021573834350220977,-0.028248965740203857,-0.10263842344284058,-0.002869232321046411,-0.03733628988265991,-0.1435861587524414,-0.009197973875217258,-0.04200112819671631,-0.16815030574798584,-0.015658363928906738,-0.044780850410461426,-0.18910980224609375,-0.020673012589924156,-0.011777818202972412,-0.10685646533966064,-0.004396572472415983,-0.01809161901473999,-0.1512252688407898,-0.008113173065595447,-0.021588265895843506,-0.17768460512161255,-0.012420780254416286,-0.02431875467300415,-0.1990271806716919,-0.01599051267456275,0.005554616451263428,-0.10242390632629395,-0.007818510053567707,0.0026611685752868652,-0.14377820491790771,-0.011736880285553752,0.00036585330963134766,-0.16666752099990845,-0.013934620885066806,-0.0025884509086608887,-0.18510395288467407,-0.016010007118694602,0.02363353967666626,-0.09076422452926636,-0.012586107706539451,0.028314828872680664,-0.11926764249801636,-0.01571508147370082,0.029788970947265625,-0.13748258352279663,-0.015942879250161468,0.0302201509475708,-0.15368729829788208,-0.016264431407563507
1,0.0,0.0,0.0,-0.028316497802734375,-0.01801276206970215,-0.009039706267188308,-0.05389869213104248,-0.046876609325408936,-0.013662311896453616,-0.07337844371795654,-0.07016891241073608,-0.01807515946752858,-0.0909583568572998,-0.08238065242767334,-0.022373105115960357,-0.028565824031829834,-0.10200625658035278,-0.003759114486868498,-0.037386417388916016,-0.14284253120422363,-0.010228002160559413,-0.04219156503677368,-0.16745859384536743,-0.01670774695999455,-0.04539656639099121,-0.18823683261871338,-0.021780552990506408,-0.011799454689025879,-0.10608452558517456,-0.005340901851425883,-0.017773687839508057,-0.15057778358459473,-0.009445314012239692,-0.021292030811309814,-0.17660391330718994,-0.014042774863312957,-0.024266958236694336,-0.19741278886795044,-0.01788834174699616,0.0055217742919921875,-0.10166126489639282,-0.00875681796647143,0.0028603076934814453,-0.1431673765182495,-0.013231940284143207,0.000420987606048584,-0.1659529209136963,-0.015943183280299422,-0.0029268264770507812,-0.18412190675735474,-0.01841489104158711,0.023523330688476562,-0.09025794267654419,-0.013441125578950164,0.028488636016845703,-0.11913871765136719,-0.01717733284063172,0.030036628246307373,-0.13737672567367554,-0.01787706156797242,0.030228137969970703,-0.15345638990402222,-0.018569268934200522
1,0.0,0.0,0.0,-0.027998149394989014,-0.01784980297088623,-0.009230762707503004,-0.05338221788406372,-0.046394407749176025,-0.014247189263315363,-0.07274800539016724,-0.06976330280303955,-0.018990873346538706,-0.09055566787719727,-0.08174788951873779,-0.023635356674404306,-0.0282210111618042,-0.10180580615997314,-0.004502981422902508,-0.03706735372543335,-0.14194631576538086,-0.011126825573356314,-0.041858553886413574,-0.16610389947891235,-0.017675376484604044,-0.04503810405731201,-0.18658435344696045,-0.022858909318657084,-0.011363208293914795,-0.10597801208496094,-0.006190478789122267,-0.01728987693786621,-0.15028685331344604,-0.010713536279709501,-0.020991265773773193,-0.17616868019104004,-0.01568416039130227,-0.024184107780456543,-0.19710850715637207,-0.01981112825355069,0.005916118621826172,-0.10155659914016724,-0.009656957338066263,0.003367483615875244,-0.14254742860794067,-0.014674467953355474,0.0008000731468200684,-0.1651708483695984,-0.01791226396939294,-0.002781212329864502,-0.18356090784072876,-0.02074974122128026,0.023777782917022705,-0.0900682806968689,-0.01433936877778308,0.02883678674697876,-0.11858606338500977,-0.018540712992162867,0.030621707439422607,-0.13680195808410645,-0.01964548694571988,0.03113412857055664,-0.15332800149917603,-0.020666404614658518
1,0.0,0.0,0.0,-0.028404593467712402,-0.018144726753234863,-0.009263092730080302,-0.053704798221588135,-0.04709237813949585,-0.014264797869955714,-0.07297700643539429,-0.07034510374069214,-0.0190430116689555,-0.09087085723876953,-0.08272546529769897,-0.023766322139536555,-0.028598427772521973,-0.10204905271530151,-0.004723842799549516,-0.037410855293273926,-0.14241564273834229,-0.011709098782276328,-0.04222315549850464,-0.16711026430130005,-0.018496230322753604,-0.045403242111206055,-0.18796294927597046,-0.023823561224972423,-0.011874616146087646,-0.10599619150161743,-0.006597983728980239,-0.018094778060913086,-0.15055590867996216,-0.011474585238730128,-0.021924734115600586,-0.1768534779548645,-0.01662127681437653,-0.02512657642364502,-0.1982109546661377,-0.020786015394961055,0.005481243133544922,-0.10135173797607422,-0.010267750438188727,0.0025234222412109375,-0.14291077852249146,-0.01566626698139828,3.337860107421875e-05,-0.16627287864685059,-0.01900053032103699,-0.0032678842544555664,-0.18550962209701538,-0.021812426004444774,0.023427069187164307,-0.08955150842666626,-0.015151435587441142,0.02794516086578369,-0.11856156587600708,-0.01970538877311867,0.029706597328186035,-0.13709568977355957,-0.02083582066360634,0.03033548593521118,-0.15394318103790283,-0.021808082315956767
1,0.0,0.0,0.0,-0.028666436672210693,-0.018010437488555908,-0.009683047694934999,-0.05433547496795654,-0.04616200923919678,-0.014845676993800794,-0.07403206825256348,-0.06915771961212158,-0.019720834022237455,-0.09190219640731812,-0.08168256282806396,-0.024489758809878026,-0.029608845710754395,-0.10118061304092407,-0.004749453900231515,-0.0388568639755249,-0.14173036813735962,-0.011958231491817628,-0.04383164644241333,-0.16656780242919922,-0.01893951957471529,-0.04706990718841553,-0.1874740719795227,-0.02429909100182215,-0.012787044048309326,-0.10534840822219849,-0.006351263535989915,-0.018798410892486572,-0.14996123313903809,-0.011091895675136243,-0.022640466690063477,-0.1761268973350525,-0.016087280860020314,-0.025873541831970215,-0.19722235202789307,-0.02014084932751814,0.004593610763549805,-0.10100507736206055,-0.009826795471681748,0.0017688870429992676,-0.1425737738609314,-0.014883870532585775,-0.0008463263511657715,-0.16601282358169556,-0.017871897941304837,-0.004201948642730713,-0.18508219718933105,-0.020483693381621038,0.02248769998550415,-0.08937913179397583,-0.014609426533652936,0.027079343795776367,-0.11798691749572754,-0.018767519196345006,0.02885359525680542,-0.13632804155349731,-0.0195367730165259,0.029600083827972412,-0.1527453064918518,-0.020245030796004926
1,0.0,0.0,0.0,-0.028266191482543945,-0.01786714792251587,-0.009660821311555878,-0.05354154109954834,-0.046402037143707275,-0.014688193701587693,-0.07262682914733887,-0.07009321451187134,-0.019438463166736142,-0.09048593044281006,-0.0828360915184021,-0.02408649110832073,-0.030144214630126953,-0.10103070735931396,-0.004390312262259499,-0.03895372152328491,-0.14122551679611206,-0.011385535724841134,-0.0439302921295166,-0.16587132215499878,-0.018333596080921666,-0.04741334915161133,-0.18680578470230103,-0.023723394513510243,-0.013064980506896973,-0.10543280839920044,-0.006049957961224095,-0.018923938274383545,-0.15002977848052979,-0.010703912839673535,-0.02259957790374756,-0.17662811279296875,-0.015831357702992932,-0.025875627994537354,-0.1981862187385559,-0.02003978090026237,0.004543423652648926,-0.10130304098129272,-0.009566665530584828,0.0016713142395019531,-0.14267200231552124,-0.014563348047815339,-0.0009712576866149902,-0.16585773229599,-0.017556073978923337,-0.004516959190368652,-0.184645414352417,-0.020177543998144643,0.0226479172706604,-0.08990198373794556,-0.014391075723253266,0.026755034923553467,-0.11906421184539795,-0.0183705733124242,0.02809584140777588,-0.13753288984298706,-0.018986024797342793,0.028251051902770996,-0.15380781888961792,-0.019629095584534184
1,0.0,0.0,0.0,-0.0287589430809021,-0.017535924911499023,-0.009601566706450626,-0.05402404069900513,-0.04608118534088135,-0.014510128412993595,-0.07288879156112671,-0.07076513767242432,-0.01918978313788955,-0.09051376581192017,-0.08467215299606323,-0.023641505044551536,-0.03246802091598511,-0.0987817645072937,-0.0033323101221043316,-0.041703879833221436,-0.13917392492294312,-0.010571473975332424,-0.046534955501556396,-0.16381382942199707,-0.017732676815839454,-0.04951876401901245,-0.18516510725021362,-0.0233683891116101,-0.016024768352508545,-0.1040412187576294,-0.0051562420545536725,-0.02257394790649414,-0.14798760414123535,-0.010529336285443947,-0.02585005760192871,-0.17460614442825317,-0.016174700808377906,-0.028403401374816895,-0.19662857055664062,-0.020726469111295387,0.0011195540428161621,-0.10091525316238403,-0.008954975519927189,-0.0025389790534973145,-0.14255845546722412,-0.01485540135637109,-0.004927277565002441,-0.16622179746627808,-0.01830922695681636,-0.007841646671295166,-0.18566995859146118,-0.021146834593864128,0.01939105987548828,-0.09077227115631104,-0.01404602988496606,0.02308475971221924,-0.11997842788696289,-0.018891348269434616,0.024126052856445312,-0.1392006278038025,-0.020171121460052177,0.024013400077819824,-0.15635716915130615,-0.02128187822982852
1,0.0,0.0,0.0,-0.02960681915283203,-0.017242074012756348,-0.008731529455815235,-0.05561232566833496,-0.046315670013427734,-0.01236824352685062,-0.07243770360946655,-0.07276862859725952,-0.015855697322820106,-0.0882977843284607,-0.08807194232940674,-0.019258451987241187,-0.034762799739837646,-0.09326827526092529,-0.0026024355219647077,-0.043296217918395996,-0.13317817449569702,-0.009887391109202781,-0.04796034097671509,-0.15818703174591064,-0.016997997988198676,-0.050978660583496094,-0.17985188961029053,-0.022481865588758865,-0.018161416053771973,-0.09943431615829468,-0.004599147349779287,-0.02468973398208618,-0.14354801177978516,-0.010384220969115177,-0.028521955013275146,-0.17102915048599243,-0.016711186025474944,-0.0314410924911499,-0.19452792406082153,-0.021639797244404235,-0.0011931657791137695,-0.09788519144058228,-0.008410410363410392,-0.0052880048751831055,-0.13895612955093384,-0.014762677591477313,-0.008413255214691162,-0.16369092464447021,-0.019038760442469993,-0.01147007942199707,-0.18400096893310547,-0.022267182696793952,0.017082035541534424,-0.08951634168624878,-0.01334676739219276,0.019401848316192627,-0.11883789300918579,-0.018477500755523124,0.01945340633392334,-0.13832205533981323,-0.020089428279732147,0.018792152404785156,-0.15543484687805176,-0.02134640641901342
1,0.0,0.0,0.0,-0.030675053596496582,-0.019292593002319336,-0.008525389468644562,-0.05461442470550537,-0.047177910804748535,-0.012573610281918945,-0.06971806287765503,-0.07283216714859009,-0.01664853956398815,-0.0834079384803772,-0.09077876806259155,-0.020716556569908562,-0.034737348556518555,-0.08966606855392456,-0.0025385934751227524,-0.04090660810470581,-0.12789928913116455,-0.01075769424286932,-0.04385817050933838,-0.1519225835800171,-0.0184530776351437,-0.04563659429550171,-0.17327892780303955,-0.024087357556794586,-0.01738196611404419,-0.0955348014831543,-0.005174717622224989,-0.02291572093963623,-0.13884705305099487,-0.01196253321913332,-0.02633732557296753,-0.16600298881530762,-0.018916183373306694,-0.02899634838104248,-0.18980228900909424,-0.024129769986842575,-0.0005903840065002441,-0.09404712915420532,-0.009703202395115795,-0.003419339656829834,-0.13519132137298584,-0.017242758756850662,-0.006425023078918457,-0.16064399480819702,-0.02200723741052002,-0.009643316268920898,-0.18236303329467773,-0.02523129548725933,0.01713407039642334,-0.0862572193145752,-0.015234584210787716,0.018973171710968018,-0.1177816390991211,-0.02138390693662018,0.018230855464935303,-0.1381954550743103,-0.023206346890304985,0.016155898571014404,-0.1560845971107483,-0.024373035168622437
1,0.0,0.0,0.0,-0.030482769012451172,-0.018518924713134766,-0.007756924759227957,-0.05359017848968506,-0.044074416160583496,-0.011469185854871,-0.06718504428863525,-0.06877881288528442,-0.015380237754065718,-0.07741236686706543,-0.08968645334243774,-0.019068852569539274,-0.03581959009170532,-0.083526611328125,-0.0009406134855041159,-0.040692687034606934,-0.11915826797485352,-0.00883851157464477,-0.04260927438735962,-0.1405785083770752,-0.01637735454328748,-0.044106483459472656,-0.159959077835083,-0.021819107737023558,-0.018960177898406982,-0.0899127721786499,-0.003384992982823576,-0.023843765258789062,-0.12973225116729736,-0.009796251114089216,-0.027058064937591553,-0.1538187861442566,-0.01611139116771909,-0.030004262924194336,-0.17519068717956543,-0.020854905750233854,-0.00236356258392334,-0.08962112665176392,-0.007761425841231073,-0.005147874355316162,-0.12769782543182373,-0.014676943923909391,-0.008211731910705566,-0.1503441333770752,-0.018380580972511495,-0.011681079864501953,-0.16957473754882812,-0.020781448613483633,0.015591681003570557,-0.08331668376922607,-0.013183008450646128,0.016416192054748535,-0.11411386728286743,-0.018817134704072203,0.01458430290222168,-0.13337212800979614,-0.020111388098079885,0.011451900005340576,-0.15024256706237793,-0.020781051870066847
1,0.0,0.0,0.0,-0.029943406581878662,-0.018750548362731934,-0.006841310307102333,-0.053373754024505615,-0.04239857196807861,-0.009858099750893246,-0.06622803211212158,-0.06734716892242432,-0.013267884038107525,-0.07043617963790894,-0.0906175971031189,-0.016236972070949207,-0.035646140575408936,-0.07824152708053589,0.002856305327547659,-0.041277170181274414,-0.10895198583602905,-0.0036011980918218,-0.04289513826370239,-0.12683618068695068,-0.010602905422167908,-0.044141173362731934,-0.1434866189956665,-0.015856372199671398,-0.01910191774368286,-0.08333927392959595,0.0007910096247698561,-0.023435890674591064,-0.11769860982894897,-0.004391526344882379,-0.02604430913925171,-0.13726264238357544,-0.010023185990469585,-0.028630375862121582,-0.1549210548400879,-0.014387514449374805,-0.002758204936981201,-0.082172691822052,-0.0033295482934434517,-0.005545318126678467,-0.11612415313720703,-0.009325962520854603,-0.008192300796508789,-0.1358819603919983,-0.01227032114537252,-0.011106550693511963,-0.15213894844055176,-0.014154846787171493,0.014798402786254883,-0.0754658579826355,-0.008435993462519775,0.014908075332641602,-0.1044391393661499,-0.013263867243843208,0.012589335441589355,-0.12156766653060913,-0.014017269022481571,0.009103596210479736,-0.13633710145950317,-0.014353528625981937
1,0.0,0.0,0.0,-0.030964970588684082,-0.015903353691101074,-0.006543866527966458,-0.05481642484664917,-0.039714157581329346,-0.009445267898730236,-0.06674420833587646,-0.06713944673538208,-0.012753188779345948,-0.07098489999771118,-0.09148931503295898,-0.015374007804087597,-0.03982728719711304,-0.0733594298362732,0.004007047804304165,-0.04406636953353882,-0.10350674390792847,-0.0022186377847113192,-0.0441625714302063,-0.11854320764541626,-0.009090183472029167,-0.04366260766983032,-0.12720799446105957,-0.013729010877899128,-0.022633075714111328,-0.07866805791854858,0.0025320675394020498,-0.026268959045410156,-0.11201447248458862,-0.004042094276986319,-0.026133835315704346,-0.12407517433166504,-0.010804208164802986,-0.025748908519744873,-0.12636452913284302,-0.014753604477039772,-0.005953311920166016,-0.07841604948043823,-0.0007241363583609939,-0.008378863334655762,-0.11248070001602173,-0.007296940481058556,-0.00882941484451294,-0.124564528465271,-0.010476078076056439,-0.008937239646911621,-0.12567061185836792,-0.011429860425881344,0.012078583240509033,-0.07318878173828125,-0.004764485342196423,0.011202514171600342,-0.10312473773956299,-0.009946295229486424,0.009053170680999756,-0.11726433038711548,-0.010933080857387978,0.006769537925720215,-0.1231580376625061,-0.01058422977267881
1,0.0,0.0,0.0,-0.03128838539123535,-0.016454100608825684,-0.0032315342497071242,-0.05457085371017456,-0.04147273302078247,-0.004659192384778521,-0.06512057781219482,-0.06889593601226807,-0.007898622871934435,-0.06467330455780029,-0.09206682443618774,-0.010185907343029044,-0.03755176067352295,-0.07475978136062622,0.009596314533055761,-0.03974968194961548,-0.10517281293869019,0.0015163575489083314,-0.039614737033843994,-0.1070319414138794,-0.006750206211208365,-0.03904765844345093,-0.0966445803642273,-0.011114522562920115,-0.02121669054031372,-0.08065801858901978,0.006429971913249233,-0.02420806884765625,-0.11539268493652344,-0.0013460765868416047,-0.02280670404434204,-0.11237633228302002,-0.008536479184030554,-0.021904706954956055,-0.09666359424591064,-0.011716019110380671,-0.005107522010803223,-0.08030641078948975,0.0014168222159156585,-0.007623493671417236,-0.11452525854110718,-0.006003795405476353,-0.006118059158325195,-0.10965555906295776,-0.007741973483561537,-0.004511415958404541,-0.09337711334228516,-0.006804201034455559,0.01266789436340332,-0.07385098934173584,-0.00418617877140548,0.011552155017852783,-0.10622364282608032,-0.008710207165776751,0.010767459869384766,-0.10535281896591187,-0.00750692675784137,0.010164499282836914,-0.09327661991119385,-0.005224816249310038
1,0.0,0.0,0.0,-0.030070483684539795,-0.012852787971496582,-0.004320583108409437,-0.052490234375,-0.04412287473678589,-0.005900176975472959,-0.06076544523239136,-0.07403051853179932,-0.009015509660883936,-0.0593753457069397,-0.09760701656341553,-0.010621324915035757,-0.03560197353363037,-0.07623964548110962,0.005768475320593325,-0.038005828857421875,-0.10930991172790527,-0.004447945195778402,-0.03629642724990845,-0.09398698806762695,-0.011970626923783811,-0.03416651487350464,-0.07629233598709106,-0.015355177025838884,-0.01919686794281006,-0.08156764507293701,0.002473245339871255,-0.02109426259994507,-0.11974078416824341,-0.006695522263242992,-0.0211336612701416,-0.10072606801986694,-0.01067029013071874,-0.019611895084381104,-0.0820053219795227,-0.01075130960677484,-0.002152085304260254,-0.0809704065322876,-0.0029177139863065804,-0.002725958824157715,-0.11693471670150757,-0.01047506163601497,-0.00427091121673584,-0.09918713569641113,-0.007957471336766275,-0.0039328932762146,-0.08251792192459106,-0.004061935271664652,0.015984714031219482,-0.07449239492416382,-0.009148881572826895,0.01572185754776001,-0.10376846790313721,-0.012193694512887987,0.011420607566833496,-0.09197312593460083,-0.007877024624093565,0.009038865566253662,-0.07773441076278687,-0.00364355210919598
1,0.0,0.0,0.0,-0.029188811779022217,-0.018767118453979492,-0.0044332882948623364,-0.04896068572998047,-0.05267500877380371,-0.006894509363959855,-0.05484384298324585,-0.08421164751052856,-0.0109425224923001,-0.05244708061218262,-0.10856038331985474,-0.013458904866169519,-0.030070126056671143,-0.0824543833732605,0.0032414292823119695,-0.030952274799346924,-0.11564821004867554,-0.008927327636669702,-0.030146002769470215,-0.09656834602355957,-0.01765992125500304,-0.02935171127319336,-0.07604873180389404,-0.02158623008061511,-0.013274431228637695,-0.08423906564712524,-0.00010529782365154006,-0.012865304946899414,-0.1189957857131958,-0.009854565430472917,-0.013880908489227295,-0.09791344404220581,-0.013985754046629495,-0.01499640941619873,-0.07806187868118286,-0.014643996078561372,0.0036941170692443848,-0.08086174726486206,-0.005525655634741611,0.005174100399017334,-0.11369949579238892,-0.013460834566544122,0.0021783113479614258,-0.09440916776657104,-0.010448230486403531,-0.00013107061386108398,-0.07626914978027344,-0.006575802862684554,0.021177828311920166,-0.07228958606719971,-0.011801055688451356,0.022476136684417725,-0.09997349977493286,-0.015383807066868371,0.017046332359313965,-0.08621108531951904,-0.010805836003314084,0.012313544750213623,-0.06996262073516846,-0.00645328877497775
1,0.0,0.0,0.0,-0.026584625244140625,-0.019077599048614502,-0.006625168332107023,-0.04604429006576538,-0.055447280406951904,-0.010147728798187927,-0.052507102489471436,-0.0883057713508606,-0.014669295241333202,-0.04695063829421997,-0.1131594181060791,-0.01727369504908438,-0.02621591091156006,-0.08404749631881714,0.0007479592303525351,-0.024551212787628174,-0.1201966404914856,-0.013857297440267757,-0.024957776069641113,-0.09834545850753784,-0.02265389899650927,-0.025719881057739258,-0.07877695560455322,-0.026154401553071693,-0.009122133255004883,-0.08382081985473633,-0.002032582489050583,-0.006578326225280762,-0.12280642986297607,-0.015009852898515419,-0.009621202945709229,-0.09731107950210571,-0.018605531034268097,-0.012143492698669434,-0.07930231094360352,-0.01768989751974459,0.008181393146514893,-0.0782250165939331,-0.007226346832908348,0.010906338691711426,-0.11199218034744263,-0.018658094880379394,0.00610804557800293,-0.08762210607528687,-0.014309356761373238,0.0033786892890930176,-0.0719146728515625,-0.00821514784286137,0.02640324831008911,-0.06731748580932617,-0.013305089277423576,0.027061104774475098,-0.09433013200759888,-0.018789152455724434,0.021009624004364014,-0.07703465223312378,-0.013357424018181518,0.017141640186309814,-0.06294119358062744,-0.007691229068882421
1,0.0,0.0,0.0,-0.0246163010597229,-0.020518362522125244,-0.008008448650713262,-0.042024195194244385,-0.06068527698516846,-0.011851667670185861,-0.04588860273361206,-0.0964617133140564,-0.016557221544559297,-0.038200974464416504,-0.12261533737182617,-0.01909884927945882,-0.018028438091278076,-0.08853763341903687,0.0007663987235844161,-0.016259849071502686,-0.12152594327926636,-0.014456028362388906,-0.02071446180343628,-0.09516125917434692,-0.02282855590956956,-0.0220068097114563,-0.07610470056533813,-0.025861206708128748,-0.0006687641143798828,-0.08439433574676514,-0.0016461861195296024,0.001633763313293457,-0.11965423822402954,-0.015064960589285192,-0.005146205425262451,-0.09233152866363525,-0.018027431575234232,-0.006353795528411865,-0.07678407430648804,-0.016569745970542726,0.016318023204803467,-0.07534795999526978,-0.0067992548100903605,0.018413066864013672,-0.10534083843231201,-0.019459980783636865,0.010602772235870361,-0.07900434732437134,-0.014495686871583757,0.00913327932357788,-0.0648876428604126,-0.007788145692671833,0.034253597259521484,-0.06202399730682373,-0.012893534509117899,0.03400498628616333,-0.08691471815109253,-0.019097714928562937,0.025870800018310547,-0.06754279136657715,-0.01325748792069703,0.02311849594116211,-0.053997814655303955,-0.007125931569959221
1,0.0,0.0,0.0,-0.023940563201904297,-0.013190686702728271,-0.013454070284382169,-0.04290086030960083,-0.05293107032775879,-0.020619497604087655,-0.04576742649078369,-0.08930796384811401,-0.02705215380282766,-0.03389829397201538,-0.1156473159790039,-0.031151714704350297,-0.02020484209060669,-0.0911259651184082,-0.007167503207341497,-0.017003953456878662,-0.11657911539077759,-0.02416991346271402,-0.019959092140197754,-0.08794975280761719,-0.0336732780257023,-0.021171748638153076,-0.06702780723571777,-0.03746959098370439,-0.0005734562873840332,-0.08720409870147705,-0.007818908400253122,0.00475311279296875,-0.11370748281478882,-0.023972419060186212,-0.0017748475074768066,-0.08144748210906982,-0.028020032651141946,-0.005018055438995361,-0.06130558252334595,-0.026408755190090005,0.01745527982711792,-0.07654911279678345,-0.011261174424902265,0.021214067935943604,-0.09998679161071777,-0.02784171231778032,0.01422262191772461,-0.06867778301239014,-0.023944360173658197,0.010873198509216309,-0.050965070724487305,-0.0167765998909033,0.03409230709075928,-0.06021153926849365,-0.01568981163890726,0.03489387035369873,-0.07527947425842285,-0.0270736114749468,0.028455018997192383,-0.05093860626220703,-0.022571706182674234,0.025507569313049316,-0.035354673862457275,-0.01586629726679689
1,0.0,0.0,0.0,-0.01950901746749878,-0.0036197304725646973,-0.015759898634030378,-0.03457838296890259,-0.016470789909362793,-0.02795854239292339,-0.03933238983154297,-0.02784043550491333,-0.038261797563507116,-0.03271716833114624,-0.03962224721908569,-0.04721019072957233,-0.011252045631408691,-0.06943857669830322,-0.023247488127424276,-0.0036996006965637207,-0.060269176959991455,-0.037239294783546484,-0.00617903470993042,-0.03438282012939453,-0.04612488700576023,-0.00912928581237793,-0.014882504940032959,-0.05094079701729015,0.010557293891906738,-0.05927324295043945,-0.02338296762235359,0.019650638103485107,-0.04310405254364014,-0.03905591769643024,0.013928830623626709,-0.013706386089324951,-0.04508066950864986,0.008925855159759521,0.00608515739440918,-0.04686646564431385,0.02770364284515381,-0.04364275932312012,-0.02446030667550758,0.03458511829376221,-0.026488006114959717,-0.04062566934652523,0.028964638710021973,-0.0005005002021789551,-0.04014121024437145,0.02290058135986328,0.01726984977722168,-0.036780368821098364,0.0413782000541687,-0.02612096071243286,-0.026468938500954664,0.048501431941986084,-0.0099867582321167,-0.03887255518264965,0.04359537363052368,0.010981976985931396,-0.03633635519571499,0.03745764493942261,0.024315297603607178,-0.031541977362110174
2,0.0,0.0,0.0,-0.03245025873184204,-0.010396897792816162,-0.004058779720992334,-0.052077531814575195,-0.038504332304000854,-0.0033986112483148645,-0.060413479804992676,-0.07134556770324707,-0.004682131149650104,-0.057534873485565186,-0.09460082650184631,-0.004234938920319564,-0.04178726673126221,-0.05734965205192566,0.01405415633615803,-0.04310894012451172,-0.08434775471687317,0.002052929912849777,-0.03777313232421875,-0.06216368079185486,-0.00524013446721483,-0.035905420780181885,-0.047251760959625244,-0.007788873315632827,-0.025298893451690674,-0.0594123899936676,0.011436136867075675,-0.027409136295318604,-0.08576086163520813,-0.0018165146846627067,-0.02302795648574829,-0.05463579297065735,-0.006412121970981843,-0.021978318691253662,-0.039548516273498535,-0.005374570415199287,-0.00966566801071167,-0.05988159775733948,0.005852132997631543,-0.012239992618560791,-0.08468309044837952,-0.007749577556580789,-0.009969592094421387,-0.052807748317718506,-0.004295571279556043,-0.009061276912689209,-0.03631150722503662,0.0027245992880011727,0.006502270698547363,-0.057694196701049805,-0.00037474305446494327,0.004185974597930908,-0.0751270055770874,-0.006541535296321399,0.0042899250984191895,-0.05276253819465637,-0.0016255823809956382,0.004967927932739258,-0.03963640332221985,0.004441400020539277
2,0.0,0.0,0.0,-0.012733221054077148,-0.03606909513473511,0.0029269981679078683,-0.010606586933135986,-0.06601470708847046,0.001984965150853668,-0.008774757385253906,-0.08994400501251221,-0.0020659124928954498,-0.006162047386169434,-0.11463198065757751,-0.004735758200610007,0.027130484580993652,-0.08205783367156982,0.012928821473991547,0.0026628971099853516,-0.10271322727203369,-0.0010018309330064312,-0.0060076117515563965,-0.08169543743133545,-0.01065447986903223,-0.0038245320320129395,-0.06151294708251953,-0.014502457015538539,0.03334838151931763,-0.07989120483398438,0.006429929613744889,0.0021777749061584473,-0.1039934754371643,-0.00891084563764366,-0.006990492343902588,-0.07603919506072998,-0.014530371547067489,-0.0019350647926330566,-0.0563315749168396,-0.01395416785808834,0.037560880184173584,-0.07718163728713989,-0.0019570562507453815,0.002886354923248291,-0.09825640916824341,-0.015043396175229873,-0.004358530044555664,-0.06992101669311523,-0.012908911004984702,0.003423154354095459,-0.05241715908050537,-0.007257688463056411,0.038444459438323975,-0.07223868370056152,-0.010618028834784354,0.007956206798553467,-0.08815354108810425,-0.018197607852840747,0.0020524263381958008,-0.06872493028640747,-0.015662165962481822,0.009192347526550293,-0.05462801456451416,-0.01061219037356409
2,0.0,0.0,0.0,-0.011573433876037598,-0.03827977180480957,0.003360825791304478,-0.00832754373550415,-0.06927281618118286,0.0021399992660633416,-0.007134377956390381,-0.09394466876983643,-0.0014358284275033384,-0.005970418453216553,-0.11687275767326355,-0.0033398161499746948,0.035725951194763184,-0.08153587579727173,0.01034384194323934,0.002402663230895996,-0.10704872012138367,-0.0023644350326605945,-0.007635533809661865,-0.08476477861404419,-0.012754321363473764,-0.00715714693069458,-0.06378293037414551,-0.017572303567732206,0.037892818450927734,-0.08048766851425171,0.004237022451405892,-0.001344919204711914,-0.10904178023338318,-0.008077515554333559,-0.009422242641448975,-0.08153289556503296,-0.013705578897798887,-0.006977498531341553,-0.061374783515930176,-0.014744532559717527,0.03605073690414429,-0.07887238264083862,-0.0032073546058484226,-0.0030690431594848633,-0.10571178793907166,-0.012622924786711565,-0.00915604829788208,-0.0772441029548645,-0.011000288915539613,-0.004019439220428467,-0.057547688484191895,-0.007584123671705356,0.030936002731323242,-0.07605218887329102,-0.011046139788533083,-0.0012341737747192383,-0.09455245733261108,-0.017099603344405523,-0.0069541335105896,-0.07486730813980103,-0.015771010224426618,-0.0019393563270568848,-0.06011033058166504,-0.012526531968916288
2,0.0,0.0,0.0,-0.007767021656036377,-0.03940659761428833,0.0037750267620992872,-0.005091488361358643,-0.07227087020874023,0.002558976524682066,-0.005709409713745117,-0.09746456146240234,-0.0008920306026141134,-0.005765020847320557,-0.11985015869140625,-0.0027912209078806427,0.03597557544708252,-0.08438760042190552,0.010271171453581474,0.0009069442749023438,-0.1097879409790039,-0.00016190366650903343,-0.008528709411621094,-0.08839678764343262,-0.008945286859585622,-0.006060659885406494,-0.07036000490188599,-0.013421198938800671,0.03683149814605713,-0.08412110805511475,0.004088043115274331,-0.0046010613441467285,-0.10969558358192444,-0.005643856831653693,-0.011151254177093506,-0.08425235748291016,-0.010301596139385083,-0.006450951099395752,-0.06720030307769775,-0.011802382421507218,0.03253656625747681,-0.08235657215118408,-0.003190153631209114,-0.008072137832641602,-0.10516214370727539,-0.01116172562242923,-0.012848198413848877,-0.07819044589996338,-0.009870038022114613,-0.006140351295471191,-0.0612260103225708,-0.007596417915834763,0.02443218231201172,-0.07941854000091553,-0.01079313143046079,-0.00903540849685669,-0.09469735622406006,-0.01656860544235883,-0.01364147663116455,-0.07444077730178833,-0.015822269608094075,-0.007468581199645996,-0.06043189764022827,-0.01356291456968961
2,0.0,0.0,0.0,-0.00681227445602417,-0.03979921340942383,0.002925639613891917,-0.004785716533660889,-0.07226133346557617,0.000570053109328228,-0.005131721496582031,-0.0986095666885376,-0.0036317469874518338,-0.005221903324127197,-0.12066859006881714,-0.006402675653447432,0.035942137241363525,-0.08229857683181763,0.006190864243905025,0.0034331679344177246,-0.11080744862556458,-0.0044003921883302155,-0.007043600082397461,-0.0934719443321228,-0.01266234939416222,-0.006396055221557617,-0.07624870538711548,-0.016866843341489357,0.03601795434951782,-0.08233529329299927,0.00048141794664502413,-0.0030594468116760254,-0.10994431376457214,-0.008865516758163494,-0.010290086269378662,-0.08774310350418091,-0.012615622146626038,-0.006753683090209961,-0.0719519853591919,-0.01405117952694468,0.030608057975769043,-0.08045488595962524,-0.006144324442942661,-0.008739829063415527,-0.1040438711643219,-0.013782715550263447,-0.014046907424926758,-0.07905733585357666,-0.011618811762531323,-0.008577346801757812,-0.06320947408676147,-0.009248901283939404,0.02079939842224121,-0.07685339450836182,-0.013039208142657799,-0.012123346328735352,-0.09268999099731445,-0.018770677162905258,-0.016581237316131592,-0.0735744833946228,-0.017675030170579475,-0.010931074619293213,-0.060730814933776855,-0.015504611781437916
2,0.0,0.0,0.0,0.005801677703857422,-0.034403443336486816,0.0014185731951528169,0.006569802761077881,-0.06884360313415527,-0.002162668975032034,-0.0015183091163635254,-0.09817379713058472,-0.00699413556601769,-0.008150100708007812,-0.11906158924102783,-0.010913115814290109,0.03755664825439453,-0.08271384239196777,0.0010730945459016539,0.00470811128616333,-0.11249679327011108,-0.00873800821598536,-0.00816422700881958,-0.09883290529251099,-0.01607714489098555,-0.009102284908294678,-0.08359581232070923,-0.020187855586371484,0.03373157978057861,-0.08312827348709106,-0.0033570259157187365,-0.004511654376983643,-0.11243852972984314,-0.012296452075204911,-0.012678265571594238,-0.09276121854782104,-0.015325194112918439,-0.010152578353881836,-0.07657670974731445,-0.016802242845258775,0.02487480640411377,-0.08112823963165283,-0.008376140035650792,-0.012199103832244873,-0.10557359457015991,-0.015905803888998093,-0.018006742000579834,-0.08322900533676147,-0.014419038668236794,-0.01398855447769165,-0.06676697731018066,-0.012904808744750085,0.012692034244537354,-0.07715922594070435,-0.01354843739416367,-0.017652392387390137,-0.09203869104385376,-0.020217005982956948,-0.022382378578186035,-0.07470303773880005,-0.020511479005179467,-0.01800006628036499,-0.06192749738693237,-0.019605870246849122
2,0.0,0.0,0.0,0.010164022445678711,-0.03566539287567139,0.0037279150923836823,0.011190474033355713,-0.07305675745010376,0.0009812483107793923,0.00044220685958862305,-0.10350483655929565,-0.003487363596434534,-0.01075679063796997,-0.12468108534812927,-0.0071884839786093835,0.03472858667373657,-0.08944499492645264,0.0023169746631879207,0.000642240047454834,-0.11935383081436157,-0.00619413461441809,-0.01037132740020752,-0.10455358028411865,-0.012181871476570905,-0.008373796939849854,-0.09097212553024292,-0.015789986493984998,0.029352426528930664,-0.0900040864944458,-0.0034531069910030965,-0.0101509690284729,-0.1179843544960022,-0.01094378800968343,-0.01715177297592163,-0.09763866662979126,-0.012499838973383248,-0.01253044605255127,-0.08261710405349731,-0.013471052887837232,0.018695175647735596,-0.0872378945350647,-0.00961300441900903,-0.019501566886901855,-0.11131775379180908,-0.01574236052016431,-0.024189889430999756,-0.08821117877960205,-0.013574813398520291,-0.01830446720123291,-0.0723610520362854,-0.012339834961096585,0.005249321460723877,-0.08224916458129883,-0.015824054273764432,-0.025916635990142822,-0.09508132934570312,-0.022120793255965054,-0.02971470355987549,-0.07749658823013306,-0.022722131478587926,-0.02423340082168579,-0.0657569169998169,-0.022494432422320187
2,0.0,0.0,0.0,0.01246565580368042,-0.03587299585342407,0.0029106632534450227,0.012790322303771973,-0.07370203733444214,-0.00022015802487374003,0.0008087754249572754,-0.10537451505661011,-0.004664446580406434,-0.009919703006744385,-0.12649792432785034,-0.008182779773321158,0.03403741121292114,-0.09203392267227173,-0.0005733769542501932,-0.0011829137802124023,-0.1211334764957428,-0.008866326770927913,-0.011069655418395996,-0.10481041669845581,-0.013791012465205199,-0.008501172065734863,-0.09164649248123169,-0.016724589168276793,0.027344584465026855,-0.09198039770126343,-0.00596361502930165,-0.012025535106658936,-0.11976611614227295,-0.013561408854272372,-0.017993450164794922,-0.09885722398757935,-0.014394548609104163,-0.013205945491790771,-0.08415627479553223,-0.014905252381410605,0.015811383724212646,-0.08864641189575195,-0.011613353043046004,-0.021967291831970215,-0.11222070455551147,-0.01825742319151402,-0.025826334953308105,-0.08885687589645386,-0.015700041203942305,-0.01975923776626587,-0.07342422008514404,-0.014096823408451087,0.0019775032997131348,-0.08305913209915161,-0.017259507327523238,-0.028655827045440674,-0.09512358903884888,-0.024598986729230887,-0.03222310543060303,-0.07759028673171997,-0.02548810549005509,-0.02706587314605713,-0.06669175624847412,-0.025240204184498793
2,0.0,0.0,0.0,0.012497007846832275,-0.036286234855651855,0.00331290815744012,0.013316571712493896,-0.07453155517578125,0.0006193634334152875,0.001760721206665039,-0.10650414228439331,-0.003488827685160345,-0.008503258228302002,-0.1279142200946808,-0.00668299286839158,0.03505349159240723,-0.09240251779556274,0.0006724097628278969,-3.1113624572753906e-05,-0.12087571620941162,-0.007656511806217736,-0.009611904621124268,-0.10488921403884888,-0.012762871060786551,-0.006989538669586182,-0.0917934775352478,-0.015722750176010436,0.028384029865264893,-0.09222441911697388,-0.004786371674654788,-0.010702192783355713,-0.11971035599708557,-0.012351097960291213,-0.016151845455169678,-0.09907567501068115,-0.01343552065294773,-0.011156260967254639,-0.0847100019454956,-0.014043108050046271,0.01703721284866333,-0.08884888887405396,-0.01051492751788885,-0.02073347568511963,-0.11230218410491943,-0.0171214383582452,-0.024315297603607178,-0.08921235799789429,-0.014521392483530349,-0.01810842752456665,-0.07425045967102051,-0.012766016137121028,0.003075718879699707,-0.08329486846923828,-0.016195994291720694,-0.02756255865097046,-0.09623181819915771,-0.0232744835804084,-0.030624330043792725,-0.07874619960784912,-0.02385104675990135,-0.02502232789993286,-0.06786060333251953,-0.023292031560359305
2,0.0,0.0,0.0,0.013663113117218018,-0.03614598512649536,0.0034546310480862985,0.013762414455413818,-0.0743219256401062,0.00035792746261620323,0.0014796257019042969,-0.1062161922454834,-0.004039539403450476,-0.009110748767852783,-0.12696573138237,-0.007658013987523304,0.03410428762435913,-0.09219831228256226,-0.0017881923422038426,-0.001635909080505371,-0.12045472860336304,-0.00933545400125979,-0.011190056800842285,-0.10408890247344971,-0.01341040190978049,-0.008212268352508545,-0.09204995632171631,-0.016023410863411414,0.026758015155792236,-0.09132492542266846,-0.00740433010010122,-0.013587653636932373,-0.11784499883651733,-0.014127943112683283,-0.01911109685897827,-0.09743607044219971,-0.014139749488961684,-0.013668477535247803,-0.08377259969711304,-0.014585396654140936,0.014671921730041504,-0.08716410398483276,-0.013043845451605307,-0.023667871952056885,-0.10970461368560791,-0.01863228195084332,-0.027194321155548096,-0.08691346645355225,-0.015212509229016291,-0.020840585231781006,-0.07242214679718018,-0.013586544810962664,0.00041675567626953125,-0.08075547218322754,-0.0186288230188012,-0.03047358989715576,-0.09237027168273926,-0.025239358104002463,-0.03327500820159912,-0.07516330480575562,-0.025648244104516493,-0.027325451374053955,-0.06521749496459961,-0.02537686601949929
2,0.0,0.0,0.0,0.013598978519439697,-0.035256266593933105,0.0030999703773062492,0.01402956247329712,-0.07516837120056152,-0.00014655351368730862,0.0013379454612731934,-0.10787224769592285,-0.004451081997459028,-0.009409189224243164,-0.12940964102745056,-0.007909126489167306,0.033010900020599365,-0.09392660856246948,-0.002800455924798939,-0.004311323165893555,-0.12120294570922852,-0.009965936562721822,-0.012972712516784668,-0.10466772317886353,-0.01365803638726959,-0.008637845516204834,-0.09390240907669067,-0.01620365297675619,0.024869918823242188,-0.092640221118927,-0.008177398613398168,-0.017390549182891846,-0.11706703901290894,-0.014661238438193891,-0.021433651447296143,-0.09664595127105713,-0.01447301162660608,-0.014572203159332275,-0.0839354395866394,-0.014989592044358346,0.011912643909454346,-0.08801048994064331,-0.013498819342558477,-0.02758491039276123,-0.10821324586868286,-0.01842349013567457,-0.02942979335784912,-0.08552783727645874,-0.014896729870443437,-0.021486878395080566,-0.07257068157196045,-0.01360306693494806,-0.003007948398590088,-0.08116400241851807,-0.01882702103138456,-0.03433692455291748,-0.09042626619338989,-0.02507612845182905,-0.03617328405380249,-0.07317060232162476,-0.025745460672979448,-0.029685258865356445,-0.06459319591522217,-0.02589215701699743
2,0.0,0.0,0.0,0.013487756252288818,-0.03601175546646118,0.003925489915303615,0.01388239860534668,-0.07644492387771606,0.001647919138662246,0.0012354850769042969,-0.10848397016525269,-0.0018873574894371359,-0.009754300117492676,-0.12923336029052734,-0.004600177331127497,0.03159397840499878,-0.09532201290130615,-0.0012265515264573423,-0.005511224269866943,-0.12183123826980591,-0.007491263373054835,-0.0139695405960083,-0.10508126020431519,-0.010559625735737654,-0.009832382202148438,-0.09413570165634155,-0.012710079362847182,0.02306187152862549,-0.0937766432762146,-0.006773158719994399,-0.018344342708587646,-0.11741498112678528,-0.011999117953934046,-0.022636771202087402,-0.09784752130508423,-0.01118624005303559,-0.01616007089614868,-0.0856364369392395,-0.011525207942582938,0.009900569915771484,-0.08847004175186157,-0.012294120898701522,-0.02872645854949951,-0.10914814472198486,-0.016631834952391955,-0.031136810779571533,-0.08734267950057983,-0.013021736217893931,-0.02377396821975708,-0.07455414533615112,-0.011776362357892367,-0.00509268045425415,-0.08062881231307983,-0.01773912906483588,-0.035674333572387695,-0.09058499336242676,-0.023727346955098483,-0.037733495235443115,-0.07402825355529785,-0.024342926962532374,-0.03175169229507446,-0.06567275524139404,-0.02449751160875735
2,0.0,0.0,0.0,0.014729499816894531,-0.03560435771942139,0.004207796036070022,0.0148276686668396,-0.07598483562469482,0.0016071406107300845,0.0013294219970703125,-0.10849952697753906,-0.0020983881868517074,-0.010134696960449219,-0.12954697012901306,-0.005068545610839692,0.032209813594818115,-0.09514099359512329,-0.003094931979859439,-0.0052582621574401855,-0.12221789360046387,-0.008655624845260945,-0.01397562026977539,-0.10542261600494385,-0.010823488616580335,-0.010012209415435791,-0.09514123201370239,-0.012500069485241738,0.0232086181640625,-0.09308511018753052,-0.008546154395872918,-0.01949399709701538,-0.11607092618942261,-0.013366111003989545,-0.023381590843200684,-0.09580940008163452,-0.011881516696149674,-0.016556918621063232,-0.08366906642913818,-0.011882089459533063,0.009443461894989014,-0.08764827251434326,-0.013683889442319241,-0.03019493818283081,-0.10642248392105103,-0.017210276247197953,-0.031648457050323486,-0.08413058519363403,-0.013348848940069047,-0.023966848850250244,-0.07159900665283203,-0.012236192272240487,-0.006073474884033203,-0.07980960607528687,-0.01867527645939049,-0.03686434030532837,-0.08747994899749756,-0.024145420090491143,-0.038506269454956055,-0.07052731513977051,-0.024881429420048562,-0.03252887725830078,-0.06264549493789673,-0.025305160702401963
2,0.0,0.0,0.0,0.013874471187591553,-0.036423563957214355,0.004027825561266241,0.01340419054031372,-0.07820051908493042,0.0017065704007706017,-1.2099742889404297e-05,-0.11059457063674927,-0.0017582012667247682,-0.011781752109527588,-0.1323021650314331,-0.004379024482418004,0.030721545219421387,-0.09854710102081299,-0.0022788902140149503,-0.007378578186035156,-0.1250334084033966,-0.007979514296252432,-0.015154659748077393,-0.10685890913009644,-0.0104352303176114,-0.010409772396087646,-0.09624499082565308,-0.012275909292597476,0.021380960941314697,-0.09654814004898071,-0.007748319520700875,-0.021933138370513916,-0.11803826689720154,-0.012654917533595267,-0.02513653039932251,-0.09710144996643066,-0.011428960817951861,-0.017859160900115967,-0.0849449634552002,-0.011556658181447688,0.007294058799743652,-0.09074366092681885,-0.01301402247985095,-0.03284233808517456,-0.10785526037216187,-0.016378102111715975,-0.03386300802230835,-0.08524912595748901,-0.012498040902514163,-0.025847554206848145,-0.07293486595153809,-0.01140062439729661,-0.008424818515777588,-0.08241212368011475,-0.018230294096369448,-0.03943663835525513,-0.08852159976959229,-0.023393203723330203,-0.04065990447998047,-0.07075989246368408,-0.02391413714279622,-0.03413105010986328,-0.06290292739868164,-0.024174128878016177
2,0.0,0.0,0.0,0.01410895586013794,-0.03718072175979614,0.0036747050261567438,0.013522922992706299,-0.077700674533844,0.0009183788578468466,-3.2842159271240234e-05,-0.10982751846313477,-0.0028313636058499014,-0.01134490966796875,-0.1306735873222351,-0.005708856296308795,0.03052574396133423,-0.09845161437988281,-0.0037858248898317015,-0.008736371994018555,-0.123663991689682,-0.010343170047320882,-0.01602691411972046,-0.10533076524734497,-0.013352978297092477,-0.010693490505218506,-0.09542268514633179,-0.015534539029516736,0.020906686782836914,-0.09568727016448975,-0.009189728901304761,-0.023360133171081543,-0.11611080169677734,-0.014864444986500303,-0.025850117206573486,-0.09592664241790771,-0.013999087989844838,-0.017470359802246094,-0.08542835712432861,-0.014441386119045774,0.006835579872131348,-0.08917313814163208,-0.014348962598063508,-0.033612728118896484,-0.10513758659362793,-0.01829501639358,-0.03387385606765747,-0.08374923467636108,-0.014206761748113195,-0.024660587310791016,-0.07353508472442627,-0.012946679510690728,-0.008858799934387207,-0.08036178350448608,-0.019478114575662175,-0.03942686319351196,-0.08625143766403198,-0.024809271351017514,-0.0396462082862854,-0.06936138868331909,-0.025012230754413167,-0.03209841251373291,-0.06280189752578735,-0.025057209909476796
2,0.0,0.0,0.0,0.014315426349639893,-0.03590714931488037,0.00377433104003444,0.013949394226074219,-0.0774153470993042,0.0014062761052571204,-3.3020973205566406e-05,-0.10990691184997559,-0.002011640607094023,-0.011516153812408447,-0.13119137287139893,-0.004484328818222139,0.0303037166595459,-0.09929615259170532,-0.002906615291436765,-0.008974790573120117,-0.1244770884513855,-0.009113229256769273,-0.016291916370391846,-0.10601472854614258,-0.011797434095939252,-0.01080387830734253,-0.09607046842575073,-0.013758055311342332,0.02057284116744995,-0.09695237874984741,-0.0083174672021471,-0.023403525352478027,-0.11709842085838318,-0.01376520600607023,-0.026115000247955322,-0.09674108028411865,-0.012717706528206918,-0.017859995365142822,-0.08584368228912354,-0.012950183269282434,0.006432592868804932,-0.09071505069732666,-0.013558103148540113,-0.033652544021606445,-0.1069936752319336,-0.01748776939203367,-0.034201204776763916,-0.08543020486831665,-0.013593940441211316,-0.025277435779571533,-0.07483124732971191,-0.012397636105021093,-0.009187042713165283,-0.0818871259689331,-0.01875809710909948,-0.03918331861495972,-0.08828616142272949,-0.02423876282264814,-0.039990246295928955,-0.07155704498291016,-0.024777510580321405,-0.03316915035247803,-0.06492376327514648,-0.02499506939639673
2,0.0,0.0,0.0,0.013264238834381104,-0.036658287048339844,0.003906493482745077,0.012460649013519287,-0.07813292741775513,0.0016120030196447033,-0.0015231966972351074,-0.11082559823989868,-0.001862989563861106,-0.012348711490631104,-0.13212794065475464,-0.004304274509095762,0.03016817569732666,-0.09923338890075684,-0.0018101197782840472,-0.008521676063537598,-0.1259016990661621,-0.008237000612908218,-0.016384482383728027,-0.1071578860282898,-0.011010538844757889,-0.011147737503051758,-0.09650951623916626,-0.012949143594497059,0.021011650562286377,-0.09669816493988037,-0.007353108900034044,-0.022590458393096924,-0.1187533438205719,-0.01283689407854638,-0.02590477466583252,-0.0980762243270874,-0.011607900319987152,-0.018045544624328613,-0.08690792322158813,-0.011624574719363068,0.007270872592926025,-0.09056705236434937,-0.012892512662702416,-0.03287947177886963,-0.10881704092025757,-0.017351849994057034,-0.0340346097946167,-0.08626580238342285,-0.01335016830115876,-0.025357365608215332,-0.07479578256607056,-0.01184291398375592,-0.008315443992614746,-0.08183050155639648,-0.018357210850709293,-0.03902089595794678,-0.09000015258789062,-0.024320679774874066,-0.04040437936782837,-0.0725136399269104,-0.02481703559159598,-0.03370630741119385,-0.06486093997955322,-0.02486438961922488
2,0.0,0.0,0.0,0.013373911380767822,-0.036732494831085205,0.004773949111864795,0.012967705726623535,-0.07879382371902466,0.002785258765385379,-0.000690162181854248,-0.11178430914878845,-0.000558923858164917,-0.011314034461975098,-0.13381972908973694,-0.0029363920194498405,0.03103792667388916,-0.10127037763595581,-0.0009983804057753787,-0.0081406831741333,-0.127088725566864,-0.007140895978494655,-0.016240239143371582,-0.10874927043914795,-0.009943410449608336,-0.011311173439025879,-0.09788423776626587,-0.01194733071415044,0.021942436695098877,-0.09924232959747314,-0.0069639474832854376,-0.022175312042236328,-0.1203097403049469,-0.012073849954589377,-0.025269806385040283,-0.0996096134185791,-0.010910188474639426,-0.01734745502471924,-0.08844888210296631,-0.0110810042106948,0.008320450782775879,-0.09313982725143433,-0.012803667851670752,-0.03210127353668213,-0.11082559823989868,-0.016698735461517344,-0.0330929160118103,-0.08849120140075684,-0.012671864286943446,-0.02453821897506714,-0.0772971510887146,-0.011343607374413978,-0.006932318210601807,-0.08411121368408203,-0.018527223424001704,-0.038124263286590576,-0.09237450361251831,-0.02416947360424615,-0.039313554763793945,-0.07522577047348022,-0.02459342467872716,-0.03258943557739258,-0.06773126125335693,-0.02464736129431344
2,0.0,0.0,0.0,0.013263225555419922,-0.037566304206848145,0.004342635332818645,0.012705743312835693,-0.0787782073020935,0.0018816820189613281,-0.000922083854675293,-0.11142808198928833,-0.0019643300369125427,-0.01185840368270874,-0.1330116093158722,-0.004803161431823355,0.03090822696685791,-0.10098481178283691,-0.0015831827807915033,-0.008915305137634277,-0.1263469159603119,-0.008150338490281683,-0.016798198223114014,-0.10694575309753418,-0.0111814693703991,-0.011632978916168213,-0.09604352712631226,-0.013330589343581778,0.02233225107192993,-0.09858322143554688,-0.007517762311522347,-0.022413909435272217,-0.11942294239997864,-0.013257512186442,-0.025297939777374268,-0.09793567657470703,-0.012276441153858286,-0.017358064651489258,-0.08656048774719238,-0.012449820820961577,0.008934974670410156,-0.0921335220336914,-0.013383158777628523,-0.032074689865112305,-0.10909301042556763,-0.0176893410429102,-0.03286540508270264,-0.08631986379623413,-0.013739996884737593,-0.02418738603591919,-0.07497799396514893,-0.01238270040300904,-0.006326258182525635,-0.08321088552474976,-0.01919588941780148,-0.037876248359680176,-0.09046179056167603,-0.02500813204494534,-0.039289116859436035,-0.07341772317886353,-0.025606201325331313,-0.032910168170928955,-0.06607311964035034,-0.02578415285495339
2,0.0,0.0,0.0,0.01304328441619873,-0.03844094276428223,0.00462119919502868,0.012124955654144287,-0.07932013273239136,0.0017689477910636242,-0.0016022920608520508,-0.11202514171600342,-0.0023042488817708318,-0.012985408306121826,-0.13344255089759827,-0.005528145606874091,0.030111253261566162,-0.10046738386154175,-0.0031009888250963513,-0.009771883487701416,-0.12503179907798767,-0.009245530373661381,-0.017470896244049072,-0.10689449310302734,-0.011808337315230233,-0.012394905090332031,-0.09624004364013672,-0.013739071457891328,0.021590232849121094,-0.09816473722457886,-0.009188914343027932,-0.02323782444000244,-0.11910206079483032,-0.014344732879905564,-0.025997161865234375,-0.09821373224258423,-0.013041514574794633,-0.01806461811065674,-0.08668011426925659,-0.013245994827954632,0.008309245109558105,-0.09193938970565796,-0.014961004860012395,-0.03294777870178223,-0.1089404821395874,-0.018462132334022385,-0.03337693214416504,-0.08673876523971558,-0.01428217128595577,-0.024530231952667236,-0.07536125183105469,-0.013160373687057358,-0.0067247748374938965,-0.08312052488327026,-0.020635887651948792,-0.03866744041442871,-0.09052801132202148,-0.026065038188605172,-0.039740920066833496,-0.07369506359100342,-0.02647746694019304,-0.03320080041885376,-0.06639176607131958,-0.026748483672051293
2,0.0,0.0,0.0,0.012320458889007568,-0.03744012117385864,0.0032634658362837854,0.011278629302978516,-0.07902181148529053,0.0008416616563806656,-0.0022608041763305664,-0.11124628782272339,-0.0028287852093455967,-0.013177216053009033,-0.13275259733200073,-0.005426902082177776,0.02991563081741333,-0.1006060242652893,-0.0007280510527891693,-0.009481251239776611,-0.12495067715644836,-0.008650183435889858,-0.016672790050506592,-0.10644352436065674,-0.012905523870500701,-0.010943889617919922,-0.09530031681060791,-0.015506210495146888,0.02170562744140625,-0.09862864017486572,-0.006172400657447952,-0.021651864051818848,-0.11955127120018005,-0.012815857995661872,-0.024674654006958008,-0.09914416074752808,-0.01269076647272982,-0.016965031623840332,-0.08804160356521606,-0.013099578898760456,0.00906902551651001,-0.09253835678100586,-0.011859129872533458,-0.03118234872817993,-0.11034935712814331,-0.017418153342219966,-0.032502949237823486,-0.08814781904220581,-0.013923927899810451,-0.024041414260864258,-0.07676142454147339,-0.012284795511874336,-0.00541156530380249,-0.0838434100151062,-0.01756794540247597,-0.03676706552505493,-0.09296214580535889,-0.023892657589527744,-0.03831982612609863,-0.07599610090255737,-0.024224597718927043,-0.031662166118621826,-0.06792354583740234,-0.02388099556824841
2,0.0,0.0,0.0,0.013009250164031982,-0.03664588928222656,0.003171960004436869,0.012486517429351807,-0.07821458578109741,0.0007028794459245091,-0.0005394220352172852,-0.11072027683258057,-0.002949041667562824,-0.011412739753723145,-0.13258951902389526,-0.005520617942494255,0.03120875358581543,-0.0997844934463501,-0.0009674555078902358,-0.007767796516418457,-0.124479740858078,-0.008820928986352783,-0.01496654748916626,-0.1061517596244812,-0.013109841737133365,-0.009475648403167725,-0.09494125843048096,-0.015813805516046386,0.022982895374298096,-0.09828084707260132,-0.006364007367920976,-0.019939899444580078,-0.11999037861824036,-0.013259269650262695,-0.02302485704421997,-0.09925872087478638,-0.013309581558388572,-0.01536637544631958,-0.08733326196670532,-0.013784087616187435,0.010184288024902344,-0.09266233444213867,-0.011977536956948143,-0.02971714735031128,-0.1112821102142334,-0.017767541463655334,-0.03100794553756714,-0.08859175443649292,-0.014465237389487129,-0.022510886192321777,-0.07657992839813232,-0.012923661041241985,-0.004453480243682861,-0.0844457745552063,-0.0176065567686976,-0.03559082746505737,-0.09288674592971802,-0.0244968741938294,-0.037090003490448,-0.0754660964012146,-0.02533445915130983,-0.030268073081970215,-0.06735152006149292,-0.025298185999673706
2,0.0,0.0,0.0,0.010734200477600098,-0.03739166259765625,0.0038075333905851494,0.009241223335266113,-0.07884234189987183,0.0016375421292593728,-0.0033913850784301758,-0.1111297607421875,-0.002049683502178823,-0.013013362884521484,-0.13216683268547058,-0.0044699971585089315,0.031116366386413574,-0.09965395927429199,0.001631773167986239,-0.007218897342681885,-0.1250096559524536,-0.006686532313239013,-0.014264822006225586,-0.10656511783599854,-0.01168240597681347,-0.008346736431121826,-0.0953437089920044,-0.014759201465409433,0.024018049240112305,-0.09833377599716187,-0.004195980170976554,-0.01893746852874756,-0.12109774351119995,-0.011445699168604051,-0.021747231483459473,-0.10038012266159058,-0.011780709868531858,-0.0134848952293396,-0.08945602178573608,-0.012201603411000406,0.01236337423324585,-0.09316378831863403,-0.010428718200188314,-0.0278090238571167,-0.1128237247467041,-0.016546540802579557,-0.029359757900238037,-0.09018182754516602,-0.012951420529049074,-0.020771801471710205,-0.07879531383514404,-0.010897722004216348,-0.0016234517097473145,-0.08547818660736084,-0.016719945615392362,-0.0327722430229187,-0.09560072422027588,-0.023332497945290243,-0.03385192155838013,-0.07778197526931763,-0.023510686030846273,-0.026092588901519775,-0.06911879777908325,-0.02286628904030863
2,0.0,0.0,0.0,0.007749974727630615,-0.037346482276916504,0.003225425300200868,0.0073819756507873535,-0.07578831911087036,0.0009388647577850406,-0.0027199387550354004,-0.1072244644165039,-0.0029940132098147387,-0.010625600814819336,-0.12944459915161133,-0.005693941335181307,0.03416961431503296,-0.09701681137084961,0.0033883767156055455,-0.002995729446411133,-0.1256072223186493,-0.006709576076815438,-0.012594342231750488,-0.10846155881881714,-0.013379410332987618,-0.009263336658477783,-0.09347349405288696,-0.01682620817328484,0.02874094247817993,-0.09639108180999756,-0.0019328324869150038,-0.012846827507019043,-0.12314856052398682,-0.01049458557272942,-0.018790364265441895,-0.1023331880569458,-0.01220781957263739,-0.012984991073608398,-0.08856010437011719,-0.012882484546850037,0.01862126588821411,-0.0924176573753357,-0.007999816401849102,-0.020998656749725342,-0.1135748028755188,-0.015283708884368252,-0.02525639533996582,-0.09159582853317261,-0.01266316180581839,-0.018575549125671387,-0.07835656404495239,-0.01055394993628056,0.0054798126220703125,-0.08586561679840088,-0.014162647961626362,-0.025846362113952637,-0.09816575050354004,-0.020811089738259625,-0.029510796070098877,-0.0803748369216919,-0.020813831551919293,-0.023681163787841797,-0.06943267583847046,-0.019726404412637066
2,0.0,0.0,0.0,-0.007931530475616455,-0.04383033514022827,0.004755719726574625,-0.0063825249671936035,-0.08005887269973755,0.003288993540820684,-0.009243786334991455,-0.10848957300186157,-0.0005381020147865456,-0.011272847652435303,-0.13307729363441467,-0.003009215766894613,0.034042298793792725,-0.09752392768859863,0.008218282064092364,-0.0018903613090515137,-0.12605732679367065,-0.0027476854867813927,-0.011652231216430664,-0.10659611225128174,-0.01082906203936318,-0.008500754833221436,-0.08886730670928955,-0.014830421494650636,0.03278613090515137,-0.09680706262588501,0.0014347172562452215,-0.009518682956695557,-0.12390205264091492,-0.008159222850906644,-0.016190290451049805,-0.10046422481536865,-0.011176564568984304,-0.010228991508483887,-0.08498883247375488,-0.01197549312036017,0.02591317892074585,-0.0933716893196106,-0.006326190034258161,-0.016338706016540527,-0.11498549580574036,-0.014312504629003797,-0.02089846134185791,-0.08981704711914062,-0.011366268458175455,-0.013598382472991943,-0.0754346251487732,-0.008385215724217687,0.01491689682006836,-0.08716249465942383,-0.014252994979131017,-0.02022731304168701,-0.10003626346588135,-0.02018576285462359,-0.02427273988723755,-0.07968401908874512,-0.018623001711773668,-0.017528116703033447,-0.06739264726638794,-0.016029063450503145
2,0.0,0.0,0.0,-0.015530705451965332,-0.04526132345199585,0.004951542082977767,-0.012009024620056152,-0.07681936025619507,0.0034398525746439645,-0.010832011699676514,-0.10283064842224121,-0.0013834557470033815,-0.009449124336242676,-0.12958034873008728,-0.004838429551767831,0.03298449516296387,-0.09368324279785156,0.013612759604853863,0.0009138584136962891,-0.12044858932495117,0.0010231075135891388,-0.0093841552734375,-0.09655708074569702,-0.008915965140062099,-0.00787496566772461,-0.07522481679916382,-0.013443067364590888,0.03671663999557495,-0.09258991479873657,0.006213027357858891,-0.004196524620056152,-0.12030065059661865,-0.006733640723126655,-0.012464404106140137,-0.09176260232925415,-0.012027780220108752,-0.007027924060821533,-0.07225644588470459,-0.012565009921985393,0.03571188449859619,-0.08959966897964478,-0.0026858851054782917,-0.006047368049621582,-0.11392292380332947,-0.013490184836285835,-0.012194275856018066,-0.08498233556747437,-0.011378670737343555,-0.004657924175262451,-0.06629520654678345,-0.007071873799162631,0.029757976531982422,-0.08541446924209595,-0.011866800181763892,-0.005642414093017578,-0.10064935684204102,-0.018034196153479343,-0.011329412460327148,-0.07888036966323853,-0.01596211145837856,-0.005774199962615967,-0.06273579597473145,-0.012077207371788745
2,0.0,0.0,0.0,-0.016685664653778076,-0.04252803325653076,0.0023094057365824483,-0.015860021114349365,-0.0756298303604126,0.000881567623423507,-0.014746665954589844,-0.10007178783416748,-0.0036491292734126546,-0.011601388454437256,-0.12643301486968994,-0.006295873291833232,0.027114689350128174,-0.09208089113235474,0.014864210531072786,-0.0009382367134094238,-0.11611562967300415,0.0009690709672440789,-0.009717106819152832,-0.09129196405410767,-0.009652904674453566,-0.006440699100494385,-0.07106530666351318,-0.014705274693710635,0.03348100185394287,-0.08973348140716553,0.007981088504152467,-0.002522766590118408,-0.11472576856613159,-0.007830703139347861,-0.010713517665863037,-0.0844113826751709,-0.014341194622261355,-0.004040837287902832,-0.06605261564254761,-0.01466275423024399,0.03689444065093994,-0.08559191226959229,-0.0010610838393176891,-0.001678466796875,-0.10805660486221313,-0.014197271756870578,-0.008182168006896973,-0.077961266040802,-0.011955126628322432,-5.08427619934082e-05,-0.06142932176589966,-0.006680931404275725,0.03608512878417969,-0.0796130895614624,-0.010662795484108756,0.0017534494400024414,-0.09682488441467285,-0.018380726195914576,-0.002619504928588867,-0.07469552755355835,-0.01591400101040108,0.005737781524658203,-0.06035059690475464,-0.011054709993345568
2,0.0,0.0,0.0,-0.015368998050689697,-0.036288678646087646,0.0027278002301613924,-0.015834331512451172,-0.06865710020065308,0.0022480624677996275,-0.014044106006622314,-0.09338891506195068,-0.0017260558021803263,-0.009792804718017578,-0.11960184574127197,-0.004008343960492766,0.017636477947235107,-0.08823829889297485,0.01593483327388867,0.00012242794036865234,-0.11025059223175049,0.0017825073512653944,-0.00745314359664917,-0.08638375997543335,-0.007649568892418301,-0.004213869571685791,-0.06615185737609863,-0.011465540207325375,0.02524113655090332,-0.08535575866699219,0.009198471852243983,0.001713871955871582,-0.10936465859413147,-0.007077715876846469,-0.007147490978240967,-0.07813286781311035,-0.012223081714807904,0.00012433528900146484,-0.060556650161743164,-0.010805768012403405,0.03316622972488403,-0.08115273714065552,4.325016647044322e-07,0.0062049031257629395,-0.10318630933761597,-0.014721080712376988,-0.0016339421272277832,-0.07261967658996582,-0.012205484374760545,0.006587982177734375,-0.05652040243148804,-0.005670755221842683,0.039831459522247314,-0.07388877868652344,-0.009487365424035943,0.012692630290985107,-0.09242850542068481,-0.017752832784651673,0.0070914626121521,-0.0713011622428894,-0.015004534325896657,0.015056371688842773,-0.057078540325164795,-0.009518059022127545
2,0.0,0.0,0.0,-0.01719123125076294,-0.03319251537322998,0.001649346455195655,-0.020293593406677246,-0.06541204452514648,0.0008744972489864722,-0.019086062908172607,-0.08985906839370728,-0.003129377475744377,-0.014332830905914307,-0.11534121632575989,-0.005473783219969164,0.012044012546539307,-0.08663338422775269,0.014537586384648193,-0.00234067440032959,-0.10691231489181519,0.0005965671932415262,-0.010066390037536621,-0.08364748954772949,-0.008560028373068462,-0.007056236267089844,-0.06447792053222656,-0.012236720396941791,0.020245254039764404,-0.08382070064544678,0.008527900577718128,0.0014871954917907715,-0.10597074031829834,-0.006876929177707325,-0.00705718994140625,-0.07590609788894653,-0.011599223575359474,0.0008797049522399902,-0.059457480907440186,-0.010243663078910004,0.02963048219680786,-0.07954978942871094,-2.7223151732869155e-07,0.007843554019927979,-0.10073447227478027,-0.014237394070988785,-0.00033146142959594727,-0.07172691822052002,-0.011597381419306885,0.008609592914581299,-0.056922078132629395,-0.005234018414085995,0.03916037082672119,-0.07182824611663818,-0.008833012058204304,0.01724618673324585,-0.09170860052108765,-0.016779495849078785,0.009693443775177002,-0.07195627689361572,-0.01359514564163078,0.016644060611724854,-0.05789303779602051,-0.007993585875993858
2,0.0,0.0,0.0,-0.01906764507293701,-0.03011786937713623,0.0012927928315775716,-0.02593517303466797,-0.06283771991729736,0.0008673554826827967,-0.024556517601013184,-0.08959490060806274,-0.002828119105629412,-0.01924043893814087,-0.11507752537727356,-0.005009238623983947,0.003590703010559082,-0.08262372016906738,0.013931215259276541,-0.007596373558044434,-0.10396876931190491,-3.514666002502054e-05,-0.013752281665802002,-0.07934689521789551,-0.008567015190578786,-0.009614884853363037,-0.06150740385055542,-0.011819520515359727,0.013356804847717285,-0.07926583290100098,0.008197739238880786,-3.5881996154785156e-05,-0.10184264183044434,-0.006823356744803277,-0.006991207599639893,-0.0708916187286377,-0.010799046155966607,0.0009586811065673828,-0.056781649589538574,-0.009138863083876458,0.025075256824493408,-0.07509112358093262,-0.00016261705729903042,0.009542107582092285,-0.09844866394996643,-0.01465879987642893,0.0019835829734802246,-0.06769299507141113,-0.011348903660632459,0.010218977928161621,-0.05412846803665161,-0.004540699084259359,0.038218557834625244,-0.06733500957489014,-0.008744603504396764,0.021066248416900635,-0.08957028388977051,-0.01703677002058157,0.013620853424072266,-0.06840068101882935,-0.013347678367949811,0.019888103008270264,-0.054254353046417236,-0.007471139558560935
2,0.0,0.0,0.0,-0.02176821231842041,-0.02604985237121582,0.0008799545460647096,-0.030420660972595215,-0.059333086013793945,0.0012308064027024557,-0.02975153923034668,-0.08744192123413086,-0.0016199086682604502,-0.025378525257110596,-0.11191141605377197,-0.003346366983066673,-0.0019072890281677246,-0.07861018180847168,0.015191517827872758,-0.01008540391921997,-0.10032230615615845,0.0027771944290293504,-0.015645146369934082,-0.07713079452514648,-0.005194395722980971,-0.012751519680023193,-0.05865585803985596,-0.008096578473384852,0.008504271507263184,-0.07551717758178711,0.010191468579535012,-0.0005040764808654785,-0.09990194439888,-0.0035515680798994254,-0.007459759712219238,-0.06973612308502197,-0.008097958693440432,-0.002355515956878662,-0.05289393663406372,-0.006690863462324614,0.02111220359802246,-0.07151061296463013,0.0027051792124552776,0.010370314121246338,-0.09762170910835266,-0.010800850520070071,0.0029640793800354004,-0.06654906272888184,-0.008025862218971724,0.008068978786468506,-0.04983353614807129,-0.0015043739119278143,0.035789430141448975,-0.06370341777801514,-0.004959830025370593,0.022150754928588867,-0.08672672510147095,-0.012908134551878447,0.015281975269317627,-0.06568694114685059,-0.00938947493040132,0.020095646381378174,-0.05090212821960449,-0.0036324352847145747
2,0.0,0.0,0.0,-0.024741053581237793,-0.026066958904266357,-0.0007329198411412108,-0.03572368621826172,-0.05774962902069092,-0.0009478722927838135,-0.036200642585754395,-0.0871119499206543,-0.004155968490124451,-0.031502366065979004,-0.11206129193305969,-0.006229556339860665,-0.009169816970825195,-0.0774797797203064,0.014768549532561792,-0.01597738265991211,-0.09917929768562317,0.0029243643515997064,-0.020092427730560303,-0.07537364959716797,-0.004773945256204115,-0.016560852527618408,-0.05754208564758301,-0.007653091742724882,0.0025095343589782715,-0.07451480627059937,0.010431300208836092,-0.005059957504272461,-0.09859466552734375,-0.002548265677944528,-0.010260462760925293,-0.06804001331329346,-0.0069522468252785075,-0.004925370216369629,-0.051458537578582764,-0.005684919829548107,0.01649188995361328,-0.07018488645553589,0.0034944662479006183,0.008247196674346924,-0.09770932793617249,-0.009903571276993262,0.0015641450881958008,-0.06615769863128662,-0.006927124398828255,0.0057708024978637695,-0.04802340269088745,-0.0002214836563894096,0.032628536224365234,-0.06161808967590332,-0.003754288365200864,0.021892309188842773,-0.08695751428604126,-0.011773972480625616,0.014153003692626953,-0.06590020656585693,-0.00786076177570294,0.016815662384033203,-0.04930645227432251,-0.0018029161142862904
2,0.0,0.0,0.0,-0.026874303817749023,-0.026085317134857178,-7.674575010696572e-05,-0.03984546661376953,-0.05661165714263916,0.0008017401227107257,-0.04120349884033203,-0.088337242603302,-0.0011631878775233417,-0.034844398498535156,-0.11228939890861511,-0.00191036248418186,-0.016227424144744873,-0.07598960399627686,0.016610952934001944,-0.021967709064483643,-0.09890750050544739,0.006149281656121275,-0.024586498737335205,-0.07445782423019409,-0.001048137408929506,-0.02106541395187378,-0.056836068630218506,-0.0038238590101400405,-0.0033587217330932617,-0.07375264167785645,0.012673612592493555,-0.009322762489318848,-0.09957483410835266,0.0011818547749271602,-0.012667417526245117,-0.06750452518463135,-0.0031522657706091195,-0.007930457592010498,-0.05063265562057495,-0.0021441631002971917,0.011396467685699463,-0.0698094367980957,0.006371998602276108,0.0052574872970581055,-0.09788921475410461,-0.005628087183708885,-0.00046318769454956055,-0.06517738103866577,-0.00197960561911259,0.0026234984397888184,-0.04651939868927002,0.004906141573314926,0.028429031372070312,-0.06135278940200806,-0.00016626848503165093,0.020105719566345215,-0.08675134181976318,-0.00667098872202132,0.012769937515258789,-0.06492048501968384,-0.0015923689103374272,0.014406979084014893,-0.04863631725311279,0.004981496745472214
2,0.0,0.0,0.0,-0.028135478496551514,-0.024360954761505127,-0.0007590015225673596,-0.04134643077850342,-0.05648338794708252,0.00037344394553429083,-0.04390847682952881,-0.08902096748352051,-0.0011247684520299117,-0.03904467821121216,-0.11278384923934937,-0.001089953053053705,-0.02089458703994751,-0.07784909009933472,0.016173184216711434,-0.0258367657661438,-0.10130620002746582,0.005664235745314272,-0.026925504207611084,-0.07507216930389404,-0.0007674815638551991,-0.023768723011016846,-0.05870866775512695,-0.0027603010453844945,-0.0069563984870910645,-0.07601803541183472,0.012814821042809399,-0.011772215366363525,-0.10048124194145203,0.002327625472787531,-0.0139731764793396,-0.06648153066635132,-0.0003889930008540432,-0.010188817977905273,-0.052034854888916016,0.00168033183621219,0.00800180435180664,-0.07174277305603027,0.00686689915204397,0.0031003952026367188,-0.09814581274986267,-0.0047499539137447755,-0.0016461610794067383,-0.06372320652008057,0.00034459442434808807,0.0010980963706970215,-0.045901596546173096,0.008312993981633099,0.024927794933319092,-0.06301361322402954,0.0005843395560418685,0.01793915033340454,-0.08761662244796753,-0.004952699112948267,0.011523663997650146,-0.06515341997146606,0.0011258058443104346,0.012982785701751709,-0.050098419189453125,0.008317438252959164
2,0.0,0.0,0.0,-0.029009461402893066,-0.022823810577392578,-0.0010698476726815898,-0.04408133029937744,-0.055267930030822754,-0.00022550128420562032,-0.04779207706451416,-0.08888369798660278,-0.0020032029752314884,-0.04172098636627197,-0.11156526207923889,-0.0022703970935822326,-0.025232315063476562,-0.07649928331375122,0.015260453739699642,-0.029275357723236084,-0.10176664590835571,0.0043905781894295615,-0.029359757900238037,-0.07560127973556519,-0.0020480515123040277,-0.026570260524749756,-0.05934375524520874,-0.004037741167906006,-0.011112868785858154,-0.07567638158798218,0.011775596471068184,-0.015170514583587646,-0.10182508826255798,0.0007313778586990338,-0.016121208667755127,-0.06840705871582031,-0.0020158552252382833,-0.012844204902648926,-0.053787827491760254,0.00014479714076287564,0.004217565059661865,-0.0724327564239502,0.00570634886020116,-0.0003885626792907715,-0.10029897093772888,-0.006166306386205633,-0.003376901149749756,-0.06619757413864136,-0.0010303179188326794,-0.0011773109436035156,-0.048275768756866455,0.006943297044870178,0.021007061004638672,-0.06496328115463257,-0.0007321669873476822,0.013864636421203613,-0.08862227201461792,-0.006649331717255791,0.009309172630310059,-0.0656847357749939,-0.0007589378547550041,0.011141180992126465,-0.050907254219055176,0.006295038790938179
2,0.0,0.0,0.0,-0.02846992015838623,-0.021732628345489502,-0.002148795294658612,-0.045015573501586914,-0.05496186017990112,-0.0013090219619584786,-0.04937785863876343,-0.08961904048919678,-0.0029356739289028155,-0.041828691959381104,-0.11226403713226318,-0.0029461398991657006,-0.027461767196655273,-0.07582986354827881,0.014526886978103448,-0.03124135732650757,-0.10102051496505737,0.003512103223158647,-0.03067636489868164,-0.07366806268692017,-0.0025541108372522103,-0.027621924877166748,-0.05939161777496338,-0.004390417485581111,-0.012896716594696045,-0.07496201992034912,0.011282729097558786,-0.0169222354888916,-0.10107094049453735,-0.0008212314607476401,-0.01741611957550049,-0.0664401650428772,-0.003530460297213267,-0.013663649559020996,-0.052774131298065186,-0.0010565047888917434,0.002526402473449707,-0.07206016778945923,0.005306162052704622,-0.001904606819152832,-0.09933897852897644,-0.007935275211082171,-0.004413962364196777,-0.06421488523483276,-0.002857897085220884,-0.001746833324432373,-0.04648309946060181,0.005524729025466968,0.019302546977996826,-0.06569302082061768,-0.0010740574254555213,0.012319803237915039,-0.08880841732025146,-0.007713802977548312,0.008323073387145996,-0.06503325700759888,-0.0019449476423574197,0.01057058572769165,-0.049964189529418945,0.005187045429750015
2,0.0,0.0,0.0,-0.030681133270263672,-0.018543660640716553,-0.003297259798898722,-0.04847520589828491,-0.049553513526916504,-0.0023819762288326274,-0.054512083530426025,-0.08471137285232544,-0.0036212455021882306,-0.04797017574310303,-0.10817849636077881,-0.0030289806897485505,-0.03457295894622803,-0.07050353288650513,0.016332701313615416,-0.03752565383911133,-0.09641775488853455,0.005270591005057668,-0.034573912620544434,-0.07196295261383057,-0.0013607315492549787,-0.03210735321044922,-0.05791604518890381,-0.003430569545059825,-0.0191650390625,-0.07020354270935059,0.014044110196948623,-0.022176086902618408,-0.09591442346572876,0.0019926093512481202,-0.020273864269256592,-0.0631454586982727,-0.0016525757970953237,-0.01864677667617798,-0.049687325954437256,0.0001499488710692276,-0.003334641456604004,-0.06847900152206421,0.008799517992258643,-0.0063117146492004395,-0.09432339668273926,-0.00458973506528082,-0.006497502326965332,-0.060595154762268066,-0.0002992809465354185,-0.005303144454956055,-0.04350632429122925,0.007635472341746663,0.013559222221374512,-0.0636216402053833,0.003054874017209386,0.008820950984954834,-0.08339732885360718,-0.00359479268144014,0.006650269031524658,-0.05977600812911987,0.0017400226782342543,0.007706761360168457,-0.04574543237686157,0.008592118042827224
2,0.0,0.0,0.0,-0.029749751091003418,-0.014960825443267822,-0.002472275934621848,-0.046166837215423584,-0.04728573560714722,-0.00047888869556800273,-0.05177229642868042,-0.08275294303894043,-0.0004891905784347728,-0.0481642484664917,-0.10551944375038147,0.0013218084848745093,-0.03646212816238403,-0.06929606199264526,0.015494831305488788,-0.040013015270233154,-0.09489062428474426,0.004750293147310458,-0.03592574596405029,-0.07134699821472168,-0.0013467278997154608,-0.03270137310028076,-0.05722719430923462,-0.003019154604032792,-0.02029353380203247,-0.07052737474441528,0.013053683031841956,-0.024386286735534668,-0.09546056389808655,0.0013686696100307927,-0.021996259689331055,-0.062039077281951904,-0.0014688312741668597,-0.019612252712249756,-0.04874551296234131,0.0008924225610940084,-0.004645407199859619,-0.06894892454147339,0.007765521694466315,-0.007876217365264893,-0.09268826246261597,-0.005252985815957345,-0.008247017860412598,-0.059002459049224854,-0.0009018763750532344,-0.006176590919494629,-0.04281604290008545,0.006895569552227698,0.012125611305236816,-0.0643535852432251,0.0020599171319304332,0.008138418197631836,-0.08233201503753662,-0.004246997247889794,0.0056372880935668945,-0.059154629707336426,0.0009059427455326841,0.006729245185852051,-0.046202898025512695,0.007448879004016362
2,0.0,0.0,0.0,-0.029009342193603516,-0.010555684566497803,-0.0050845619402650755,-0.04617089033126831,-0.04385751485824585,-0.004034627985191719,-0.05153679847717285,-0.07982951402664185,-0.004394002549332754,-0.04894667863845825,-0.1030040979385376,-0.003016538975742833,-0.03872770071029663,-0.06579071283340454,0.012870876293646916,-0.0420989990234375,-0.08986043930053711,0.001157304214331134,-0.03745245933532715,-0.06777197122573853,-0.004895679943246023,-0.033918559551239014,-0.05549919605255127,-0.006369198963028566,-0.022502481937408447,-0.06766033172607422,0.011322313163447006,-0.02618694305419922,-0.09259805083274841,-0.001977827224862949,-0.023346900939941406,-0.05874919891357422,-0.004613276395929233,-0.021156609058380127,-0.04625391960144043,-0.0015751340538088243,-0.006775796413421631,-0.06663548946380615,0.00664494017885886,-0.008837401866912842,-0.09007224440574646,-0.008559502486122028,-0.008822321891784668,-0.05560719966888428,-0.004639049816859142,-0.007324278354644775,-0.04023820161819458,0.0034410100784327824,0.009445011615753174,-0.06302332878112793,0.001441380533407255,0.006606936454772949,-0.07873529195785522,-0.0071684171557251375,0.005147814750671387,-0.05425351858139038,-0.003056645451096074,0.006202995777130127,-0.04177457094192505,0.003156494757178052
2,0.0,0.0,0.0,-0.026518523693084717,-0.008634507656097412,-0.005132323065708988,-0.04602128267288208,-0.0404052734375,-0.003902763063024395,-0.053265511989593506,-0.0760120153427124,-0.0038206108658869198,-0.04787755012512207,-0.09874430298805237,-0.00171630240970444,-0.04140752553939819,-0.06200689077377319,0.012680307561595328,-0.044628024101257324,-0.08634975552558899,0.00026983913971889706,-0.03821861743927002,-0.06547677516937256,-0.006528752325039022,-0.0349770188331604,-0.05326128005981445,-0.008386972760717981,-0.024846792221069336,-0.0638306736946106,0.011333245383639223,-0.027442097663879395,-0.08840730786323547,-0.00305293563747,-0.022189319133758545,-0.05518847703933716,-0.00631890020326864,-0.021493077278137207,-0.04124635457992554,-0.0034581419824917248,-0.009108006954193115,-0.06309115886688232,0.006870954362739212,-0.010356664657592773,-0.08537611365318298,-0.008847194192867391,-0.007824957370758057,-0.0514979362487793,-0.005168748488586061,-0.007421314716339111,-0.03572797775268555,0.002920720791507847,0.006821274757385254,-0.06044679880142212,0.0019091093633960554,0.005584895610809326,-0.07526999711990356,-0.00682535993860256,0.0065018534660339355,-0.05124092102050781,-0.002876480277564042,0.006874978542327881,-0.03905242681503296,0.003288659798045046
2,0.0,0.0,0.0,-0.02789759635925293,-0.009686946868896484,-0.006381160453912571,-0.04535573720932007,-0.04154515266418457,-0.0053660672763555795,-0.0516202449798584,-0.07540780305862427,-0.0050148049975007325,-0.04890173673629761,-0.09757158160209656,-0.0025251792883693724,-0.043245792388916016,-0.058696448802948,0.011066405228319809,-0.046406567096710205,-0.0838361382484436,-0.0008185268868885487,-0.03841978311538696,-0.0631566047668457,-0.00737962021028693,-0.03368687629699707,-0.04915416240692139,-0.00901887273883517,-0.02610492706298828,-0.061718881130218506,0.010620081922951385,-0.028393864631652832,-0.08714362978935242,-0.0032572982507019788,-0.02157413959503174,-0.05594891309738159,-0.006559704304692104,-0.01933687925338745,-0.04062247276306152,-0.003914027349111393,-0.01039344072341919,-0.06163311004638672,0.007080718534979269,-0.01189124584197998,-0.08467116951942444,-0.007828486957606628,-0.008411884307861328,-0.053621888160705566,-0.00436840845739539,-0.007045149803161621,-0.037708401679992676,0.0032710268953621835,0.005456149578094482,-0.059497714042663574,0.0029043835913569183,0.0039934515953063965,-0.07471895217895508,-0.005436519500818804,0.00512462854385376,-0.05237424373626709,-0.0017210043641000539,0.005376935005187988,-0.03984880447387695,0.004090026612374231
2,0.0,0.0,0.0,-0.027107179164886475,-0.004959166049957275,-0.009912349943832055,-0.045441269874572754,-0.03767818212509155,-0.010280471023932591,-0.0520591139793396,-0.07211685180664062,-0.010512836937621728,-0.05135315656661987,-0.09386751055717468,-0.008390639637426034,-0.04545187950134277,-0.052121639251708984,0.0063772525556231585,-0.04770231246948242,-0.07870516180992126,-0.007332556609824792,-0.03885108232498169,-0.058229923248291016,-0.01414140845538725,-0.03451758623123169,-0.044873714447021484,-0.01549661784322609,-0.02907484769821167,-0.0551983118057251,0.007304011183961734,-0.02960038185119629,-0.08377060294151306,-0.009375299987212316,-0.022239983081817627,-0.05231064558029175,-0.013194131393746034,-0.021210789680480957,-0.03678792715072632,-0.010109745626166955,-0.014182806015014648,-0.056701064109802246,0.004922231930478915,-0.013152837753295898,-0.07971665263175964,-0.012691141766325131,-0.009153544902801514,-0.04807561635971069,-0.010295813632026807,-0.009519994258880615,-0.032914161682128906,-0.00254521305562605,-9.22083854675293e-05,-0.056976914405822754,0.0017318408155659881,0.0018554329872131348,-0.07147091627120972,-0.00848923968972315,0.0038289427757263184,-0.04953932762145996,-0.005964419533327714,0.0027781128883361816,-0.03672373294830322,-0.0005251795135592374
2,0.0,0.0,0.0,-0.02882373332977295,-0.007942676544189453,-0.011779162553708034,-0.04861980676651001,-0.037183940410614014,-0.012163795983056502,-0.057371675968170166,-0.06930088996887207,-0.012131428798298316,-0.0565105676651001,-0.09304189682006836,-0.009412795757512527,-0.053266823291778564,-0.04519742727279663,0.011201800326247735,-0.05548924207687378,-0.07619857788085938,-0.0016784759802845883,-0.04489731788635254,-0.06111067533493042,-0.009191821781556087,-0.0389980673789978,-0.04715698957443237,-0.01074525293485351,-0.03638118505477905,-0.051056087017059326,0.013879088232656045,-0.039123594760894775,-0.0826985239982605,-0.0026488052547080088,-0.027978837490081787,-0.05671471357345581,-0.00849453498200603,-0.023466169834136963,-0.038596272468566895,-0.0060699330508811045,-0.02105891704559326,-0.055085957050323486,0.012906103873987718,-0.02259242534637451,-0.07945287227630615,-0.004017421031008439,-0.014728188514709473,-0.052342355251312256,-0.0034800569858504105,-0.012583792209625244,-0.035406291484832764,0.003620391957824154,-0.007100462913513184,-0.05655944347381592,0.01096619806661181,-0.007331967353820801,-0.0738074779510498,0.0015001183044063282,-0.0025890469551086426,-0.054356157779693604,0.00358190062864594,-0.001768350601196289,-0.04018688201904297,0.009197487043579144
2,0.0,0.0,0.0,-0.02766185998916626,-0.008165240287780762,-0.012674456328056749,-0.04776054620742798,-0.03588682413101196,-0.013150724448166784,-0.05779296159744263,-0.0665695071220398,-0.01304503796239942,-0.06094843149185181,-0.08848622441291809,-0.010366703249417242,-0.05742675065994263,-0.039778828620910645,0.01020309714982659,-0.05991905927658081,-0.07158267498016357,-0.0029924931990876757,-0.047051072120666504,-0.06192612648010254,-0.011034615203641351,-0.03961211442947388,-0.051493823528289795,-0.012881205283008512,-0.04068678617477417,-0.04674321413040161,0.013147451117731634,-0.04259556531906128,-0.07983529567718506,-0.004120428446583446,-0.029263198375701904,-0.057293713092803955,-0.010899502649806436,-0.024233460426330566,-0.03931581974029541,-0.00899845627685636,-0.024989068508148193,-0.05243873596191406,0.012440975889660422,-0.02560478448867798,-0.07728502154350281,-0.005083955690167841,-0.016029536724090576,-0.05230313539505005,-0.005506150290273126,-0.014308929443359375,-0.035086214542388916,0.001030255592525009,-0.011055529117584229,-0.05482363700866699,0.010747674055494372,-0.010327160358428955,-0.07358574867248535,0.0009298047112338281,-0.004806101322174072,-0.05480241775512695,0.002659409906812016,-0.004513204097747803,-0.039301931858062744,0.008068032696940008
2,0.0,0.0,0.0,-0.028209388256072998,-0.006451129913330078,-0.013069717198689546,-0.0492282509803772,-0.034119486808776855,-0.01332441809036311,-0.0584719181060791,-0.06453347206115723,-0.012729212626894082,-0.062143027782440186,-0.0835091769695282,-0.009515334837217893,-0.059179842472076416,-0.040121495723724365,0.00848501456520978,-0.059861600399017334,-0.07378906011581421,-0.00467843234919485,-0.04741096496582031,-0.0586700439453125,-0.012134245582004155,-0.04091179370880127,-0.04474550485610962,-0.013524900175710286,-0.04218268394470215,-0.04747241735458374,0.01192616393409196,-0.04362142086029053,-0.08046290278434753,-0.004759447168638076,-0.030286729335784912,-0.05673480033874512,-0.010443588703950013,-0.02543550729751587,-0.03879004716873169,-0.008051704600532616,-0.026479721069335938,-0.05382883548736572,0.01171896980694953,-0.027315735816955566,-0.07819825410842896,-0.005413438644339408,-0.01701641082763672,-0.053183674812316895,-0.005469875861038531,-0.015107870101928711,-0.03631603717803955,0.0010778871513110744,-0.012855350971221924,-0.05637860298156738,0.010558552123526965,-0.01339578628540039,-0.0746920108795166,0.00104477327867869,-0.006805777549743652,-0.0556601881980896,0.0030127263310504304,-0.005833029747009277,-0.04097527265548706,0.008450509063820277
2,0.0,0.0,0.0,-0.028496503829956055,-0.008034110069274902,-0.014943309599530608,-0.04989045858383179,-0.03513258695602417,-0.0151594937834858,-0.06014198064804077,-0.06444311141967773,-0.014039156498384386,-0.06489485502243042,-0.08262196183204651,-0.010120928758752257,-0.0633009672164917,-0.03584444522857666,0.008861071890223116,-0.06347107887268066,-0.0704197883605957,-0.004739115020257145,-0.05053824186325073,-0.06076306104660034,-0.012592017190527827,-0.04408758878707886,-0.050188660621643066,-0.014126938307654768,-0.04645192623138428,-0.04321455955505371,0.01338913151435861,-0.04730856418609619,-0.07694759964942932,-0.004636208998036295,-0.03311246633529663,-0.05504131317138672,-0.011231540242206961,-0.028753995895385742,-0.03745764493942261,-0.008906063163649947,-0.03065180778503418,-0.05044072866439819,0.013991849025714487,-0.030777812004089355,-0.07497644424438477,-0.004787941003215224,-0.01955580711364746,-0.050347208976745605,-0.00586311380006066,-0.018476426601409912,-0.03366905450820923,0.000652906595732361,-0.017193734645843506,-0.05378645658493042,0.013552307611334413,-0.016637563705444336,-0.07218533754348755,0.0023550563436032235,-0.009102702140808105,-0.05344581604003906,0.0032580734640390574,-0.008364677429199219,-0.03812688589096069,0.008481753518807977
2,0.0,0.0,0.0,-0.02754068374633789,-0.008403956890106201,-0.01852891773109988,-0.04948747158050537,-0.0340610146522522,-0.01973036483054713,-0.0615193247795105,-0.06364655494689941,-0.018417077065759457,-0.06703740358352661,-0.08224287629127502,-0.014053272941463746,-0.06726944446563721,-0.028143703937530518,0.005546127519256316,-0.06890052556991577,-0.06679445505142212,-0.0075772827689881694,-0.05609637498855591,-0.06408828496932983,-0.014962277301901139,-0.04667919874191284,-0.05685800313949585,-0.01594039976721362,-0.051835596561431885,-0.03840214014053345,0.013236580489820682,-0.05270510911941528,-0.07296037673950195,-0.004541730900609053,-0.03697037696838379,-0.054724931716918945,-0.011313665584975041,-0.029196560382843018,-0.0378260612487793,-0.008901469336205281,-0.03701597452163696,-0.048434555530548096,0.017009608520812236,-0.03665649890899658,-0.07342982292175293,-0.0013270819758410823,-0.02399277687072754,-0.05122858285903931,-0.0034151984577412975,-0.020357131958007812,-0.03441363573074341,0.002590145756176554,-0.024818122386932373,-0.053665101528167725,0.01955183043951436,-0.023433208465576172,-0.0717591643333435,0.008310129939264499,-0.014773786067962646,-0.05448555946350098,0.00789316471541568,-0.012072622776031494,-0.04010319709777832,0.01246904216582223
2,0.0,0.0,0.0,-0.028683900833129883,-0.0113486647605896,-0.01338263349759572,-0.04950803518295288,-0.03559201955795288,-0.012606485096394948,-0.06011420488357544,-0.06318902969360352,-0.01045697583037608,-0.06468707323074341,-0.08263611793518066,-0.006239348372101716,-0.06467747688293457,-0.025727272033691406,0.011671550291001864,-0.0721789002418518,-0.062744140625,0.003870748168200322,-0.06410151720046997,-0.07339096069335938,-0.002677030676633052,-0.0554506778717041,-0.0769805908203125,-0.004735969287931852,-0.049770891666412354,-0.03870689868927002,0.01742895385098464,-0.05443960428237915,-0.07090449333190918,0.004487980341881581,-0.04163128137588501,-0.05687069892883301,-0.003244587966829471,-0.03229498863220215,-0.04106491804122925,-0.0030876752469986,-0.03566783666610718,-0.05025351047515869,0.020083441118121215,-0.03927803039550781,-0.0754709243774414,0.007348459864378043,-0.028330683708190918,-0.0563238263130188,0.004575146081268855,-0.023480117321014404,-0.039972007274627686,0.008290368782699176,-0.024133622646331787,-0.05662316083908081,0.0216603397376538,-0.02559971809387207,-0.07352399826049805,0.014769947806716033,-0.01867210865020752,-0.05813568830490112,0.014854117947042056,-0.015455484390258789,-0.04442662000656128,0.018466087708592482
2,0.0,0.0,0.0,-0.029102683067321777,-0.010721445083618164,-0.013196642594136776,-0.0497736930847168,-0.035230278968811035,-0.011934662321307243,-0.06083798408508301,-0.062489330768585205,-0.009402297520734848,-0.06575226783752441,-0.08063393831253052,-0.005042072934754671,-0.06521809101104736,-0.02565944194793701,0.012553980490467964,-0.07216507196426392,-0.06076765060424805,0.005177298942856012,-0.06432569026947021,-0.0729222297668457,-0.0012206557110925331,-0.05578964948654175,-0.0779576301574707,-0.0032924498335500374,-0.04993075132369995,-0.03789180517196655,0.018054728312693058,-0.05447673797607422,-0.07104378938674927,0.004987629046938835,-0.04038715362548828,-0.05752968788146973,-0.0028802539126058235,-0.030321717262268066,-0.04199951887130737,-0.0025975036804606333,-0.03547871112823486,-0.048881709575653076,0.020451641558013378,-0.03896588087081909,-0.07542556524276733,0.0066144102348904,-0.0263480544090271,-0.05559617280960083,0.0033402532900641546,-0.02089989185333252,-0.03844946622848511,0.007173702502898394,-0.022892653942108154,-0.05483663082122803,0.02190100486417812,-0.025096774101257324,-0.07424110174179077,0.013749953275821625,-0.017262816429138184,-0.058680057525634766,0.013574238783023773,-0.013588547706604004,-0.043063342571258545,0.017288726670942722
2,0.0,0.0,0.0,-0.02748507261276245,-0.011019289493560791,-0.014050118812605206,-0.04933077096939087,-0.03571957349777222,-0.014015131817444626,-0.061064302921295166,-0.06216788291931152,-0.012638743222936455,-0.06679970026016235,-0.08230829238891602,-0.009258675576433006,-0.06599104404449463,-0.026748180389404297,0.009134277513936695,-0.07337844371795654,-0.06072169542312622,-0.00047882583575642457,-0.06643390655517578,-0.07338333129882812,-0.007734696568235222,-0.059868693351745605,-0.07951685786247253,-0.010359186866566006,-0.051222145557403564,-0.03899383544921875,0.013877773469999966,-0.05508071184158325,-0.07164597511291504,-0.0021803900145584976,-0.03990679979324341,-0.056672751903533936,-0.010207526573225323,-0.03137260675430298,-0.04030108451843262,-0.009527115338727299,-0.03704351186752319,-0.05034768581390381,0.015496294758037266,-0.039353370666503906,-0.07585358619689941,-0.0008095611247824763,-0.025835692882537842,-0.055327534675598145,-0.002893086943089429,-0.021826088428497314,-0.0381351113319397,0.0021657359774565066,-0.024681568145751953,-0.05622738599777222,0.016062770782724556,-0.025201857089996338,-0.07499450445175171,0.00618386296437734,-0.016502022743225098,-0.0586090087890625,0.006524962651297983,-0.013928532600402832,-0.04296159744262695,0.010921458526269134
2,0.0,0.0,0.0,-0.031133651733398438,-0.010936439037322998,-0.014834525994380954,-0.05481046438217163,-0.0363001823425293,-0.013850806280395034,-0.06765156984329224,-0.06471073627471924,-0.01170404814126158,-0.07316309213638306,-0.08532345294952393,-0.0066941673861649065,-0.06831514835357666,-0.02634519338607788,0.016087595373967645,-0.07371461391448975,-0.06422734260559082,0.00569687970040178,-0.05876588821411133,-0.0619426965713501,-0.0017419976642187862,-0.04876267910003662,-0.05281859636306763,-0.003117633051594737,-0.05202430486679077,-0.03701561689376831,0.02243158407566881,-0.055401504039764404,-0.0718727707862854,0.007629984990337846,-0.04009687900543213,-0.05568462610244751,-0.0009442185395229785,-0.03285086154937744,-0.037426769733428955,-0.0005129484337587087,-0.037332773208618164,-0.04785090684890747,0.024700980634072778,-0.0396004319190979,-0.07452249526977539,0.009382256307283399,-0.027321696281433105,-0.053044915199279785,0.005449879449436423,-0.024861812591552734,-0.03449726104736328,0.009332181886414048,-0.025621116161346436,-0.05420196056365967,0.025944076479056832,-0.026362597942352295,-0.07368123531341553,0.017492299900034425,-0.018010616302490234,-0.057148873805999756,0.016852183268049714,-0.015713930130004883,-0.04076206684112549,0.020490039140561578
2,0.0,0.0,0.0,-0.03304523229598999,-0.013708412647247314,-0.011473432675696671,-0.05679363012313843,-0.0389711856842041,-0.008230259203113377,-0.06817972660064697,-0.06554996967315674,-0.004574783173151076,-0.07081615924835205,-0.08562424778938293,0.0017659796599822641,-0.06679695844650269,-0.029635131359100342,0.020877947538398445,-0.07357507944107056,-0.06658458709716797,0.011799763395689666,-0.061305344104766846,-0.0672140121459961,0.0050806123495625855,-0.052520930767059326,-0.06206071376800537,0.0039015451644139887,-0.05039620399475098,-0.03989201784133911,0.025550083696149528,-0.05506938695907593,-0.07460761070251465,0.010666010408900917,-0.04018425941467285,-0.05683302879333496,0.0019127502769755722,-0.03214240074157715,-0.03908926248550415,0.0027338422101514936,-0.03534930944442749,-0.05046802759170532,0.026302135988377273,-0.039137303829193115,-0.07740798592567444,0.010947547360562027,-0.02696406841278076,-0.054609835147857666,0.006511938265763462,-0.02359604835510254,-0.03604006767272949,0.010508166133664787,-0.02265709638595581,-0.05622076988220215,0.026245872928999603,-0.024849653244018555,-0.07533681392669678,0.01716147686471814,-0.01707160472869873,-0.05815237760543823,0.015782778590224922,-0.014190912246704102,-0.041576921939849854,0.019219755633972824
2,0.0,0.0,0.0,-0.03333050012588501,-0.014915704727172852,-0.011007390799306904,-0.05602759122848511,-0.040656864643096924,-0.007618822040342366,-0.06812828779220581,-0.06818437576293945,-0.004058109944992339,-0.07099258899688721,-0.08910807967185974,0.0023536345694878946,-0.06486481428146362,-0.03642559051513672,0.024766677176273788,-0.07015705108642578,-0.07269799709320068,0.01655231148532721,-0.05755472183227539,-0.06500524282455444,0.009845180554009403,-0.05027395486831665,-0.05302149057388306,0.008656869759477104,-0.04788845777511597,-0.0449519157409668,0.029470074107564415,-0.05203986167907715,-0.07983869314193726,0.015533969854629959,-0.038005948066711426,-0.05940115451812744,0.006161859376049961,-0.03137785196304321,-0.039701998233795166,0.006425216445393289,-0.03258681297302246,-0.05426377058029175,0.03009630471996161,-0.03540396690368652,-0.08064955472946167,0.01583478704623076,-0.02449619770050049,-0.05654782056808472,0.010917754029549087,-0.022171735763549805,-0.03713124990463257,0.014347965014792408,-0.02005213499069214,-0.05925583839416504,0.029974852805651153,-0.021821141242980957,-0.07734888792037964,0.02261036180487963,-0.014433801174163818,-0.059275925159454346,0.02178100787631365,-0.01197516918182373,-0.04278826713562012,0.02532172494164797
2,0.0,0.0,0.0,-0.03294980525970459,-0.012458741664886475,-0.01042561524601382,-0.055557966232299805,-0.03995007276535034,-0.008330409536675631,-0.06648671627044678,-0.0693252682685852,-0.006570675997600972,-0.06834542751312256,-0.09137433767318726,-0.0024191214522133464,-0.0638309121131897,-0.03765147924423218,0.020173285966201604,-0.06915807723999023,-0.071799635887146,0.008920078044219792,-0.05881553888320923,-0.07088291645050049,0.0006195795088288492,-0.052222609519958496,-0.06711101531982422,-0.0017883570451076025,-0.04671400785446167,-0.04643356800079346,0.02244559756426412,-0.05153095722198486,-0.08152347803115845,0.004522735597028316,-0.038581907749176025,-0.06045174598693848,-0.005009121383146464,-0.03252369165420532,-0.04131895303726196,-0.0042045429633716935,-0.030476152896881104,-0.054712533950805664,0.020880563994332135,-0.03381645679473877,-0.08143278956413269,0.0030501264794011718,-0.02345716953277588,-0.056911468505859375,5.2491106806940024e-05,-0.021084725856781006,-0.03876835107803345,0.0055893784104128486,-0.01590144634246826,-0.05873483419418335,0.01849691091982919,-0.01797538995742798,-0.07907900214195251,0.008736088750346482,-0.01178354024887085,-0.061109304428100586,0.009305168752952397,-0.009786784648895264,-0.04462933540344238,0.014342224103792489
2,0.0,0.0,0.0,-0.03308141231536865,-0.013592541217803955,-0.009098995344984928,-0.05508100986480713,-0.042284488677978516,-0.007085299453038374,-0.06500476598739624,-0.07276493310928345,-0.005811567751962343,-0.06529778242111206,-0.09541323781013489,-0.001801313467595378,-0.059288203716278076,-0.046078264713287354,0.021503126380693516,-0.06454819440841675,-0.07986927032470703,0.010037466084312996,-0.05430173873901367,-0.06550270318984985,0.0023957517852153387,-0.04820704460144043,-0.05191069841384888,0.0008096782413389292,-0.04300564527511597,-0.05288511514663696,0.02331207892085274,-0.04704684019088745,-0.0866304337978363,0.0068750541114326325,-0.03614199161529541,-0.06119716167449951,-0.0013218006196353826,-0.03156876564025879,-0.04187202453613281,-7.079901014606094e-05,-0.02764207124710083,-0.058934152126312256,0.02113014472807606,-0.030064523220062256,-0.08513292670249939,0.004883866423469385,-0.02167719602584839,-0.05807352066040039,0.0026721403856839743,-0.01982063055038452,-0.039842426776885986,0.008152057548713287,-0.013607025146484375,-0.061853766441345215,0.018143039328705868,-0.015439629554748535,-0.08174410462379456,0.010012770203601917,-0.010339081287384033,-0.06226378679275513,0.011032892523061832,-0.008632123470306396,-0.046049416065216064,0.015907198322665295
2,0.0,0.0,0.0,-0.03334641456604004,-0.011189103126525879,-0.0077712677747996395,-0.055401504039764404,-0.042270123958587646,-0.004775807946273858,-0.06407183408737183,-0.0738249123096466,-0.0027007984326274936,-0.06365388631820679,-0.09576833248138428,0.002152956337383216,-0.05452847480773926,-0.054480016231536865,0.02169406624948067,-0.059339702129364014,-0.08581337332725525,0.010491298758140033,-0.05010944604873657,-0.0661393404006958,0.004099122960766977,-0.04487311840057373,-0.05119121074676514,0.0034335018272457773,-0.0380406379699707,-0.059961915016174316,0.022797893979301875,-0.042411208152770996,-0.0916217565536499,0.007687565651437467,-0.03345268964767456,-0.06124091148376465,0.0017103786949945743,-0.030771911144256592,-0.044122934341430664,0.004250967190316146,-0.022668540477752686,-0.06392896175384521,0.019846910857310718,-0.025916218757629395,-0.08974149823188782,0.004370712456008619,-0.019083738327026367,-0.05897355079650879,0.004188927137008136,-0.017825424671173096,-0.0431782603263855,0.010728706852248138,-0.008832991123199463,-0.06509160995483398,0.016115071498504108,-0.010898470878601074,-0.08314117789268494,0.008538238019397681,-0.006931781768798828,-0.061738431453704834,0.010467651546647971,-0.0059683918952941895,-0.04869282245635986,0.015694691114774173
2,0.0,0.0,0.0,-0.03239232301712036,-0.00999748706817627,-0.006954586704651433,-0.05465388298034668,-0.03946655988693237,-0.005605181319097596,-0.06270605325698853,-0.07122418284416199,-0.005751757056842166,-0.06186997890472412,-0.09505981206893921,-0.0035569182256409704,-0.05073481798171997,-0.058201760053634644,0.018053422110696715,-0.056070148944854736,-0.08530232310295105,0.006221493134816569,-0.04837554693222046,-0.0626833438873291,-0.0003197753286627858,-0.04346948862075806,-0.04860234260559082,-0.0013766388766640603,-0.03522133827209473,-0.06239926815032959,0.017883710923214835,-0.03926295042037964,-0.08952724933624268,0.0036754115825345934,-0.031754374504089355,-0.05802851915359497,-0.0008823665449568807,-0.028540611267089844,-0.0436403751373291,0.0016920731976455272,-0.02038586139678955,-0.06384742259979248,0.01387585828693716,-0.023037254810333252,-0.08637124300003052,-0.001552499936352092,-0.01760345697402954,-0.054173290729522705,-0.00028536217372732153,-0.014905750751495361,-0.039129793643951416,0.006779852217604798,-0.005905807018280029,-0.06284874677658081,0.00917717850448696,-0.008613049983978271,-0.08080458641052246,0.0020108824936500014,-0.006162822246551514,-0.05893361568450928,0.005341126477887315,-0.004503011703491211,-0.04634654521942139,0.011260938259383124
2,0.0,0.0,0.0,-0.03241449594497681,-0.00999438762664795,-0.0020498647439808337,-0.05293673276901245,-0.04120761156082153,0.000886802494846961,-0.06070137023925781,-0.07324972748756409,0.0015968741996630342,-0.05913466215133667,-0.09523877501487732,0.004088788051944903,-0.047639310359954834,-0.06194257736206055,0.018880998474401167,-0.051015496253967285,-0.08790010213851929,0.008489165213745764,-0.04537093639373779,-0.06667262315750122,0.0023023118179708035,-0.04160642623901367,-0.05177342891693115,0.000880708152749321,-0.03239929676055908,-0.06494796276092529,0.01651505729262226,-0.03474324941635132,-0.09142574667930603,0.00404725153077834,-0.029211223125457764,-0.059992700815200806,6.17664833271192e-05,-0.02697157859802246,-0.044918328523635864,0.002155674612936309,-0.017546474933624268,-0.06554225087165833,0.011089178492170504,-0.01904904842376709,-0.0882653295993805,-0.002332199839088389,-0.015811443328857422,-0.056655168533325195,-4.245335856012389e-05,-0.013554096221923828,-0.04132866859436035,0.006643932537031105,-0.00228041410446167,-0.06405037641525269,0.005309406426590613,-0.004276573657989502,-0.08123946189880371,-0.0008527354306124835,-0.003300786018371582,-0.0594010055065155,0.002998236558255485,-0.002142012119293213,-0.04719021916389465,0.008597520870011977
2,0.0,0.0,0.0,-0.03204762935638428,-0.01030820608139038,-0.0023948626862591027,-0.051344215869903564,-0.04139712452888489,7.936089744475794e-05,-0.06022238731384277,-0.0738862156867981,0.00034294713034910274,-0.06050676107406616,-0.0969521701335907,0.0024570904402310134,-0.046339988708496094,-0.06297329068183899,0.01913844307048862,-0.0493888258934021,-0.09040653705596924,0.008721337440448451,-0.04234796762466431,-0.06806868314743042,0.002347179475265193,-0.0389024019241333,-0.05284923315048218,0.000840969461506802,-0.030822694301605225,-0.06644535064697266,0.016937560188608813,-0.033563077449798584,-0.09152495861053467,0.0054140787301832916,-0.027557313442230225,-0.060052067041397095,0.0014235555622974516,-0.025817692279815674,-0.04627549648284912,0.0030830551600331546,-0.01567941904067993,-0.06671062111854553,0.011648385572271991,-0.018253684043884277,-0.08915594220161438,-0.0012115037338560342,-0.014557957649230957,-0.05723145604133606,0.0014641209468493344,-0.012596189975738525,-0.04182747006416321,0.008168327408867526,-6.955862045288086e-05,-0.064698725938797,0.005960865198659349,-0.001943051815032959,-0.08176717162132263,0.000544334548550296,-0.0011177659034729004,-0.05967193841934204,0.005186170591997552,-0.0006926059722900391,-0.04704532027244568,0.011244224171178985
2,0.0,0.0,0.0,-0.03242427110671997,-0.010654270648956299,-0.003766748613614368,-0.051775217056274414,-0.0404609739780426,-0.0021743527864401813,-0.06103312969207764,-0.07219752669334412,-0.0024091538758312936,-0.06120574474334717,-0.09495097398757935,-0.0007898872969036574,-0.04635113477706909,-0.06299403309822083,0.016287386857968045,-0.04806417226791382,-0.0896543562412262,0.005052239609014464,-0.04174017906188965,-0.06509530544281006,-0.00162953059368931,-0.03869318962097168,-0.04953494668006897,-0.0033783177164679046,-0.030263304710388184,-0.06583046913146973,0.014417597533267212,-0.0327150821685791,-0.09125837683677673,0.001960000696655584,-0.027981340885162354,-0.0589347779750824,-0.0020310369105374093,-0.02655583620071411,-0.04525965452194214,-0.00031137256480917586,-0.014928281307220459,-0.06615239381790161,0.009458336488407326,-0.017152369022369385,-0.08863675594329834,-0.004071169092256355,-0.014460146427154541,-0.056255191564559937,-0.0013033491810148234,-0.013249754905700684,-0.04112634062767029,0.0055063059302682404,0.00048679113388061523,-0.06423079967498779,0.004012858004372788,-0.0016126036643981934,-0.0808669924736023,-0.0018962905993049617,-0.0011301040649414062,-0.05843997001647949,0.0027446509088093762,-0.00077056884765625,-0.045991331338882446,0.008815007724862767
2,0.0,0.0,0.0,-0.03257101774215698,-0.008871763944625854,-0.0021116030544590103,-0.051344990730285645,-0.041056662797927856,0.0007129672306973589,-0.058952271938323975,-0.07295653223991394,0.001535810399559523,-0.06092315912246704,-0.09321653842926025,0.004127329201196517,-0.04533505439758301,-0.06279149651527405,0.015083340913747634,-0.04720085859298706,-0.0915164053440094,0.0044365082725335014,-0.040689945220947266,-0.06796213984489441,-0.0013196729265700924,-0.03808480501174927,-0.0529424250125885,-0.0025774764504831182,-0.02932637929916382,-0.06514477729797363,0.012628698707317199,-0.030926764011383057,-0.0911543071269989,0.0005678525634493781,-0.025933384895324707,-0.05891349911689758,-0.002554253456423794,-0.02474898099899292,-0.04529622197151184,-0.0004052303116850453,-0.014191210269927979,-0.0650501549243927,0.007358707007711018,-0.01582735776901245,-0.08782148361206055,-0.0059308884807478535,-0.012757062911987305,-0.05536094307899475,-0.002866849317456399,-0.011229395866394043,-0.03993406891822815,0.003930754014049853,0.0011672377586364746,-0.06321883201599121,0.001732809105646993,-0.00010907649993896484,-0.08104020357131958,-0.004821165479029332,0.0005878210067749023,-0.05882987380027771,-0.0007510529973160374,0.0011925101280212402,-0.04566234350204468,0.00484739056298622
2,0.0,0.0,0.0,-0.032178282737731934,-0.008843570947647095,-0.002414506300212338,-0.051569223403930664,-0.038240283727645874,-0.00070056833685328,-0.05955064296722412,-0.06901383399963379,-0.0009635609680316293,-0.05856829881668091,-0.08910220861434937,0.00047562344805385237,-0.04507088661193848,-0.06210044026374817,0.013748907345487282,-0.04743093252182007,-0.0883297324180603,0.001916868939204619,-0.04040426015853882,-0.06605011224746704,-0.0050575408608182215,-0.03667294979095459,-0.05028343200683594,-0.00700332564194639,-0.028831064701080322,-0.06463503837585449,0.01106265359665315,-0.03158146142959595,-0.08997726440429688,-0.0016454699438526177,-0.02574998140335083,-0.058640122413635254,-0.005301456571416452,-0.02359718084335327,-0.04453247785568237,-0.003538461075024202,-0.013060212135314941,-0.06498795747756958,0.005603011558903859,-0.015528976917266846,-0.08781051635742188,-0.008302214694069221,-0.012098431587219238,-0.05575263500213623,-0.005345349338696792,-0.01016843318939209,-0.03984162211418152,0.001477458375646279,0.0029987692832946777,-0.06286418437957764,-0.00018391668747597123,0.0011606812477111816,-0.07944133877754211,-0.007260983948455646,0.0017991065979003906,-0.05766034126281738,-0.0031489964098199152,0.002476334571838379,-0.044682085514068604,0.0026010459765331007
2,0.0,0.0,0.0,-0.03205913305282593,-0.009122908115386963,-0.0043178652454827215,-0.0520208477973938,-0.03907695412635803,-0.0033966600936565783,-0.06039220094680786,-0.07064300775527954,-0.004121941984138289,-0.057601332664489746,-0.09215259552001953,-0.0030152848963354018,-0.04401677846908569,-0.060541242361068726,0.011703799940207205,-0.04697674512863159,-0.08770996332168579,0.00030114987332297005,-0.04066181182861328,-0.06422999501228333,-0.005854493476888933,-0.037938475608825684,-0.05014646053314209,-0.007534891371122399,-0.027628064155578613,-0.06304621696472168,0.00983190955177804,-0.03107273578643799,-0.08873012661933899,-0.002588387117228308,-0.02556931972503662,-0.05759507417678833,-0.005657360427520075,-0.02322763204574585,-0.04466143250465393,-0.0036657732021723177,-0.011934518814086914,-0.06365874409675598,0.005117904390701256,-0.015400469303131104,-0.08648744225502014,-0.008028060667655268,-0.011942088603973389,-0.05511528253555298,-0.004424596209517517,-0.009427487850189209,-0.04003366827964783,0.0025254555470581863,0.00391000509262085,-0.06213697791099548,-0.00017468803396525345,0.0007365942001342773,-0.07852733135223389,-0.006434308834812441,0.0015063881874084473,-0.05731230974197388,-0.0019958231174115326,0.002980172634124756,-0.045142173767089844,0.0037249755072679136
2,0.0,0.0,0.0,-0.0307500958442688,-0.010502159595489502,-0.0031284067347172595,-0.04998594522476196,-0.03785404562950134,-0.00212809457774199,-0.05972999334335327,-0.06748118996620178,-0.003175025017512212,-0.057334184646606445,-0.08918756246566772,-0.002511723110032449,-0.0423588752746582,-0.05942597985267639,0.014457683168771496,-0.045145392417907715,-0.08541560173034668,0.0038401580848272943,-0.03879523277282715,-0.06295198202133179,-0.0025241434607181645,-0.03621625900268555,-0.048464417457580566,-0.0044020003672216035,-0.026742100715637207,-0.06145012378692627,0.012076919988217583,-0.02958601713180542,-0.08613640069961548,0.00037342100655735067,-0.024134159088134766,-0.05614781379699707,-0.0034113946869496203,-0.02250128984451294,-0.04241541028022766,-0.0019908162332598067,-0.011771559715270996,-0.06163179874420166,0.006944950759830704,-0.014234066009521484,-0.08359798789024353,-0.0056235342319581605,-0.010867953300476074,-0.053533196449279785,-0.0029029838308218814,-0.009328186511993408,-0.03802460432052612,0.0034324830364909076,0.003485739231109619,-0.059496939182281494,0.0013683277382057213,0.0015129446983337402,-0.07589676976203918,-0.004331028464761744,0.002305328845977783,-0.05532282590866089,2.4349520359123744e-05,0.002765178680419922,-0.042439013719558716,0.005673081703903904
2,0.0,0.0,0.0,-0.030774295330047607,-0.006739556789398193,-0.0030487095428668454,-0.051327288150787354,-0.03528165817260742,-0.0017323108114339902,-0.06028878688812256,-0.06778311729431152,-0.002216787026640077,-0.05822193622589111,-0.09022954106330872,-0.001192476549562116,-0.042500853538513184,-0.05647757649421692,0.012539563285741906,-0.04565691947937012,-0.08251804113388062,0.0016934670783541605,-0.039959728717803955,-0.06091117858886719,-0.004768891674842735,-0.03678297996520996,-0.04677501320838928,-0.006842783135738273,-0.026698708534240723,-0.05881109833717346,0.010128078567419152,-0.02997434139251709,-0.0840461254119873,-0.0021088383583389714,-0.024830996990203857,-0.05443093180656433,-0.006069512986954351,-0.022898435592651367,-0.03972065448760986,-0.004838708271648784,-0.01172715425491333,-0.059672147035598755,0.005135502251420121,-0.014921367168426514,-0.08206707239151001,-0.00791292585935821,-0.011231958866119385,-0.05186012387275696,-0.005080022798296113,-0.009445667266845703,-0.035861581563949585,0.001245062616277437,0.0034577250480651855,-0.058662205934524536,-0.0002771011569109305,0.0014022588729858398,-0.07451993227005005,-0.006952728093978067,0.0028449296951293945,-0.053391069173812866,-0.00304873468857636,0.0039147138595581055,-0.04045787453651428,0.0022690175609625385
2,0.0,0.0,0.0,-0.030285537242889404,-0.005502790212631226,-0.0025132405074259623,-0.04881709814071655,-0.03462865948677063,-0.0007481440637207015,-0.05610233545303345,-0.06519249081611633,-0.0006532728523893638,-0.05768775939941406,-0.08404222130775452,0.0009100084341184811,-0.040759503841400146,-0.05641123652458191,0.011139171946240367,-0.043532729148864746,-0.08112853765487671,0.00043957033511787813,-0.038496553897857666,-0.05994373559951782,-0.005775254402863084,-0.03559577465057373,-0.04536047577857971,-0.007621042147832213,-0.02508455514907837,-0.05882817506790161,0.008610405776096286,-0.029153525829315186,-0.08389368653297424,-0.0034896463124027832,-0.024161696434020996,-0.05381700396537781,-0.006828721795784531,-0.021264731884002686,-0.038768261671066284,-0.005037991047458945,-0.0100783109664917,-0.059220194816589355,0.0036794890681335346,-0.013819336891174316,-0.08167639374732971,-0.008927949887322484,-0.010675132274627686,-0.05136194825172424,-0.005676612441050111,-0.007871747016906738,-0.03506314754486084,0.0008930778628268854,0.005292832851409912,-0.05775552988052368,-0.0016471874635612949,0.0029952526092529297,-0.07371664047241211,-0.008192422982858716,0.00331801176071167,-0.05259665846824646,-0.004370582938747702,0.004474341869354248,-0.03960034251213074,0.000848631598898919
2,0.0,0.0,0.0,-0.030327796936035156,-0.006958603858947754,-0.0010984973498722184,-0.049082398414611816,-0.033454060554504395,0.002786411276915146,-0.05700618028640747,-0.06446430087089539,0.00461197465368457,-0.05509138107299805,-0.08393403887748718,0.00819457981445737,-0.039616286754608154,-0.05324244499206543,0.020053013299488498,-0.043486058712005615,-0.07533061504364014,0.011514927332186176,-0.03929263353347778,-0.055640995502471924,0.005907371246152593,-0.03564620018005371,-0.043623119592666626,0.004245878734522535,-0.023955941200256348,-0.05575001239776611,0.017933388312243892,-0.028896450996398926,-0.0800544023513794,0.0071628508874113095,-0.02476668357849121,-0.04946133494377136,0.003166062828981353,-0.021819651126861572,-0.03542444109916687,0.004808887445264531,-0.009121417999267578,-0.05623728036880493,0.013066787344300224,-0.012955427169799805,-0.07805168628692627,0.0013923280191505683,-0.011229455471038818,-0.0471268892288208,0.0037026182533139718,-0.008576929569244385,-0.03196880221366882,0.009918160808169318,0.0066945552825927734,-0.05552402138710022,0.007916545566999389,0.003918588161468506,-0.0707848072052002,0.003130144976907445,0.0030719637870788574,-0.049584656953811646,0.006920397353255225,0.0038289427757263184,-0.037994980812072754,0.012020882290684654
2,0.0,0.0,0.0,-0.02948826551437378,-0.007678896188735962,-0.00377014429858491,-0.048805952072143555,-0.03468751907348633,-0.003099033949808927,-0.055385470390319824,-0.0632345974445343,-0.004082522695796342,-0.05348002910614014,-0.08345335721969604,-0.0036961982174830155,-0.03846144676208496,-0.05688053369522095,0.0094671190102531,-0.04220271110534668,-0.07811665534973145,-0.0019693289565907435,-0.03727436065673828,-0.056824296712875366,-0.008207458412186952,-0.03363668918609619,-0.04323175549507141,-0.010028059935109468,-0.02260643243789673,-0.0608220100402832,0.006829875646246819,-0.027191221714019775,-0.08336958289146423,-0.0054166623073683695,-0.0228196382522583,-0.05292072892189026,-0.00800215859516129,-0.01906108856201172,-0.03939315676689148,-0.005495129959570022,-0.0071547627449035645,-0.061645686626434326,0.0015884300312904998,-0.01115947961807251,-0.08292099833488464,-0.011355805551545473,-0.008807957172393799,-0.05116000771522522,-0.006983940830366464,-0.005796194076538086,-0.035716503858566284,0.0006675219131579979,0.009302318096160889,-0.059139758348464966,-0.004198487257497163,0.005601644515991211,-0.07596302032470703,-0.010907574897544237,0.00464785099029541,-0.0546608567237854,-0.006037704056041093,0.005384385585784912,-0.042304158210754395,0.00024598372084483344
2,0.0,0.0,0.0,-0.03042203187942505,-0.011781960725784302,-0.0007493463144641055,-0.04912155866622925,-0.03614291548728943,0.0014925782070491778,-0.0578608512878418,-0.06542247533798218,0.0014093265836123692,-0.05511879920959473,-0.08643198013305664,0.002904306651558386,-0.0384332537651062,-0.05843740701675415,0.015658583279233085,-0.04241377115249634,-0.08023560047149658,0.0057530503454614745,-0.038094520568847656,-0.058787912130355835,-6.353453680674193e-05,-0.03461509943008423,-0.04474359750747681,-0.0017510927082042826,-0.023160994052886963,-0.06194800138473511,0.012247616212349044,-0.027875423431396484,-0.08499905467033386,0.001134478739928113,-0.023872733116149902,-0.05451935529708862,-0.0019438377148475183,-0.020798981189727783,-0.04091113805770874,0.000125907250563273,-0.008064627647399902,-0.06265786290168762,0.0063780190157700645,-0.012280642986297607,-0.08400890231132507,-0.005340245765168561,-0.010640382766723633,-0.05330085754394531,-0.0010447525219063891,-0.008215546607971191,-0.03830823302268982,0.006413152228574859,0.008540630340576172,-0.059453606605529785,0.00020692087674945014,0.004057705402374268,-0.07849964499473572,-0.004835881039966239,0.00237882137298584,-0.057230234146118164,0.0007477456438351737,0.0029607415199279785,-0.044348955154418945,0.00732595871342312
2,0.0,0.0,0.0,-0.03104877471923828,-0.013237237930297852,-0.0009689509691099829,-0.04865396022796631,-0.03886142373085022,0.0010095554814313346,-0.05667239427566528,-0.06995949149131775,0.0005308455499459797,-0.05320101976394653,-0.09194108843803406,0.0015459985649783903,-0.03683692216873169,-0.06090089678764343,0.017536332196613102,-0.04084092378616333,-0.08295392990112305,0.008343506901582032,-0.03701186180114746,-0.06222236156463623,0.0023646434480895095,-0.03378826379776001,-0.04870918393135071,0.00037233799841374093,-0.022058069705963135,-0.06411617994308472,0.014311491808911114,-0.026508331298828125,-0.08685126900672913,0.004347009881456643,-0.02283179759979248,-0.05678039789199829,0.001074843638633638,-0.019885003566741943,-0.043240875005722046,0.002718465699871331,-0.007309436798095703,-0.06442186236381531,0.008498472458740025,-0.0111466646194458,-0.08575159311294556,-0.002185011916736812,-0.009774506092071533,-0.055520474910736084,0.00185854692855969,-0.007435917854309082,-0.04045483469963074,0.008862234949191361,0.009103119373321533,-0.06074914336204529,0.002285094763209372,0.005101025104522705,-0.07936856150627136,-0.0018823353396157927,0.0030722618103027344,-0.05832841992378235,0.003728234273438602,0.003430485725402832,-0.04566878080368042,0.01013357315125063
2,0.0,0.0,0.0,-0.032200753688812256,-0.013745486736297607,-0.001475897940721893,-0.050570785999298096,-0.03792619705200195,-6.237328783242901e-05,-0.05900663137435913,-0.0694936215877533,-0.001282637214202964,-0.05481332540512085,-0.09192618727684021,-0.0009372347005722759,-0.03746920824050903,-0.05900675058364868,0.017430884789760626,-0.04144865274429321,-0.08200031518936157,0.007545345954682148,-0.03788578510284424,-0.060445815324783325,0.0011327113286512258,-0.03505527973175049,-0.047122836112976074,-0.001157807043668413,-0.022709906101226807,-0.06155657768249512,0.01402611567461065,-0.02701270580291748,-0.08497390151023865,0.002916005931879795,-0.023857176303863525,-0.05489501357078552,-0.0011794127960769174,-0.02142488956451416,-0.04123768210411072,-1.9131378607539773e-05,-0.007869362831115723,-0.06202337145805359,0.007970812756653345,-0.01200038194656372,-0.08416905999183655,-0.0035700541659338114,-0.010734140872955322,-0.053841352462768555,0.00026400893399625147,-0.00885087251663208,-0.03811123967170715,0.007305283591236389,0.008209645748138428,-0.05848690867424011,0.0014521446107806923,0.0040184855461120605,-0.07761216163635254,-0.0032718355971468327,0.0022184252738952637,-0.0571112334728241,0.0023344103508549097,0.002858400344848633,-0.04399341344833374,0.00887437539928726
2,0.0,0.0,0.0,-0.031163692474365234,-0.01401779055595398,-0.0005319394328040516,-0.04847067594528198,-0.038118064403533936,0.0012196878745811546,-0.05678170919418335,-0.06851115822792053,0.0003648298810361439,-0.052352845668792725,-0.08986958861351013,0.0009794689325275385,-0.03696542978286743,-0.06073996424674988,0.017730227213505145,-0.041593849658966064,-0.08266273140907288,0.008669745650294658,-0.03781658411026001,-0.06182581186294556,0.0028049566393377745,-0.03415602445602417,-0.04927933216094971,0.0007924793247724438,-0.022232234477996826,-0.06390321254730225,0.014268551495078441,-0.027117371559143066,-0.08606794476509094,0.0041043437162073815,-0.023370027542114258,-0.055734604597091675,0.00040267728796550273,-0.019995033740997314,-0.042650192975997925,0.0017614052706989014,-0.0072571635246276855,-0.06448867917060852,0.008390431765619155,-0.01210486888885498,-0.08582916855812073,-0.0024694155359981096,-0.01050412654876709,-0.05507785081863403,0.0014223788242446744,-0.0074315667152404785,-0.03987500071525574,0.008367733571830627,0.009325206279754639,-0.06079116463661194,0.002207298537868496,0.003842949867248535,-0.07917344570159912,-0.002141752272692088,0.0025183558464050293,-0.05773288011550903,0.003579474294710394,0.004283726215362549,-0.04542034864425659,0.010154364172521468
2,0.0,0.0,0.0,-0.03176206350326538,-0.015015870332717896,-0.00013365904061402034,-0.049751341342926025,-0.03706273436546326,0.002218711243301641,-0.058569371700286865,-0.06784957647323608,0.0021409511634260525,-0.05519992113113403,-0.08928576111793518,0.0037051870555728783,-0.039760708808898926,-0.060453563928604126,0.018871007074892532,-0.04390138387680054,-0.08206978440284729,0.010179954168677341,-0.03966724872589111,-0.06271478533744812,0.0038991720018088927,-0.036164700984954834,-0.048930227756500244,0.0015490573666170349,-0.02465653419494629,-0.06375354528427124,0.01564758229750396,-0.029059529304504395,-0.08576592803001404,0.005960182340174924,-0.024651944637298584,-0.056366175413131714,0.0017678969840630998,-0.021722257137298584,-0.04206785559654236,0.0025607166414260973,-0.009670794010162354,-0.06428825855255127,0.010072081868827354,-0.013823270797729492,-0.0847979485988617,-0.0004261943152528147,-0.011880874633789062,-0.055113911628723145,0.0032868697841763606,-0.009287476539611816,-0.03943353891372681,0.009970712063193332,0.006909787654876709,-0.060451894998550415,0.004208042339712392,0.001990199089050293,-0.07844123244285583,-7.959871919638317e-05,0.0009406208992004395,-0.05743205547332764,0.005654990726441156,0.0021382570266723633,-0.045153677463531494,0.012207786140322696
2,0.0,0.0,0.0,-0.029996871948242188,-0.011210411787033081,-0.0017895282815771907,-0.048738837242126465,-0.03612813353538513,9.008575190705415e-06,-0.0572810173034668,-0.06690192222595215,-0.00040220034300375573,-0.05358809232711792,-0.08871746063232422,0.000841082028429696,-0.0387728214263916,-0.05745035409927368,0.01664113149870161,-0.04225975275039673,-0.08046582341194153,0.006471885264701882,-0.03804498910903931,-0.06065914034843445,8.60976999064178e-05,-0.03521394729614258,-0.047036319971084595,-0.001955031753666958,-0.022687017917633057,-0.06024762988090515,0.013754043624587098,-0.02703237533569336,-0.08370524644851685,0.0023835169978809745,-0.022809088230133057,-0.0536247193813324,-0.0013095977354424804,-0.020341336727142334,-0.0387665331363678,0.00033893102788340457,-0.007471561431884766,-0.061010658740997314,0.008167864651269952,-0.011348724365234375,-0.0821843147277832,-0.003861226244978866,-0.009119570255279541,-0.051979005336761475,-0.0001626269530135005,-0.006743192672729492,-0.03624233603477478,0.006946594350822011,0.009319722652435303,-0.05865758657455444,0.0021714229498428494,0.005358457565307617,-0.07578632235527039,-0.0032016801286118834,0.004740893840789795,-0.054958611726760864,0.0017646238103878886,0.005629479885101318,-0.04221269488334656,0.00791150786805872
2,0.0,0.0,0.0,-0.029974281787872314,-0.010487020015716553,-0.002922920593206868,-0.04984569549560547,-0.037357479333877563,-0.0020459853943037842,-0.058707475662231445,-0.06777322292327881,-0.0031003713041144465,-0.05567735433578491,-0.09069427847862244,-0.002463613254164443,-0.03994107246398926,-0.05820837616920471,0.012614916461373582,-0.04344356060028076,-0.0817258358001709,0.00184442176096411,-0.037427544593811035,-0.06062522530555725,-0.004477714737092242,-0.03454434871673584,-0.04699072241783142,-0.006609942381416545,-0.023937463760375977,-0.060975879430770874,0.009745153049792066,-0.027534663677215576,-0.08358690142631531,-0.0017129766886654352,-0.0224265456199646,-0.05348002910614014,-0.005095026073192344,-0.020396709442138672,-0.03915819525718689,-0.003648236476962552,-0.008362948894500732,-0.06152987480163574,0.004299752331192508,-0.011967122554779053,-0.08285364508628845,-0.007833056700562224,-0.009198784828186035,-0.051971226930618286,-0.0037772188327807044,-0.007366180419921875,-0.03590843081474304,0.003202636177505269,0.007929205894470215,-0.0589352548122406,-0.0016424497255655979,0.004403293132781982,-0.07532531023025513,-0.007582912304584966,0.004148900508880615,-0.053543299436569214,-0.0025855801898586606,0.005121171474456787,-0.040299832820892334,0.003504417055140152
2,0.0,0.0,0.0,-0.03062903881072998,-0.010332614183425903,-0.002768760615140309,-0.04918152093887329,-0.037388771772384644,-0.0021393425512314934,-0.056929826736450195,-0.06837707757949829,-0.0036002693913133044,-0.05485641956329346,-0.09138071537017822,-0.0036378594330699343,-0.04013264179229736,-0.057336896657943726,0.012310074341371546,-0.043245673179626465,-0.08152863383293152,0.0011510368686913353,-0.03731381893157959,-0.06256446242332458,-0.005785058553442468,-0.03453153371810913,-0.04830494523048401,-0.008208687718138208,-0.023902416229248047,-0.059736669063568115,0.009301133152916918,-0.026689469814300537,-0.08333945274353027,-0.002448332098424544,-0.02194124460220337,-0.054223835468292236,-0.006350467282459249,-0.020435452461242676,-0.038763225078582764,-0.005278171806708087,-0.00818777084350586,-0.060047924518585205,0.003748159089013825,-0.011469364166259766,-0.08262640237808228,-0.008558936718031873,-0.008902311325073242,-0.05261152982711792,-0.005012829157635679,-0.007292628288269043,-0.03590613603591919,0.0016216892300917607,0.00836646556854248,-0.05723839998245239,-0.002290876650363316,0.005141854286193848,-0.07467487454414368,-0.008491610477790346,0.004737555980682373,-0.05390271544456482,-0.003784760900884976,0.005379378795623779,-0.04026976227760315,0.0021044655487685304
2,0.0,0.0,0.0,-0.029752790927886963,-0.012540757656097412,-0.0013251331186552306,-0.0479927659034729,-0.03875020146369934,0.00015481573763054257,-0.05660432577133179,-0.06765943765640259,-0.00077204817381471,-0.05413562059402466,-0.08943504095077515,-0.00033072522666088844,-0.03905004262924194,-0.05988004803657532,0.01576720401470766,-0.04150426387786865,-0.08309176564216614,0.005763810498763178,-0.03576582670211792,-0.06313511729240417,-0.0005334085220169982,-0.03341782093048096,-0.04891461133956909,-0.0025961088034023305,-0.02321016788482666,-0.06247889995574951,0.012255868313957308,-0.02600198984146118,-0.08566465973854065,0.0012031378207097987,-0.021060466766357422,-0.056368112564086914,-0.002709380911539938,-0.01947605609893799,-0.04112398624420166,-0.0013492012879510185,-0.00792396068572998,-0.06264248490333557,0.006248059122015093,-0.010458230972290039,-0.08349496126174927,-0.005779523031662848,-0.007786810398101807,-0.053358614444732666,-0.002727436695124652,-0.0066193342208862305,-0.03729632496833801,0.003825179904822562,0.008398830890655518,-0.05930641293525696,-4.174198357986825e-05,0.005251824855804443,-0.07573077082633972,-0.005665022043388035,0.005001664161682129,-0.053886353969573975,-0.0007492113875855466,0.0052571892738342285,-0.04031524062156677,0.005364328993607614
2,0.0,0.0,0.0,-0.029800772666931152,-0.011919975280761719,-0.0013699210483082425,-0.04769188165664673,-0.0391901433467865,0.0005285857826038409,-0.05639827251434326,-0.06727886199951172,0.00010180708909501845,-0.05432915687561035,-0.0880441665649414,0.0012622459091744531,-0.03857535123825073,-0.05902141332626343,0.015876086405341994,-0.04156291484832764,-0.08330374956130981,0.0058099594664327014,-0.035475850105285645,-0.06308171153068542,-0.0004649604613859992,-0.03279614448547363,-0.04805794358253479,-0.0023671027972795855,-0.023000895977020264,-0.060885846614837646,0.012671831040506731,-0.02550816535949707,-0.08509805798530579,0.0013751253484315384,-0.02076590061187744,-0.05544114112854004,-0.002521194308201302,-0.019512712955474854,-0.039783328771591187,-0.0010174521246426593,-0.008038103580474854,-0.0605187714099884,0.006947428895955454,-0.010109245777130127,-0.08151993155479431,-0.005133668915505041,-0.007826685905456543,-0.05174914002418518,-0.002254232089171637,-0.0069408416748046875,-0.035761862993240356,0.004274032986586462,0.007796347141265869,-0.0572056770324707,0.0009302900637067069,0.005472123622894287,-0.07353046536445618,-0.004546395526404012,0.004731178283691406,-0.05267581343650818,0.00018803822445079277,0.004384338855743408,-0.03945416212081909,0.006172217870926033
2,0.0,0.0,0.0,-0.031121671199798584,-0.01261448860168457,0.0005830646152702457,-0.048287272453308105,-0.03917017579078674,0.003660079663163174,-0.056301653385162354,-0.06863120198249817,0.003956912889620412,-0.05657005310058594,-0.08957135677337646,0.005500779825737823,-0.04008817672729492,-0.06037449836730957,0.019251992798885453,-0.04281902313232422,-0.08427569270133972,0.010656948074242223,-0.037625133991241455,-0.0658215582370758,0.004786660301974166,-0.03519529104232788,-0.051343321800231934,0.00297014076589619,-0.024640679359436035,-0.062292665243148804,0.015326194338044274,-0.026701748371124268,-0.08601132035255432,0.005649442657372106,-0.022949695587158203,-0.057736873626708984,0.0016679091970530635,-0.02180469036102295,-0.04249712824821472,0.0028301466847864276,-0.009988188743591309,-0.0617029070854187,0.008960674389740575,-0.011698484420776367,-0.08257988095283508,-0.0018954485529008025,-0.010086417198181152,-0.053817182779312134,0.0004986732858327514,-0.0091133713722229,-0.03837648034095764,0.006414590741982806,0.0059996843338012695,-0.05795660614967346,0.002417742613246787,0.0036254525184631348,-0.07455217838287354,-0.0022801900156679267,0.002657771110534668,-0.05402478575706482,0.002395233943602193,0.002340078353881836,-0.0411318838596344,0.0081554687242118
2,0.0,0.0,0.0,-0.03053426742553711,-0.009062796831130981,-0.0018153113275047872,-0.049468278884887695,-0.038493454456329346,-0.00026049913924452994,-0.05819493532180786,-0.06968158483505249,-0.0009641387229066822,-0.05802220106124878,-0.09155014157295227,-0.00024459814505917166,-0.04032421112060547,-0.060395747423172,0.01371069304093453,-0.04232668876647949,-0.08688622713088989,0.003407325878811207,-0.036570966243743896,-0.06494411826133728,-0.00263634854547945,-0.03473693132400513,-0.050193458795547485,-0.0045568043793764446,-0.025089383125305176,-0.06211802363395691,0.010437294425514665,-0.026674091815948486,-0.08674922585487366,-0.00039986676040371094,-0.02249312400817871,-0.05655589699745178,-0.0037615633997347686,-0.0224723219871521,-0.04264214634895325,-0.0025560263972010944,-0.01067572832107544,-0.06181797385215759,0.004647467335757938,-0.012062251567840576,-0.08403187990188599,-0.007299083234670434,-0.009540379047393799,-0.05316171050071716,-0.003973283288928542,-0.009513676166534424,-0.03755250573158264,0.002296643614840832,0.004525423049926758,-0.05907878279685974,-0.0014995019379284713,0.0030327439308166504,-0.07634952664375305,-0.007117978712471995,0.0033745765686035156,-0.05431804060935974,-0.0022348882126834724,0.0027539730072021484,-0.04057896137237549,0.0035354632922235396
2,0.0,0.0,0.0,-0.030722498893737793,-0.010838478803634644,-0.002685317801791598,-0.0483974814414978,-0.041115641593933105,-0.0017594459089593784,-0.056157469749450684,-0.07284590601921082,-0.0028190040351034895,-0.05717170238494873,-0.0949067771434784,-0.0024058369775445954,-0.04195743799209595,-0.06226623058319092,0.011655206759911607,-0.043529212474823,-0.08782032132148743,0.0003760876976741656,-0.03749048709869385,-0.06538042426109314,-0.005948338689762522,-0.035037875175476074,-0.05048432946205139,-0.007826088028508593,-0.02608436346054077,-0.06357577443122864,0.008506625858586858,-0.027070999145507812,-0.08799898624420166,-0.003235460989657213,-0.022857308387756348,-0.057507842779159546,-0.0063071535290362135,-0.022080183029174805,-0.04353708028793335,-0.004681274326998164,-0.011024773120880127,-0.06268832087516785,0.0027470362516908153,-0.011842429637908936,-0.08446511626243591,-0.010019278185922076,-0.009718537330627441,-0.053659021854400635,-0.0065733818658770815,-0.008953213691711426,-0.03816765546798706,-6.802917454251656e-06,0.0046675801277160645,-0.05917638540267944,-0.003439244147870113,0.003054499626159668,-0.07554793357849121,-0.009894168036538531,0.0031780004501342773,-0.05391433835029602,-0.005316191385048796,0.003180384635925293,-0.04065805673599243,0.00045337830366065646
2,0.0,0.0,0.0,-0.031252920627593994,-0.011391013860702515,-0.0018711651825640274,-0.04871630668640137,-0.03855103254318237,-0.0005475503892000688,-0.057746708393096924,-0.06772062182426453,-0.0016335966681424452,-0.057533323764801025,-0.08908316493034363,-0.0011662777430672122,-0.04228925704956055,-0.06121578812599182,0.014467456432868175,-0.045580267906188965,-0.08864623308181763,0.003066400120843582,-0.03990328311920166,-0.06596347689628601,-0.003576806691597767,-0.03663700819015503,-0.05069565773010254,-0.005483341348480053,-0.026488184928894043,-0.06346854567527771,0.01103725662349575,-0.02900296449661255,-0.0889720618724823,-0.0008886871544007136,-0.02493607997894287,-0.05809205770492554,-0.004354013540904589,-0.023346543312072754,-0.0447196364402771,-0.0026293729349333717,-0.011354386806488037,-0.06359392404556274,0.004897874834824734,-0.013298213481903076,-0.08661484718322754,-0.008093017098616428,-0.011285960674285889,-0.055195391178131104,-0.004642033429007597,-0.009964466094970703,-0.03981336951255798,0.002302751698408656,0.0044588446617126465,-0.060506224632263184,-0.0016396924072239472,0.001851499080657959,-0.07876190543174744,-0.008148670141707726,0.0017897486686706543,-0.05653047561645508,-0.0032042932614047004,0.002368628978729248,-0.04298564791679382,0.003111233523924284
2,0.0,0.0,0.0,-0.03266787528991699,-0.010311543941497803,-0.0021297712120542656,-0.05118972063064575,-0.038955509662628174,-0.0008437960533740352,-0.0599403977394104,-0.06958705186843872,-0.002032251028282417,-0.05956631898880005,-0.09200137853622437,-0.0017983553008491526,-0.04308140277862549,-0.060347557067871094,0.01513623336708747,-0.04654425382614136,-0.08741152286529541,0.0044922626801451315,-0.040607988834381104,-0.06539535522460938,-0.0019904753900448213,-0.037127792835235596,-0.050282031297683716,-0.004011628381846322,-0.0274275541305542,-0.06271594762802124,0.011891884565415012,-0.030359923839569092,-0.08826082944869995,0.0008165339348522593,-0.026107430458068848,-0.05810078978538513,-0.0027798385600874553,-0.02423679828643799,-0.04494118690490723,-0.0015171785381937752,-0.012253522872924805,-0.063052237033844,0.0059043935724218954,-0.014938712120056152,-0.08728334307670593,-0.006440651766894234,-0.012672245502471924,-0.05622220039367676,-0.0031555708739290367,-0.010839223861694336,-0.040567249059677124,0.0033824428208788504,0.0039553046226501465,-0.060668736696243286,-0.0005142656629288922,0.0007788538932800293,-0.07904580235481262,-0.006431801408467663,0.000718235969543457,-0.05695733428001404,-0.0014938294663409124,0.0016039609909057617,-0.043357521295547485,0.004554445691468345
2,0.0,0.0,0.0,-0.03132361173629761,-0.009935468435287476,-0.001757213350344955,-0.050025105476379395,-0.03907531499862671,-0.00038932010573944353,-0.05891984701156616,-0.0704244077205658,-0.001382470333908259,-0.060107290744781494,-0.09249803423881531,-0.0009817154779625525,-0.04309910535812378,-0.060789644718170166,0.01368695314232582,-0.04666179418563843,-0.08723798394203186,0.003249682050238789,-0.039581358432769775,-0.06587427854537964,-0.0027534085958791366,-0.035887300968170166,-0.05098491907119751,-0.0044740382283521285,-0.027550101280212402,-0.06366261839866638,0.010396298050920905,-0.03046548366546631,-0.088661789894104,-0.0008089971080948999,-0.02467447519302368,-0.058703094720840454,-0.004027315385599195,-0.022392451763153076,-0.04405850172042847,-0.0024545369371367087,-0.012441039085388184,-0.0645160973072052,0.00454739158232087,-0.015003204345703125,-0.08770394325256348,-0.007849162414629518,-0.011533081531524658,-0.0571037232875824,-0.004654877789278089,-0.00957334041595459,-0.040330082178115845,0.0018340579998152862,0.003491818904876709,-0.06273648142814636,-0.0016366586489198198,0.00025385618209838867,-0.08049127459526062,-0.007808886438567697,0.0009564757347106934,-0.058863043785095215,-0.003315794018988072,0.0017835497856140137,-0.04443666338920593,0.0024292439055102477
2,0.0,0.0,0.0,-0.031566739082336426,-0.009878873825073242,-0.002830308962700201,-0.05122697353363037,-0.037524670362472534,-0.0018879239057127961,-0.06224095821380615,-0.06790843605995178,-0.0032131826580439338,-0.06288868188858032,-0.08963137865066528,-0.0030425480642293223,-0.043504536151885986,-0.06047224998474121,0.014244201259600686,-0.04794114828109741,-0.08549165725708008,0.0031273182406152955,-0.040184855461120605,-0.0630418062210083,-0.003312911473301483,-0.0365104079246521,-0.04934176802635193,-0.005241028366697265,-0.028212428092956543,-0.0637875497341156,0.011369707660662698,-0.031834304332733154,-0.08743095397949219,-0.00047254857662437644,-0.025563955307006836,-0.05681180953979492,-0.003837093113077117,-0.02399080991744995,-0.04414457082748413,-0.0021471717470262774,-0.01334613561630249,-0.06488573551177979,0.005685524215834903,-0.016041696071624756,-0.08634677529335022,-0.007618434129369689,-0.012009799480438232,-0.05515781044960022,-0.004270342046481801,-0.010547459125518799,-0.04006579518318176,0.002694510986941623,0.0024280548095703125,-0.06332701444625854,-0.0003940070589010247,-0.0008914470672607422,-0.08114975690841675,-0.006778962312353087,0.0006472468376159668,-0.05902057886123657,-0.001755121963185502,0.0018780827522277832,-0.04564058780670166,0.004591862337576913
2,0.0,0.0,0.0,-0.03120046854019165,-0.008667200803756714,-0.002837499763501228,-0.05150550603866577,-0.038036346435546875,-0.0015946679484670767,-0.06183749437332153,-0.06967458128929138,-0.0024034578089242586,-0.06092256307601929,-0.09151667356491089,-0.001593629174550415,-0.04450184106826782,-0.06023666262626648,0.013604973748641669,-0.04781585931777954,-0.08695095777511597,0.0025894859138304582,-0.04029196500778198,-0.0634244978427887,-0.0035559289824789175,-0.0374985933303833,-0.048981308937072754,-0.005312475070041955,-0.029080629348754883,-0.0634465217590332,0.010946368173080145,-0.03176206350326538,-0.08821296691894531,-0.0006738381196385035,-0.02523726224899292,-0.056746333837509155,-0.0037731597401773342,-0.02418196201324463,-0.043752849102020264,-0.0020379069462990174,-0.014127671718597412,-0.0648561418056488,0.005549410663860499,-0.016486644744873047,-0.0879736840724945,-0.00743290285734588,-0.012072741985321045,-0.05585405230522156,-0.0037536212910538325,-0.010869622230529785,-0.0402258038520813,0.003236216100248157,0.0018102526664733887,-0.0641721785068512,-0.00024372055466415077,-0.0014609694480895996,-0.08194902539253235,-0.006527636825722993,0.0006804466247558594,-0.05872923135757446,-0.0015042837910925755,0.0018317699432373047,-0.04508858919143677,0.004712274603861033
2,0.0,0.0,0.0,-0.03168755769729614,-0.01046288013458252,-0.0038009260487683605,-0.05175125598907471,-0.03862947225570679,-0.0032248832457639764,-0.06215775012969971,-0.07054367661476135,-0.004668352677015264,-0.0616077184677124,-0.09443891048431396,-0.004359473957208593,-0.043774425983428955,-0.061836689710617065,0.014717104827525418,-0.047595202922821045,-0.08745068311691284,0.0032633445053420473,-0.04031103849411011,-0.06482109427452087,-0.0034575772178300213,-0.0371708869934082,-0.050719380378723145,-0.0055295960218586515,-0.028390944004058838,-0.06508782505989075,0.012380080280365746,-0.031423747539520264,-0.08850684762001038,0.0001681442491303642,-0.024959087371826172,-0.05736216902732849,-0.0034195014913507293,-0.023638486862182617,-0.04397928714752197,-0.0018323516878240298,-0.013651907444000244,-0.06587904691696167,0.007049672754021685,-0.016282737255096436,-0.08806228637695312,-0.006385320349124868,-0.0119706392288208,-0.056380271911621094,-0.0026929695331432413,-0.010388016700744629,-0.040667831897735596,0.004507749324204724,0.0023093819618225098,-0.0642281174659729,0.0011924467808626105,-0.001287996768951416,-0.08177733421325684,-0.005345091240940292,0.0007233023643493652,-0.05917671322822571,-0.00026991441239943015,0.0020914673805236816,-0.04587024450302124,0.00616479709884743
2,0.0,0.0,0.0,-0.03170430660247803,-0.01087874174118042,-0.0035751590556571955,-0.05163353681564331,-0.03748062252998352,-0.0029143628715644354,-0.06216615438461304,-0.06953468918800354,-0.004459220967731881,-0.06041133403778076,-0.09369680285453796,-0.004231355204723286,-0.04316294193267822,-0.060754090547561646,0.016270152707107854,-0.04713141918182373,-0.08572900295257568,0.0048835942936023,-0.0404815673828125,-0.06325173377990723,-0.001961974944464373,-0.03780090808868408,-0.04976341128349304,-0.00423947168096106,-0.027873694896697998,-0.0641750693321228,0.013759421598621202,-0.03158366680145264,-0.08790674805641174,0.001660214336112631,-0.025731146335601807,-0.05638352036476135,-0.002000294910288858,-0.024535775184631348,-0.043802410364151,-0.0004827402234184319,-0.013074994087219238,-0.06498268246650696,0.008152880188532663,-0.016295135021209717,-0.08808329701423645,-0.005169259435973572,-0.012579083442687988,-0.05585789680480957,-0.001210460141777503,-0.011034727096557617,-0.04062390327453613,0.006198120717414213,0.0033869147300720215,-0.06279376149177551,0.0019960177079667574,-0.0006077885627746582,-0.08095178008079529,-0.00413893354638617,0.0002989768981933594,-0.05838784575462341,0.001270673186041904,0.0011801719665527344,-0.04522049427032471,0.007877650153346849
2,0.0,0.0,0.0,-0.03182727098464966,-0.010061800479888916,-0.0030174694870481744,-0.05249035358428955,-0.03586101531982422,-0.0020644447681377187,-0.0627015233039856,-0.06752622127532959,-0.0033886630003223672,-0.05983400344848633,-0.09048807621002197,-0.002972976715199138,-0.04344362020492554,-0.05923548340797424,0.01612254191107354,-0.04776734113693237,-0.0848323404788971,0.004812141004123305,-0.04082852602005005,-0.0623953640460968,-0.001960509401641275,-0.037960708141326904,-0.04831799864768982,-0.00418858224608698,-0.027890503406524658,-0.06344181299209595,0.013019965550967072,-0.0320931077003479,-0.08795568346977234,0.001072336392581974,-0.025735020637512207,-0.056253284215927124,-0.0023509247143636003,-0.024378418922424316,-0.04304814338684082,-0.0005798561646486178,-0.012902498245239258,-0.06456562876701355,0.006887333988316868,-0.016436874866485596,-0.08764243125915527,-0.006236886550567533,-0.012408137321472168,-0.05531775951385498,-0.0020484651354024663,-0.011088371276855469,-0.03991377353668213,0.005464397425868128,0.0037152767181396484,-0.06231778860092163,0.0002418118788511947,-0.0005116462707519531,-0.08020398020744324,-0.005854288992367174,0.0007748007774353027,-0.05718201398849487,-9.264584829793421e-05,0.0016478300094604492,-0.04404246807098389,0.0067185252524097905
2,0.0,0.0,0.0,-0.030652999877929688,-0.008325457572937012,-0.0037942926225582596,-0.05323833227157593,-0.035346269607543945,-0.0028422413685689207,-0.06486880779266357,-0.06599235534667969,-0.0036497695197681423,-0.06332415342330933,-0.08709421753883362,-0.002442294667787337,-0.045288681983947754,-0.06035342812538147,0.012779077811785555,-0.049983084201812744,-0.08624657988548279,0.000965366844241089,-0.04198777675628662,-0.06244295835494995,-0.005542171822241926,-0.03847920894622803,-0.0486750602722168,-0.0076005916868666645,-0.029549598693847656,-0.06462976336479187,0.010023832617946482,-0.03382277488708496,-0.08961856365203857,-0.001967119687549257,-0.026847004890441895,-0.05753403902053833,-0.0047398607072750565,-0.025750041007995605,-0.0454556941986084,-0.0027585496952156063,-0.014081597328186035,-0.06632661819458008,0.004337615164615727,-0.018001258373260498,-0.09019523859024048,-0.00888089526569047,-0.013459086418151855,-0.05756309628486633,-0.004147043620548629,-0.012148439884185791,-0.04271060228347778,0.0034438239584346775,0.002800881862640381,-0.0649692714214325,-0.0019136474526817437,-0.001799464225769043,-0.08182024955749512,-0.008579023816935205,-0.00012445449829101562,-0.05858314037322998,-0.003039797005556011,0.0008896589279174805,-0.046428024768829346,0.0035342372196396354
2,0.0,0.0,0.0,-0.0319632887840271,-0.010901451110839844,-0.004587744597671417,-0.052943289279937744,-0.035774827003479004,-0.003842361040739206,-0.06488728523254395,-0.06738659739494324,-0.004562361400900272,-0.06516015529632568,-0.09030276536941528,-0.002843546217633275,-0.04780244827270508,-0.0622859001159668,0.014288640346052262,-0.05233442783355713,-0.08716416358947754,0.001983124993415686,-0.04380828142166138,-0.06343433260917664,-0.005269327901629595,-0.04001152515411377,-0.0490565299987793,-0.007613322932598976,-0.031558871269226074,-0.06686985492706299,0.012410871449532124,-0.035631775856018066,-0.09081590175628662,0.0003403072456364953,-0.027662456035614014,-0.058187007904052734,-0.0026804348475764073,-0.026523888111114502,-0.04576766490936279,-0.000822246309695629,-0.01563549041748047,-0.06766679883003235,0.007395731050195309,-0.01921248435974121,-0.0902927815914154,-0.005684162259427694,-0.014284610748291016,-0.05798003077507019,-0.00041904693571837015,-0.012697339057922363,-0.043424904346466064,0.007613516643317553,0.0017635822296142578,-0.06482505798339844,0.0017120018579532825,-0.003268718719482422,-0.08219337463378906,-0.004272561755357174,-0.0013086795806884766,-0.059701234102249146,0.002072796223359319,1.2099742889404297e-05,-0.04876911640167236,0.009293027918459984
2,0.0,0.0,0.0,-0.03123563528060913,-0.0073050856590271,-0.005119890519239334,-0.05526250600814819,-0.034333229064941406,-0.0047039758272546806,-0.06774646043777466,-0.06800320744514465,-0.00598613273800197,-0.06326097249984741,-0.09205269813537598,-0.005086556621648697,-0.047610580921173096,-0.06249704957008362,0.013576800390325161,-0.0530543327331543,-0.08788126707077026,0.001272333939738246,-0.04517167806625366,-0.0635710060596466,-0.005430461917825369,-0.04138606786727905,-0.05067324638366699,-0.007524334904559282,-0.03141474723815918,-0.0665442943572998,0.011463767304263683,-0.03627043962478638,-0.09069356322288513,-0.0010302442450154103,-0.029245853424072266,-0.057142674922943115,-0.003818505755447177,-0.02793639898300171,-0.04604989290237427,-0.001612460436120955,-0.015417695045471191,-0.06797078251838684,0.006099907136700722,-0.019454896450042725,-0.09118902683258057,-0.007679949127890495,-0.015172481536865234,-0.05751127004623413,-0.0029965304628092326,-0.013519644737243652,-0.04342561960220337,0.004837784371517273,0.002041935920715332,-0.06649920344352722,6.523018342363684e-05,-0.00295335054397583,-0.08379492163658142,-0.0063636732146221675,-0.0011864304542541504,-0.06006866693496704,-0.000605212836347846,0.0005959272384643555,-0.04834944009780884,0.006248166705660196
2,0.0,0.0,0.0,-0.030595898628234863,-0.007030010223388672,-0.003899555458673376,-0.05467557907104492,-0.03600567579269409,-0.0032068065283681335,-0.06696295738220215,-0.06960242986679077,-0.004385988731854695,-0.06379514932632446,-0.09359768033027649,-0.003729579077088374,-0.0470653772354126,-0.06376528739929199,0.012289183176136476,-0.05213123559951782,-0.09002485871315002,0.0002647141427871702,-0.04448026418685913,-0.06638842821121216,-0.00627887345942213,-0.0398750901222229,-0.051921725273132324,-0.008197506927871245,-0.030860304832458496,-0.06767243146896362,0.009781236722147924,-0.035479962825775146,-0.09271559119224548,-0.0024953820193047704,-0.028447270393371582,-0.059689879417419434,-0.005164807234876889,-0.025502026081085205,-0.04606902599334717,-0.0029187126001204433,-0.014708757400512695,-0.06937167048454285,0.004365494436598283,-0.01908808946609497,-0.09366786479949951,-0.00881229065450384,-0.014486968517303467,-0.059730708599090576,-0.004124540408128041,-0.011663377285003662,-0.04351222515106201,0.0035892510404949007,0.002601325511932373,-0.06856068968772888,-0.0015999223487312975,-0.002291262149810791,-0.08692121505737305,-0.007828482464873332,-0.0006688833236694336,-0.06299048662185669,-0.002362171924659151,0.0014554858207702637,-0.05014598369598389,0.004183749164468509
2,0.0,0.0,0.0,-0.03279423713684082,-0.009916186332702637,-0.0033685256717603806,-0.05632251501083374,-0.03659772872924805,-0.002650212635273874,-0.06951028108596802,-0.07026529312133789,-0.004103126841584981,-0.06530672311782837,-0.09510356187820435,-0.0035023262249183063,-0.04768872261047363,-0.06441712379455566,0.01534465104435867,-0.053094565868377686,-0.09034529328346252,0.0031331254644442197,-0.0459444522857666,-0.06566423177719116,-0.003929954393754542,-0.04171222448348999,-0.0517767071723938,-0.00628875745366031,-0.03195512294769287,-0.0687570571899414,0.012542036921729505,-0.03733789920806885,-0.09375190734863281,0.00030024545361584387,-0.029988348484039307,-0.06006354093551636,-0.002595157734106124,-0.02704066038131714,-0.047410011291503906,-0.0005204017730306987,-0.015925824642181396,-0.07077428698539734,0.006647474692215383,-0.020938992500305176,-0.09482550621032715,-0.0063582993103068475,-0.016029298305511475,-0.06096428632736206,-0.001158064020785332,-0.012857317924499512,-0.045122742652893066,0.006955638156284749,0.0018729567527770996,-0.06948450207710266,0.00013830139454285018,-0.0038870573043823242,-0.08845806121826172,-0.005571490059594453,-0.002458035945892334,-0.06461548805236816,0.0005813588863361474,-0.0002949237823486328,-0.05175906419754028,0.007659083792020738
2,0.0,0.0,0.0,-0.03133612871170044,-0.006348669528961182,-0.003488057186785909,-0.055351078510284424,-0.03621017932891846,-0.002584444019902321,-0.06753498315811157,-0.07152384519577026,-0.0036769880782401287,-0.0642244815826416,-0.09631901979446411,-0.002916015345562073,-0.045203566551208496,-0.06519109010696411,0.012361163845326928,-0.05012655258178711,-0.09125974774360657,6.026397093705782e-05,-0.044958651065826416,-0.0647660493850708,-0.006460171552333804,-0.04050189256668091,-0.05063599348068237,-0.00849980990025756,-0.029437243938446045,-0.06868195533752441,0.009744660569396046,-0.035644352436065674,-0.09421861171722412,-0.002762608123902055,-0.03008204698562622,-0.05907243490219116,-0.004987694682512256,-0.025303125381469727,-0.046773314476013184,-0.0024769072290098393,-0.01344609260559082,-0.07049548625946045,0.0041724789087140834,-0.0192490816116333,-0.09589254856109619,-0.009026597613427612,-0.01596170663833618,-0.05994504690170288,-0.0034508562050348246,-0.011251389980316162,-0.043847620487213135,0.0048363475259805,0.003979384899139404,-0.07056981325149536,-0.0020002293269669735,-0.0025316476821899414,-0.0895647406578064,-0.007917475314769717,-0.0021941661834716797,-0.06419914960861206,-0.0020468741524553025,0.0012108087539672852,-0.051053643226623535,0.00470452207517269
2,0.0,0.0,0.0,-0.03140455484390259,-0.007255136966705322,-0.003540124032269887,-0.05502814054489136,-0.035871803760528564,-0.0033188490062912024,-0.0669448971748352,-0.07134705781936646,-0.0050429992709268845,-0.06321448087692261,-0.09663799405097961,-0.004782558638225964,-0.04285001754760742,-0.06566309928894043,0.010867778923739024,-0.04935562610626221,-0.0914248526096344,-0.0018099542805884994,-0.044446706771850586,-0.06388717889785767,-0.008484771694611482,-0.03924077749252319,-0.04939866065979004,-0.01067323538995879,-0.02750033140182495,-0.06928408145904541,0.008172224056352206,-0.03560119867324829,-0.09456712007522583,-0.004950916148345641,-0.03002709150314331,-0.0596882700920105,-0.007307601380716733,-0.02386152744293213,-0.047386765480041504,-0.004862828399609498,-0.0115242600440979,-0.0708315372467041,0.002684183199335166,-0.01939535140991211,-0.09667932987213135,-0.01058867036886113,-0.016246318817138672,-0.060936689376831055,-0.004418539568405322,-0.010557293891906738,-0.04470694065093994,0.00428783080019457,0.006083667278289795,-0.07023090124130249,-0.0034278307441582,-0.0026033520698547363,-0.08985158801078796,-0.00952120892293351,-0.0029854774475097656,-0.06490874290466309,-0.0034622219257016695,0.0010970234870910645,-0.05160444974899292,0.00350064971894426
2,0.0,0.0,0.0,-0.030983567237854004,-0.010536432266235352,-0.00404666992594116,-0.05402344465255737,-0.03941035270690918,-0.004543818298174074,-0.06502556800842285,-0.07280778884887695,-0.0069695340910982395,-0.061782658100128174,-0.09913933277130127,-0.007494244023604324,-0.038741886615753174,-0.06893068552017212,0.010020221818791697,-0.04648834466934204,-0.09268754720687866,-0.002407351506320765,-0.04236125946044922,-0.06454557180404663,-0.008687297578347852,-0.03665190935134888,-0.05069094896316528,-0.010586670364631345,-0.024061858654022217,-0.0720260739326477,0.007361816477583716,-0.03340351581573486,-0.09599044919013977,-0.005417417965276172,-0.028883397579193115,-0.06163322925567627,-0.007161279439372947,-0.021621525287628174,-0.05002087354660034,-0.004229886687738826,-0.008439183235168457,-0.07286882400512695,0.00184881931878067,-0.018052875995635986,-0.09837636351585388,-0.011638120512856176,-0.016037583351135254,-0.0632697343826294,-0.005637530467851093,-0.009597718715667725,-0.04734396934509277,0.0031205299334544634,0.008958756923675537,-0.07140320539474487,-0.0042791238496135975,-0.002162933349609375,-0.09114664793014526,-0.010967987354291608,-0.003883183002471924,-0.06686079502105713,-0.005164997416926553,0.0008062124252319336,-0.053075194358825684,0.0018446802884284352
2,0.0,0.0,0.0,-0.03144478797912598,-0.015381276607513428,-0.00205172844167123,-0.051811397075653076,-0.043996334075927734,-0.0024244283692098634,-0.06079798936843872,-0.07495665550231934,-0.005323732401535608,-0.058998703956604004,-0.10076659917831421,-0.006708835847035743,-0.033042192459106445,-0.07319897413253784,0.012357682325585984,-0.04290717840194702,-0.09491091966629028,0.00046145897189830976,-0.04027444124221802,-0.06732392311096191,-0.006106002386019327,-0.033898353576660156,-0.0535014271736145,-0.008202815092460014,-0.019334375858306885,-0.07503539323806763,0.008730247021361492,-0.030044376850128174,-0.09898015856742859,-0.004097481387958624,-0.02739548683166504,-0.06498599052429199,-0.007018062881485321,-0.019206464290618896,-0.05186706781387329,-0.0047307541960037724,-0.0041468143463134766,-0.07532286643981934,0.0025157726934992297,-0.01582998037338257,-0.10045051574707031,-0.010831679812923767,-0.01497030258178711,-0.06534254550933838,-0.005906027405814029,-0.00755077600479126,-0.04843240976333618,0.0023128936166756375,0.013404011726379395,-0.0735940933227539,-0.004090822431550123,-0.0011405348777770996,-0.09348997473716736,-0.010903522036329605,-0.0033504366874694824,-0.06965196132659912,-0.005435497629747488,0.0026382803916931152,-0.05531620979309082,0.001532447743869625
2,0.0,0.0,0.0,-0.030594825744628906,-0.016086816787719727,-0.0015795821435062862,-0.04826384782791138,-0.04543006420135498,-0.0018156010535790301,-0.055539727210998535,-0.07509642839431763,-0.004702792653745291,-0.058380067348480225,-0.10099583864212036,-0.0063449527713714815,-0.02847200632095337,-0.07708078622817993,0.012589821441167715,-0.0404239296913147,-0.09559771418571472,0.0008477701578044616,-0.038608670234680176,-0.06847089529037476,-0.006002042127704499,-0.03131091594696045,-0.05455273389816284,-0.008321857230669139,-0.015581309795379639,-0.07842499017715454,0.008708981646293523,-0.029029667377471924,-0.09953230619430542,-0.004329738357967017,-0.027227163314819336,-0.0655965805053711,-0.007793464383041737,-0.018150389194488525,-0.052353620529174805,-0.005827564431285737,-0.0011041760444641113,-0.07854288816452026,0.002315939951756718,-0.016004860401153564,-0.10130298137664795,-0.011324424447423098,-0.01564234495162964,-0.0663110613822937,-0.007478345801985142,-0.007132053375244141,-0.05001950263977051,1.0286725398600538e-05,0.015981733798980713,-0.07641053199768066,-0.004401339368826029,-0.0009270310401916504,-0.09348452091217041,-0.012129563989049075,-0.0034934282302856445,-0.06994998455047607,-0.007848762126570819,0.0034551024436950684,-0.05614817142486572,-0.0015649292961938954
2,0.0,0.0,0.0,-0.028762876987457275,-0.01926112174987793,1.969927376421765e-05,-0.044835686683654785,-0.04739278554916382,-0.000204629397046574,-0.05213761329650879,-0.0742914080619812,-0.003600987199604333,-0.05631530284881592,-0.10084682703018188,-0.0058285198769567614,-0.023255348205566406,-0.07981067895889282,0.014487225037157714,-0.037047386169433594,-0.09574151039123535,0.0021451210473628635,-0.035333454608917236,-0.06923067569732666,-0.005528295472174705,-0.027634859085083008,-0.055222272872924805,-0.008290795203208745,-0.011978566646575928,-0.079973965883255,0.009547122228980243,-0.027357518672943115,-0.09900644421577454,-0.004293454870492042,-0.025754332542419434,-0.06584197282791138,-0.00871810276424867,-0.016451358795166016,-0.05314081907272339,-0.007266018133520902,0.001340329647064209,-0.08012348413467407,0.0021244317163677806,-0.015589118003845215,-0.10003185272216797,-0.011826010946094812,-0.014665424823760986,-0.06606322526931763,-0.008755404096007169,-0.005126833915710449,-0.05202639102935791,-0.0017669009407086378,0.017700493335723877,-0.07820439338684082,-0.00551506463801843,-0.0011153817176818848,-0.09459537267684937,-0.013395807299673379,-0.0033078789710998535,-0.07087278366088867,-0.00923590880250913,0.0046732425689697266,-0.057611942291259766,-0.002913993377148927
2,0.0,0.0,0.0,-0.02850210666656494,-0.020396173000335693,0.0012751202680760798,-0.04355841875076294,-0.04848748445510864,0.0014892000122586069,-0.05015158653259277,-0.07441848516464233,-0.001710733084507865,-0.05454421043395996,-0.10073572397232056,-0.003861000214271826,-0.02208954095840454,-0.08066827058792114,0.015953632618732172,-0.03536933660507202,-0.09590908885002136,0.004189680411911922,-0.035005390644073486,-0.07029521465301514,-0.0032031572540631714,-0.027695119380950928,-0.05615365505218506,-0.005867300007992071,-0.010963976383209229,-0.0809268057346344,0.010498332406825739,-0.026349425315856934,-0.09919309616088867,-0.0032355393399825516,-0.026138603687286377,-0.06620800495147705,-0.007800816942506117,-0.01659756898880005,-0.05330771207809448,-0.006373723887406868,0.0021500587463378906,-0.08139631152153015,0.0026420420850286064,-0.015755891799926758,-0.0985133945941925,-0.011147049639873785,-0.015765905380249023,-0.0653429627418518,-0.008717278402798456,-0.005766153335571289,-0.052200913429260254,-0.0022163525340488377,0.017955482006072998,-0.07983812689781189,-0.005291006446384472,-0.0029333829879760742,-0.09325200319290161,-0.012810229708009047,-0.005064606666564941,-0.07031053304672241,-0.009073302533977312,0.00408780574798584,-0.05860954523086548,-0.0031414708705028715
2,0.0,0.0,0.0,-0.026957035064697266,-0.02103346586227417,0.0027356529029987087,-0.04041934013366699,-0.04898989200592041,0.003569959605016493,-0.045675039291381836,-0.07398253679275513,0.0007703956220268537,-0.04999309778213501,-0.09958431124687195,-0.0010853341660492788,-0.019187510013580322,-0.08086782693862915,0.016640676826142453,-0.03289151191711426,-0.09545400738716125,0.004650173418127679,-0.033093929290771484,-0.06925797462463379,-0.003231647715068675,-0.026105105876922607,-0.05413025617599487,-0.006119128141648389,-0.008740365505218506,-0.08088329434394836,0.010707247711621903,-0.02562159299850464,-0.09803977608680725,-0.003344143333009697,-0.02542489767074585,-0.06534987688064575,-0.008376519486404277,-0.01621723175048828,-0.05090373754501343,-0.007206013251192189,0.0035773515701293945,-0.08151614665985107,0.0025603067482791175,-0.016144871711730957,-0.09774237871170044,-0.011034717142678119,-0.01574617624282837,-0.06459879875183105,-0.008938757062054492,-0.005779623985290527,-0.0498424768447876,-0.0025941436757364045,0.01857149600982666,-0.08036848902702332,-0.005552877962685443,-0.0035602450370788574,-0.09283414483070374,-0.012980884231723167,-0.005177855491638184,-0.07069563865661621,-0.009531879156924106,0.0039601922035217285,-0.05876666307449341,-0.0036963746530034314
2,0.0,0.0,0.0,-0.024370193481445312,-0.021716177463531494,0.0019785696489691418,-0.03622758388519287,-0.04902482032775879,0.0019588977878868263,-0.04165661334991455,-0.07232612371444702,-0.0014537497341677863,-0.04542261362075806,-0.09752807021141052,-0.003609195133861931,-0.015656709671020508,-0.08067494630813599,0.014553956206697194,-0.030090749263763428,-0.0940699577331543,0.0014666290802836102,-0.03035801649093628,-0.06810110807418823,-0.006529009916079076,-0.023294448852539062,-0.05354022979736328,-0.009399824325186046,-0.006226003170013428,-0.08058127760887146,0.00865179438497421,-0.02505195140838623,-0.09580641984939575,-0.006447635140460761,-0.02461528778076172,-0.06277710199356079,-0.010867411751490863,-0.014601528644561768,-0.05018550157546997,-0.009197878200751575,0.005048394203186035,-0.08112293481826782,0.0003889036737803053,-0.016484379768371582,-0.0947430431842804,-0.014304237920981677,-0.01572209596633911,-0.06230902671813965,-0.011803272661012443,-0.004703044891357422,-0.050052523612976074,-0.005050662920069726,0.018484890460968018,-0.07992357015609741,-0.007919542040866645,-0.004669904708862305,-0.09074366092681885,-0.016320498209637435,-0.006404876708984375,-0.06871658563613892,-0.013089692700845035,0.002856433391571045,-0.05731832981109619,-0.007275890574049981
2,0.0,0.0,0.0,-0.023697614669799805,-0.02187591791152954,0.0021633589169596235,-0.033063411712646484,-0.04992794990539551,0.0023098741187368432,-0.03683769702911377,-0.07415497303009033,-0.0010322314226414164,-0.04030025005340576,-0.09955629706382751,-0.0031647815374071797,-0.010303020477294922,-0.08143523335456848,0.016031376737601022,-0.025021612644195557,-0.094340980052948,0.0035722876893942157,-0.026642680168151855,-0.06915086507797241,-0.0041743217041130265,-0.020115792751312256,-0.05395084619522095,-0.007091101073228856,-0.0007303357124328613,-0.08247888088226318,0.00985552994484351,-0.020989298820495605,-0.09684714674949646,-0.004814349394791861,-0.022085845470428467,-0.06392812728881836,-0.00927494401162221,-0.012129366397857666,-0.050576210021972656,-0.007741847821080228,0.009900033473968506,-0.08308351039886475,0.001253447331919233,-0.013759255409240723,-0.09523272514343262,-0.013197737094515105,-0.014333903789520264,-0.06307590007781982,-0.010957874637597342,-0.0033130645751953125,-0.05045473575592041,-0.004523292463773032,0.021612346172332764,-0.08139139413833618,-0.007455418166273375,-0.003054976463317871,-0.09029650688171387,-0.0161850809124644,-0.005088508129119873,-0.06906861066818237,-0.01359755201315238,0.004625797271728516,-0.057855844497680664,-0.008277330827468177
2,0.0,0.0,0.0,-0.021785855293273926,-0.022356748580932617,0.0014238431449768996,-0.03127175569534302,-0.050631701946258545,0.000761064931822375,-0.035521507263183594,-0.0740063488483429,-0.003117387126593485,-0.03746438026428223,-0.0991010069847107,-0.005505485170914426,-0.006589651107788086,-0.08507552742958069,0.014701345759050355,-0.023483455181121826,-0.09606659412384033,0.0016018563747195458,-0.02587711811065674,-0.07048541307449341,-0.006431463816596761,-0.019611358642578125,-0.05517148971557617,-0.009437554692311778,0.002133190631866455,-0.08570858836174011,0.008858656334297166,-0.02023380994796753,-0.09769168496131897,-0.0062883432856040145,-0.02251678705215454,-0.06459516286849976,-0.010414191698117747,-0.012887775897979736,-0.05205315351486206,-0.008573276167197719,0.01174473762512207,-0.08550518751144409,0.0005271480750081992,-0.013688147068023682,-0.09498792886734009,-0.014236001474245086,-0.015360414981842041,-0.06280308961868286,-0.011610671122951999,-0.004794120788574219,-0.05102783441543579,-0.004941080873294368,0.021836161613464355,-0.08250600099563599,-0.008030093451424136,-0.004227817058563232,-0.08964887261390686,-0.016901704659147754,-0.006804823875427246,-0.06793969869613647,-0.014311408800466552,0.0026407241821289062,-0.05730116367340088,-0.008912913677676215
2,0.0,0.0,0.0,-0.021600961685180664,-0.02521979808807373,0.0017126631871917652,-0.029689252376556396,-0.055199384689331055,0.0012252571475812601,-0.03324723243713379,-0.0776374340057373,-0.0024498108825525833,-0.03542435169219971,-0.10227957367897034,-0.004240374458476026,-0.00256502628326416,-0.08878037333488464,0.015201498842344563,-0.022435128688812256,-0.09980809688568115,0.001312949549884479,-0.02359861135482788,-0.07517817616462708,-0.007722642184688766,-0.01615297794342041,-0.06046265363693237,-0.011273289942636211,0.004599630832672119,-0.08938142657279968,0.009090638807521145,-0.02048623561859131,-0.1012633740901947,-0.006733278655900676,-0.021404385566711426,-0.06927019357681274,-0.011427484364702423,-0.010986089706420898,-0.05756866931915283,-0.009694698178662975,0.012622833251953125,-0.08986043930053711,0.0004715811526523339,-0.015281498432159424,-0.09868431091308594,-0.013996110209717472,-0.015825092792510986,-0.0674789547920227,-0.01128190188248368,-0.004521489143371582,-0.05689549446105957,-0.004556907718523462,0.020968496799468994,-0.08735907077789307,-0.008528456935181339,-0.0065073370933532715,-0.09297001361846924,-0.017006686800613124,-0.007504522800445557,-0.0711326003074646,-0.014191733585192878,0.0028574466705322266,-0.06103569269180298,-0.008518423797085006
2,0.0,0.0,0.0,-0.02214282751083374,-0.02783292531967163,0.0028399922608173256,-0.030758023262023926,-0.055944979190826416,0.0021370562913602953,-0.03545665740966797,-0.07870668172836304,-0.002282627187412345,-0.03711342811584473,-0.10441726446151733,-0.005070787416514122,-0.003239929676055908,-0.0891994833946228,0.017454799236986673,-0.02439779043197632,-0.10138899087905884,0.0030766853320187693,-0.025784790515899658,-0.0772516131401062,-0.007303948076184952,-0.018418610095977783,-0.05972325801849365,-0.011652769548561537,0.0038084983825683594,-0.09010756015777588,0.010477950768802202,-0.02409297227859497,-0.1025913655757904,-0.006541296867396795,-0.024558961391448975,-0.07082986831665039,-0.013422258225944006,-0.01443403959274292,-0.05507171154022217,-0.012799830203618967,0.01149284839630127,-0.09110674262046814,0.001072046319279707,-0.019518792629241943,-0.0991564691066742,-0.013547703651454412,-0.018547773361206055,-0.06816917657852173,-0.012334868339564764,-0.0069866180419921875,-0.05461585521697998,-0.006380943143483364,0.0191117525100708,-0.08893153071403503,-0.008671979447569811,-0.011110126972198486,-0.09431058168411255,-0.016770005253818,-0.010725319385528564,-0.07272011041641235,-0.01437121353086468,0.00010013580322265625,-0.06157940626144409,-0.008905706954863035
2,0.0,0.0,0.0,-0.022778570652008057,-0.029630720615386963,0.003500605876325835,-0.030830681324005127,-0.05821347236633301,0.0032196661352656974,-0.03463101387023926,-0.08077996969223022,-0.0009175763104565249,-0.03714662790298462,-0.10633787512779236,-0.003434508164644967,-0.0038349032402038574,-0.09187871217727661,0.018268016808434595,-0.02713865041732788,-0.10233005881309509,0.0034180278319411173,-0.028123021125793457,-0.0773884654045105,-0.00730209780041946,-0.020574867725372314,-0.05976712703704834,-0.011666365257696043,0.003949403762817383,-0.09274116158485413,0.010883525655373205,-0.026189029216766357,-0.10242843627929688,-0.006300418927565943,-0.02614724636077881,-0.07068252563476562,-0.013346678867236506,-0.01589179039001465,-0.05555570125579834,-0.012809889680937658,0.011836588382720947,-0.09328827261924744,0.0010432890278764262,-0.021307408809661865,-0.0984436571598053,-0.013836928933159243,-0.019395291805267334,-0.06782490015029907,-0.012788508377269636,-0.007263481616973877,-0.05521625280380249,-0.006876845668301712,0.01902174949645996,-0.09061744809150696,-0.009104756928280722,-0.012433111667633057,-0.09473368525505066,-0.01734579383511914,-0.01132965087890625,-0.07336348295211792,-0.01491844403673781,-0.00019043684005737305,-0.0627545714378357,-0.009322556956902872
2,0.0,0.0,0.0,-0.023358285427093506,-0.030615389347076416,0.004121636434632592,-0.03152787685394287,-0.05890434980392456,0.0038089902821809574,-0.0361177921295166,-0.08068650960922241,-0.0002585508179038243,-0.03951174020767212,-0.10592538118362427,-0.002850988718506642,-0.003722548484802246,-0.09454753994941711,0.017652922704058938,-0.03009927272796631,-0.10238751769065857,0.0035750613763809724,-0.031026601791381836,-0.0772218108177185,-0.006986611594271608,-0.022388756275177002,-0.06124544143676758,-0.011735033781093307,0.004090726375579834,-0.09511968493461609,0.009973729423421673,-0.029139220714569092,-0.10172975063323975,-0.006517359592777439,-0.02888178825378418,-0.0699012279510498,-0.013441780187946506,-0.018413960933685303,-0.05512237548828125,-0.013291994646948524,0.011719942092895508,-0.09454891085624695,0.00011183676664927589,-0.024432241916656494,-0.09724545478820801,-0.013715334773820587,-0.0225183367729187,-0.06607985496520996,-0.012278746419411846,-0.010691821575164795,-0.053446412086486816,-0.006688238193106599,0.01839691400527954,-0.09009462594985962,-0.010078395322722145,-0.015927135944366455,-0.09169614315032959,-0.0181087465740859,-0.014598190784454346,-0.06959986686706543,-0.015801752523344703,-0.0034165382385253906,-0.0590205192565918,-0.010507925019425102
2,0.0,0.0,0.0,-0.02363455295562744,-0.028243303298950195,0.0030577465828969252,-0.03166455030441284,-0.057082414627075195,0.0020115393151058925,-0.03619629144668579,-0.07994344830513,-0.0025424550815955627,-0.03984642028808594,-0.10602527856826782,-0.005391891912324809,-0.0008969306945800781,-0.09388241171836853,0.01582326473970852,-0.029630422592163086,-0.1018337607383728,0.001029349647694744,-0.02994072437286377,-0.07625430822372437,-0.00959345685015478,-0.020376265048980713,-0.059829115867614746,-0.014234226063592814,0.006589055061340332,-0.09436249732971191,0.008387602067784883,-0.029464662075042725,-0.1009836494922638,-0.008581464976771258,-0.028334081172943115,-0.06938564777374268,-0.015080055088503741,-0.01737189292907715,-0.05503624677658081,-0.01464892444829502,0.012909650802612305,-0.09386751055717468,-0.0013635947664738524,-0.025772690773010254,-0.09653231501579285,-0.0155213287628726,-0.02313077449798584,-0.06566661596298218,-0.01381357932160654,-0.010878026485443115,-0.053582608699798584,-0.008093593508704089,0.017330527305603027,-0.0899868905544281,-0.011573920824332617,-0.01880592107772827,-0.09056687355041504,-0.019975145214004897,-0.017129480838775635,-0.06860941648483276,-0.017979609646602057,-0.0058296918869018555,-0.05832916498184204,-0.012941018544836425
2,0.0,0.0,0.0,-0.023469626903533936,-0.026816725730895996,0.0030397302964217943,-0.030918896198272705,-0.05629783868789673,0.002273521202567963,-0.0351409912109375,-0.07882213592529297,-0.0017573732855282742,-0.039009928703308105,-0.10424023866653442,-0.00419072801904008,-0.0006164908409118652,-0.09173601865768433,0.014972705443341283,-0.028655707836151123,-0.10051724314689636,0.0003442135841567051,-0.02924257516860962,-0.076008141040802,-0.010286437298219653,-0.020337700843811035,-0.058555781841278076,-0.014904897610705348,0.006539583206176758,-0.09258770942687988,0.008044914391774682,-0.02893233299255371,-0.10020875930786133,-0.008530036496978255,-0.02889418601989746,-0.06972229480743408,-0.01501080761389062,-0.01854771375656128,-0.05433666706085205,-0.014682553659241648,0.012275159358978271,-0.09227079153060913,-0.0011000417378284055,-0.02605372667312622,-0.09600281715393066,-0.015086618202786894,-0.02433466911315918,-0.06584030389785767,-0.013708783264320346,-0.012368857860565186,-0.05327188968658447,-0.008364201474051924,0.015808820724487305,-0.08881482481956482,-0.010644743169706317,-0.019415199756622314,-0.08932453393936157,-0.019187374922495337,-0.018442094326019287,-0.067111074924469,-0.017619992557030173,-0.007519721984863281,-0.05679541826248169,-0.012998779255013915
2,0.0,0.0,0.0,-0.023376166820526123,-0.026112914085388184,0.0018248071633024665,-0.029947221279144287,-0.057142436504364014,0.0010075486702589842,-0.034797489643096924,-0.08022582530975342,-0.0023521242924289254,-0.040116965770721436,-0.10586321353912354,-0.0037206206266091613,0.0018541812896728516,-0.09390980005264282,0.012666916727994249,-0.02930992841720581,-0.1019553542137146,-0.001867954598765209,-0.02970987558364868,-0.07681137323379517,-0.01246507533642216,-0.020698368549346924,-0.061067283153533936,-0.01724991456421776,0.008428692817687988,-0.0945824682712555,0.0066388643085701915,-0.03016674518585205,-0.10118842124938965,-0.009536826729799941,-0.028745651245117188,-0.07029849290847778,-0.01577192240210934,-0.017793774604797363,-0.05671238899230957,-0.015658138997878268,0.013024330139160156,-0.0937340259552002,-0.001475102014865115,-0.028026103973388672,-0.09611529111862183,-0.014679239809538558,-0.02509140968322754,-0.06564140319824219,-0.012964038856353,-0.012482225894927979,-0.05426257848739624,-0.007962211713220313,0.014518141746520996,-0.0900876522064209,-0.010143725879515841,-0.02187967300415039,-0.08994126319885254,-0.018538281999553874,-0.020185232162475586,-0.0672839879989624,-0.017131083391632274,-0.008678734302520752,-0.05768382549285889,-0.012835122391607001
2,0.0,0.0,0.0,-0.022817254066467285,-0.029177308082580566,0.003109801257522804,-0.02834177017211914,-0.05792444944381714,0.0018969261315930908,-0.0341106653213501,-0.08075004816055298,-0.0021963220326881583,-0.039455294609069824,-0.10665518045425415,-0.004624498845515745,0.008281886577606201,-0.09456467628479004,0.01364822003480981,-0.026613354682922363,-0.10276895761489868,0.000511656095767421,-0.02837550640106201,-0.07675361633300781,-0.00990811579438855,-0.020538330078125,-0.058717429637908936,-0.014806347270933884,0.013681411743164062,-0.09605655074119568,0.007014499674113495,-0.029152393341064453,-0.10323390364646912,-0.007214756519971388,-0.029628634452819824,-0.07244473695755005,-0.013619264890877503,-0.02004408836364746,-0.05580449104309082,-0.01423220087352206,0.01593250036239624,-0.09472969174385071,-0.0013628284916933353,-0.028380393981933594,-0.09842678904533386,-0.012890303810564774,-0.0269811749458313,-0.06795334815979004,-0.011471711402265328,-0.015199065208435059,-0.05415159463882446,-0.007201298443106907,0.014258205890655518,-0.08972471952438354,-0.010176115972427624,-0.023194551467895508,-0.09042617678642273,-0.01746689465406348,-0.02237117290496826,-0.06793415546417236,-0.01594772499564101,-0.01128453016281128,-0.056488037109375,-0.01192274999382903
2,0.0,0.0,0.0,-0.023044466972351074,-0.030192971229553223,0.002238301896085204,-0.029221951961517334,-0.05968362092971802,0.0007872707076046481,-0.03478598594665527,-0.08297592401504517,-0.003351578851635395,-0.03926384449005127,-0.10949510335922241,-0.005717503036777316,0.005482912063598633,-0.09633457660675049,0.013362373561193408,-0.027953505516052246,-0.105181485414505,0.00035378323920554067,-0.029323816299438477,-0.07917118072509766,-0.010013035162756978,-0.02064824104309082,-0.062106966972351074,-0.015121702700326978,0.011820018291473389,-0.09786015748977661,0.007204428185303868,-0.029553771018981934,-0.10460463166236877,-0.006498978137443601,-0.029889822006225586,-0.07492303848266602,-0.012499019167790948,-0.019729793071746826,-0.0604056715965271,-0.013250981121728955,0.015357494354248047,-0.0964096188545227,-0.0008348114922966943,-0.02777731418609619,-0.09981060028076172,-0.011849683373640119,-0.026401042938232422,-0.07026267051696777,-0.010072643532822667,-0.014383792877197266,-0.05753058195114136,-0.00596583554468566,0.014998674392700195,-0.0913257896900177,-0.009497276171515523,-0.022321701049804688,-0.09201449155807495,-0.016447771936128674,-0.021830856800079346,-0.06960606575012207,-0.014744027181933461,-0.011111855506896973,-0.05813562870025635,-0.010802990421126424
2,0.0,0.0,0.0,-0.021908819675445557,-0.029303133487701416,0.0012555831861789102,-0.02788257598876953,-0.05812150239944458,-0.0005471754185748523,-0.03333693742752075,-0.08123695850372314,-0.004974717571855081,-0.03850477933883667,-0.10785704851150513,-0.007739694155276311,0.00259554386138916,-0.09395623207092285,0.012231229506909358,-0.02728933095932007,-0.10350459814071655,-0.0015345543571640974,-0.029535531997680664,-0.07874739170074463,-0.01220538776320268,-0.02221757173538208,-0.05993068218231201,-0.017182163260400785,0.009320855140686035,-0.09561574459075928,0.006652062926917779,-0.028696656227111816,-0.10355129837989807,-0.008189102932334436,-0.03010934591293335,-0.07322812080383301,-0.014674705750763906,-0.020738303661346436,-0.05693155527114868,-0.015102659649670613,0.014547765254974365,-0.09485095739364624,-0.0008908714582105404,-0.026343882083892822,-0.09868624806404114,-0.013492675795674813,-0.02601945400238037,-0.06877928972244263,-0.01238264173221637,-0.014590740203857422,-0.0546146035194397,-0.007803051098704827,0.01691645383834839,-0.09042280912399292,-0.008987197018683446,-0.0194280743598938,-0.09162023663520813,-0.016843735537946714,-0.020298361778259277,-0.06963717937469482,-0.01521512057584573,-0.01092076301574707,-0.05714285373687744,-0.0108210894460683
2,0.0,0.0,0.0,-0.0225716233253479,-0.02858126163482666,0.001132049847313965,-0.02823537588119507,-0.0588604211807251,0.0003489635294897653,-0.032909929752349854,-0.0822594165802002,-0.0030403515389991753,-0.03796964883804321,-0.10790050029754639,-0.004508900090200996,0.0010497570037841797,-0.0938718318939209,0.013596278981225396,-0.029053807258605957,-0.10384082794189453,-0.0003063272285146468,-0.03053051233291626,-0.07890462875366211,-0.010592586926264858,-0.021722376346588135,-0.06170451641082764,-0.015155247046692466,0.008431017398834229,-0.09529054164886475,0.008250876695768739,-0.0288962721824646,-0.10369214415550232,-0.006626249856395816,-0.029473185539245605,-0.07409203052520752,-0.012585406757040118,-0.018636882305145264,-0.05988842248916626,-0.012503938383503055,0.014185607433319092,-0.09476658701896667,0.0006820266883948989,-0.025869786739349365,-0.09926798939704895,-0.012333813688798045,-0.025624990463256836,-0.06966471672058105,-0.011084210692985152,-0.013151049613952637,-0.05734163522720337,-0.00625993274812231,0.01714468002319336,-0.09098246693611145,-0.007482576749367809,-0.018626749515533447,-0.09259697794914246,-0.015756209946317767,-0.019710004329681396,-0.07022440433502197,-0.014388015127821063,-0.009540140628814697,-0.0586276650428772,-0.010084800056262111
2,0.0,0.0,0.0,-0.021946191787719727,-0.029947519302368164,0.0023094971123214236,-0.0273592472076416,-0.06011843681335449,0.001366705649445521,-0.03216850757598877,-0.08361631631851196,-0.002497717140329314,-0.03764522075653076,-0.10843870043754578,-0.004414327543315721,0.0017719268798828125,-0.09447798132896423,0.013201906710776257,-0.03092062473297119,-0.10461235046386719,-0.00173084133592738,-0.031018197536468506,-0.07784092426300049,-0.012219337381509376,-0.020853161811828613,-0.06164032220840454,-0.016632604047742916,0.009403526782989502,-0.0957258939743042,0.007195649567904638,-0.03043884038925171,-0.10343927145004272,-0.008297263279644085,-0.029849112033843994,-0.07234466075897217,-0.013689247526315285,-0.018195688724517822,-0.059146106243133545,-0.013187856048432423,0.015104353427886963,-0.09511417150497437,-0.0009320737869416007,-0.026517927646636963,-0.09967038035392761,-0.014138651646760536,-0.02595376968383789,-0.06879037618637085,-0.011846554100600315,-0.013453900814056396,-0.05660897493362427,-0.006333685115066601,0.017815053462982178,-0.0915030837059021,-0.009580200173047615,-0.018300652503967285,-0.09222140908241272,-0.017692419335332943,-0.019479811191558838,-0.06946659088134766,-0.015816772922960354,-0.009378135204315186,-0.05798530578613281,-0.01117536016562326
2,0.0,0.0,0.0,-0.020552873611450195,-0.028923869132995605,0.0018133336804169176,-0.026642262935638428,-0.05995595455169678,0.00044134564328146553,-0.03356581926345825,-0.08310818672180176,-0.003498910843831027,-0.038677990436553955,-0.10890960693359375,-0.005495276685309136,0.0070656538009643555,-0.09654101729393005,0.012268254150200164,-0.027706503868103027,-0.10534104704856873,-0.002071698579442227,-0.029123961925506592,-0.07958924770355225,-0.012738944414508069,-0.020141243934631348,-0.06274354457855225,-0.01749250331099006,0.013274133205413818,-0.09677106142044067,0.00650188893874315,-0.029153406620025635,-0.10520851612091064,-0.00838632361168834,-0.02974790334701538,-0.07478433847427368,-0.014263846363377297,-0.019023656845092773,-0.05966275930404663,-0.01440311727250787,0.016262948513031006,-0.09537604451179504,-0.0012541745430496576,-0.027064621448516846,-0.10141083598136902,-0.01364506074364158,-0.02697986364364624,-0.07170438766479492,-0.01182002146865102,-0.015336394309997559,-0.05830508470535278,-0.007042074493568862,0.015425264835357666,-0.0911630392074585,-0.00950127040172788,-0.02057403326034546,-0.09368214011192322,-0.017401874448609078,-0.021870195865631104,-0.07094722986221313,-0.015799515332531655,-0.012141168117523193,-0.058947086334228516,-0.011529217857372487
2,0.0,0.0,0.0,-0.021701514720916748,-0.02996879816055298,0.0013068483761173866,-0.028898417949676514,-0.060316622257232666,0.0003012237514496974,-0.0350072979927063,-0.08414030075073242,-0.0033253765347751596,-0.03845322132110596,-0.10946968197822571,-0.004983792422279976,0.003516077995300293,-0.09622818231582642,0.014178813559993841,-0.0282554030418396,-0.10619664192199707,0.001171280638374128,-0.029874205589294434,-0.0808420181274414,-0.008384148465410135,-0.020884692668914795,-0.0652816891670227,-0.01269135332287874,0.010658979415893555,-0.09696090221405029,0.008717564059480765,-0.028106629848480225,-0.10515305399894714,-0.004855307159886024,-0.02939438819885254,-0.07579052448272705,-0.009953531311765573,-0.018720686435699463,-0.06318521499633789,-0.009751243391946218,0.015071988105773926,-0.09581577777862549,0.0010160685135645053,-0.0250510573387146,-0.10104420781135559,-0.011142805093840025,-0.026066124439239502,-0.07198226451873779,-0.009365761527732275,-0.014527976512908936,-0.060491859912872314,-0.00461848533333864,0.015827834606170654,-0.09165063500404358,-0.00725678388582196,-0.019398927688598633,-0.09465736150741577,-0.01529316871048536,-0.021246612071990967,-0.07180428504943848,-0.013847446875587366,-0.011600255966186523,-0.06006503105163574,-0.009690437341049574
2,0.0,0.0,0.0,-0.02149718999862671,-0.030845701694488525,0.0033692434345482525,-0.028141677379608154,-0.059542953968048096,0.002940873001620048,-0.034274935722351074,-0.08168047666549683,-0.0007674704274052147,-0.03729754686355591,-0.10721850395202637,-0.003087777326896912,-0.0018157958984375,-0.09320923686027527,0.01660461080345499,-0.026485919952392578,-0.10444357991218567,0.004459867804229134,-0.029232382774353027,-0.0817822813987732,-0.005092509937554723,-0.022701144218444824,-0.06397372484207153,-0.009378112767905122,0.00613093376159668,-0.0938299298286438,0.0103254700926243,-0.02561718225479126,-0.10409003496170044,-0.002981567437842614,-0.027810394763946533,-0.0749732255935669,-0.009077382189303762,-0.018972337245941162,-0.059104204177856445,-0.009245593016117937,0.012841343879699707,-0.09280002117156982,0.0020227176983951267,-0.022406280040740967,-0.09871754050254822,-0.009904745881527788,-0.02332329750061035,-0.06981134414672852,-0.009311595846980936,-0.013026118278503418,-0.055652618408203125,-0.004957043481141454,0.017079591751098633,-0.08850681781768799,-0.006561780263751871,-0.015920400619506836,-0.09146323800086975,-0.013805108060211069,-0.01789146661758423,-0.06944948434829712,-0.012312482026487714,-0.009492158889770508,-0.056867361068725586,-0.008164675821632272
2,0.0,0.0,0.0,-0.021474897861480713,-0.02907353639602661,0.00286085877095843,-0.02818584442138672,-0.05930107831954956,0.0024541204003014627,-0.033753812313079834,-0.08268511295318604,-0.001081683123544508,-0.03826779127120972,-0.10853570699691772,-0.0030745335715494093,-0.001925051212310791,-0.09418380260467529,0.015195126612610466,-0.027818918228149414,-0.10394296050071716,0.0020019083422937456,-0.030212998390197754,-0.08069181442260742,-0.007923294822745675,-0.02277153730392456,-0.06372678279876709,-0.012233452904098385,0.005875706672668457,-0.09449398517608643,0.009044295144207126,-0.027159929275512695,-0.10296311974525452,-0.004515135227762812,-0.029430091381072998,-0.07477110624313354,-0.010018030214183682,-0.019706249237060547,-0.06075936555862427,-0.009979917700462693,0.012416303157806396,-0.0930778980255127,0.0007418336718671981,-0.02298104763031006,-0.09883454442024231,-0.011021515387170666,-0.024953603744506836,-0.07121604681015015,-0.009360974687211865,-0.014333248138427734,-0.05841517448425293,-0.004461790002011412,0.016843080520629883,-0.08866637945175171,-0.008003374594323986,-0.015681982040405273,-0.09260505437850952,-0.01488029680686509,-0.01848822832107544,-0.07222914695739746,-0.012761592897646779,-0.009983658790588379,-0.060224950313568115,-0.00821725654887473
2,0.0,0.0,0.0,-0.021738827228546143,-0.026596665382385254,0.0028667020472425975,-0.028508365154266357,-0.057633399963378906,0.0029986457760173835,-0.03370553255081177,-0.08144903182983398,0.00020432132652103974,-0.038018226623535156,-0.10758116841316223,-0.0012699302657779299,-0.0034049153327941895,-0.09279391169548035,0.015035613798602299,-0.027248501777648926,-0.10325607657432556,0.003326718122764305,-0.030645668506622314,-0.08059078454971313,-0.005739736012117191,-0.025182068347930908,-0.06297636032104492,-0.009726053676502033,0.004818320274353027,-0.09392258524894714,0.009277821877105907,-0.025764882564544678,-0.10291579365730286,-0.0030995920439522706,-0.028589069843292236,-0.07449966669082642,-0.00857547727872543,-0.020464599132537842,-0.058757126331329346,-0.008679484589890762,0.011896908283233643,-0.0930413007736206,0.001587077635406331,-0.02164214849472046,-0.09844812750816345,-0.009727405956880375,-0.023570358753204346,-0.06988507509231567,-0.00870154482771568,-0.014083027839660645,-0.05551725625991821,-0.004263599044577404,0.01703256368637085,-0.08909127116203308,-0.006399706113086268,-0.014821290969848633,-0.09184440970420837,-0.013364863223330303,-0.017933666706085205,-0.07006704807281494,-0.011540747820333763,-0.010482430458068848,-0.057313621044158936,-0.007231687302635237
2,0.0,0.0,0.0,-0.022015094757080078,-0.027801811695098877,0.0015308608395798728,-0.029324471950531006,-0.057487428188323975,0.00041027040936114645,-0.03462624549865723,-0.08114850521087646,-0.0034971506705687716,-0.03798329830169678,-0.10759773850440979,-0.005856479927729197,-0.0015761852264404297,-0.09322267770767212,0.013444154579360656,-0.02692312002182007,-0.10273653268814087,0.00041545150236288464,-0.030124008655548096,-0.07872134447097778,-0.009104104656557865,-0.023572802543640137,-0.060857534408569336,-0.013184246551077194,0.007042348384857178,-0.09397643804550171,0.007927430849690609,-0.02545851469039917,-0.10288450121879578,-0.005715418085287638,-0.028127431869506836,-0.07279878854751587,-0.010848719570617504,-0.018369853496551514,-0.058320462703704834,-0.010391827616672344,0.014149129390716553,-0.09269332885742188,0.0002421118530264721,-0.02118927240371704,-0.09873425960540771,-0.012078911941330261,-0.02325451374053955,-0.06968992948532104,-0.010345628429035969,-0.012514770030975342,-0.05679512023925781,-0.005178543217311926,0.01886904239654541,-0.08793812990188599,-0.00788625976053936,-0.01386040449142456,-0.0912216305732727,-0.01545748854039175,-0.016916275024414062,-0.06984984874725342,-0.013406473155896492,-0.008290767669677734,-0.05778813362121582,-0.008716434184293576
2,0.0,0.0,0.0,-0.020306885242462158,-0.02704441547393799,0.0010882761550590203,-0.027337968349456787,-0.05657768249511719,-6.661146588271549e-05,-0.03285950422286987,-0.07928347587585449,-0.003889316926944275,-0.036618173122406006,-0.10489130020141602,-0.006211780711311121,-0.0008065700531005859,-0.09251436591148376,0.012711914487880449,-0.025596320629119873,-0.10196444392204285,0.00015163971576725999,-0.029577910900115967,-0.07886284589767456,-0.00883867940981986,-0.023707687854766846,-0.062364399433135986,-0.012691692217487116,0.0073539018630981445,-0.09247040748596191,0.007416889303129892,-0.023903965950012207,-0.10150027275085449,-0.006049798569875975,-0.027322590351104736,-0.07293480634689331,-0.011068983703154345,-0.019080698490142822,-0.05897122621536255,-0.010650084122318049,0.01431971788406372,-0.09044992923736572,1.031991243394259e-05,-0.01995682716369629,-0.09707987308502197,-0.012441032334464808,-0.02223879098892212,-0.06876891851425171,-0.010962234578329344,-0.012499451637268066,-0.055669426918029785,-0.0059761444584012224,0.019265413284301758,-0.08528980612754822,-0.0078016610362112715,-0.013009488582611084,-0.09037643671035767,-0.01585855125566127,-0.01619011163711548,-0.0696294903755188,-0.01409621979226472,-0.008458912372589111,-0.057085275650024414,-0.009542667075294275
2,0.0,0.0,0.0,-0.02197444438934326,-0.026832878589630127,0.0011191519300268737,-0.02944493293762207,-0.05666607618331909,-0.00013181500224845877,-0.034579694271087646,-0.07935261726379395,-0.004060504390224651,-0.03841155767440796,-0.10510432720184326,-0.006283143898770049,-0.0009021162986755371,-0.09103867411613464,0.012928964672312304,-0.027047455310821533,-0.10123619437217712,-0.0004718288398066761,-0.028974831104278564,-0.07696598768234253,-0.009786749156489805,-0.021362602710723877,-0.060247600078582764,-0.013719777474477723,0.007317841053009033,-0.0912947952747345,0.007471159668341443,-0.02503722906112671,-0.10108238458633423,-0.00696038537688537,-0.026884913444519043,-0.07180386781692505,-0.011983339572623208,-0.016944408416748047,-0.058667659759521484,-0.011407325873449281,0.01380985975265503,-0.08965158462524414,-0.0002343004450153785,-0.021267950534820557,-0.09642982482910156,-0.01311254863657041,-0.02263575792312622,-0.06779289245605469,-0.011061419630721048,-0.011526286602020264,-0.05665808916091919,-0.005788549213036731,0.017666339874267578,-0.08506932854652405,-0.008371825227811769,-0.01519078016281128,-0.08931487798690796,-0.01621734899498506,-0.016901791095733643,-0.06798678636550903,-0.014051222140267328,-0.007027149200439453,-0.05743551254272461,-0.009404379772320226
2,0.0,0.0,0.0,-0.02061384916305542,-0.027730107307434082,0.0018817871989540436,-0.027500808238983154,-0.056639671325683594,0.0010559064050994493,-0.03263735771179199,-0.07836270332336426,-0.002550700335405054,-0.036591291427612305,-0.1029539704322815,-0.004700447787172379,-0.0011177659034729004,-0.09056872129440308,0.013074939250373063,-0.02607583999633789,-0.0992872416973114,0.0005436666490368225,-0.02820122241973877,-0.07502800226211548,-0.008390348293460193,-0.020522594451904297,-0.05998992919921875,-0.012360404134369674,0.007502853870391846,-0.09027332067489624,0.007432681153886733,-0.023735642433166504,-0.09843811392784119,-0.00579457299841124,-0.025783538818359375,-0.06992489099502563,-0.010429687686837497,-0.016276061534881592,-0.057668089866638184,-0.010090503730452838,0.014924347400665283,-0.0885128378868103,-0.00028317893679741246,-0.019041836261749268,-0.09436652064323425,-0.012003783956743064,-0.020458638668060303,-0.06626689434051514,-0.009811701141870799,-0.010106027126312256,-0.05479609966278076,-0.004912117850608411,0.020500242710113525,-0.08381050825119019,-0.008392562978542628,-0.012076854705810547,-0.08765468001365662,-0.015508811809695544,-0.013661801815032959,-0.06692588329315186,-0.013139995635128798,-0.00439298152923584,-0.05606025457382202,-0.008596693985737147
2,0.0,0.0,0.0,-0.019648730754852295,-0.023961961269378662,0.0009302965415827202,-0.025817573070526123,-0.053520798683166504,0.0003413377787637728,-0.031079113483428955,-0.0757317841053009,-0.0028170737853088212,-0.03452765941619873,-0.10070592164993286,-0.004447137885335906,-0.0005181431770324707,-0.08636081218719482,0.012644200171735065,-0.021635115146636963,-0.09763336181640625,0.0004035296667552757,-0.02521824836730957,-0.07459694147109985,-0.007918679569456799,-0.019090354442596436,-0.05853569507598877,-0.011456465762648804,0.0074141621589660645,-0.08736902475357056,0.007664250261541383,-0.020419061183929443,-0.09793245792388916,-0.005676672276649697,-0.023623287677764893,-0.06872493028640747,-0.010149163608048184,-0.014260649681091309,-0.056113481521606445,-0.009299929667804463,0.015315413475036621,-0.0866079330444336,0.0005248812310583162,-0.016112148761749268,-0.09359252452850342,-0.012104403641615136,-0.01827472448348999,-0.06453830003738403,-0.010296631087157948,-0.007599055767059326,-0.05286937952041626,-0.0051033170377650094,0.022332310676574707,-0.0828048586845398,-0.0069802025748231245,-0.008994817733764648,-0.0869467556476593,-0.014941635024342759,-0.011926054954528809,-0.06536626815795898,-0.012921454798970444,-0.0031865835189819336,-0.05377143621444702,-0.008298563253674729
2,0.0,0.0,0.0,-0.020371556282043457,-0.024622797966003418,0.0011628275457837844,-0.02794933319091797,-0.055297136306762695,0.001165045024833944,-0.03320515155792236,-0.07772007584571838,-0.0014963326323709225,-0.036238670349121094,-0.10208293795585632,-0.002515508960925672,-0.0027825236320495605,-0.08707255125045776,0.014468919085345533,-0.023116648197174072,-0.09817758202552795,0.0022494572401114965,-0.02628195285797119,-0.07498389482498169,-0.0062015293445369934,-0.02058941125869751,-0.05903738737106323,-0.009691312378265593,0.005019128322601318,-0.08773395419120789,0.009400549875579145,-0.020854711532592773,-0.09910300374031067,-0.004602121589698527,-0.023779988288879395,-0.06942397356033325,-0.009463680377223227,-0.014910101890563965,-0.055701375007629395,-0.008404430402435992,0.012848973274230957,-0.08679816126823425,0.0020653466414728427,-0.01667952537536621,-0.09557226300239563,-0.011332012182094786,-0.018644630908966064,-0.06597596406936646,-0.009811096293844912,-0.008282959461212158,-0.053486764430999756,-0.004276810148724053,0.01984769105911255,-0.08249184489250183,-0.005571314999826882,-0.009970128536224365,-0.08814358711242676,-0.013981130374588702,-0.011955797672271729,-0.06692737340927124,-0.012146308487274382,-0.002660989761352539,-0.05566054582595825,-0.007369581079103682
2,0.0,0.0,0.0,-0.019915282726287842,-0.028030991554260254,0.0031265187586484444,-0.026890814304351807,-0.05714094638824463,0.003089386461937238,-0.03180783987045288,-0.07786965370178223,-0.0002273689591731909,-0.034172773361206055,-0.10185873508453369,-0.0021877580278726327,-0.0012277960777282715,-0.08703938126564026,0.015670535578095723,-0.021012306213378906,-0.09936267137527466,0.003692693034821559,-0.02469658851623535,-0.0764935314655304,-0.004614767195022296,-0.018869102001190186,-0.0612715482711792,-0.008191644721961211,0.006166934967041016,-0.0874764621257782,0.009365386753046323,-0.018716812133789062,-0.10096222162246704,-0.004190014251804541,-0.022764384746551514,-0.07161122560501099,-0.009021199816203307,-0.013692855834960938,-0.05887186527252197,-0.00830361949775238,0.013805150985717773,-0.08682793378829956,0.0009762512214308572,-0.014628291130065918,-0.09742611646652222,-0.011772245676553439,-0.01756960153579712,-0.06832748651504517,-0.009796184064185809,-0.006940782070159912,-0.05659770965576172,-0.0043527693909766185,0.020603477954864502,-0.08321869373321533,-0.007566862781828831,-0.007792472839355469,-0.08974683284759521,-0.015157472850120257,-0.009995222091674805,-0.06853532791137695,-0.012576591731345843,-0.00016313791275024414,-0.057472944259643555,-0.007635925007349442
2,0.0,0.0,0.0,-0.018625319004058838,-0.029408276081085205,0.0025156100129493097,-0.02524399757385254,-0.05833232402801514,0.0019392450887494306,-0.029896676540374756,-0.07912290096282959,-0.001939249519466557,-0.03125876188278198,-0.10166049003601074,-0.004388778997792997,0.003080904483795166,-0.08951574563980103,0.015255063710526429,-0.01811438798904419,-0.10004770755767822,0.0029713378136762003,-0.02177530527114868,-0.07622361183166504,-0.005599155152424373,-0.016243338584899902,-0.061292946338653564,-0.009299831526561775,0.010245025157928467,-0.08957242965698242,0.009039291118995152,-0.015860676765441895,-0.10058805346488953,-0.0050131553469441315,-0.019988298416137695,-0.0707019567489624,-0.010109804632350006,-0.011866867542266846,-0.058171987533569336,-0.009470411638005771,0.0176352858543396,-0.08836087584495544,0.0006892936618783096,-0.011747002601623535,-0.09715086221694946,-0.012192016529127159,-0.01472783088684082,-0.06792998313903809,-0.010302191661878624,-0.005120038986206055,-0.056273043155670166,-0.004844843937291898,0.024065494537353516,-0.08382025361061096,-0.007916374193712272,-0.005023539066314697,-0.09002292156219482,-0.01540866127817253,-0.007201135158538818,-0.06937587261199951,-0.012859446989580192,0.0020941495895385742,-0.0585823655128479,-0.007839014815374412
2,0.0,0.0,0.0,-0.02000349760055542,-0.028275907039642334,0.0021955337246311046,-0.02616894245147705,-0.05772167444229126,0.0013139742763144113,-0.030098438262939453,-0.07920992374420166,-0.0025446602272438668,-0.03199535608291626,-0.1038300096988678,-0.004714798986782398,0.0063065290451049805,-0.0895376205444336,0.014259039551149044,-0.017642498016357422,-0.101433664560318,0.0009679900935282149,-0.02125263214111328,-0.07787811756134033,-0.008469929791857567,-0.015244126319885254,-0.061448633670806885,-0.012510965451468792,0.01331186294555664,-0.0897417962551117,0.008189780764411125,-0.016063988208770752,-0.10257124900817871,-0.0066145280039506815,-0.019966423511505127,-0.07214921712875366,-0.012037251017858352,-0.010923027992248535,-0.058433473110198975,-0.011379620864857998,0.019826233386993408,-0.08897867798805237,-2.0004340143486843e-05,-0.012327849864959717,-0.09882736206054688,-0.013332765422632065,-0.01509624719619751,-0.06918454170227051,-0.01153911637501892,-0.004321753978729248,-0.05696916580200195,-0.006022347010542717,0.0246279239654541,-0.08510822057723999,-0.008501767985393371,-0.006118953227996826,-0.091753751039505,-0.01632301682965931,-0.008642494678497314,-0.06989723443984985,-0.013808955311645832,0.0010131597518920898,-0.05819118022918701,-0.008627605497707691
2,0.0,0.0,0.0,-0.02003234624862671,-0.029185116291046143,0.002392071726518452,-0.026320338249206543,-0.05880618095397949,0.001710044880184114,-0.030515551567077637,-0.08094924688339233,-0.00197681741903466,-0.032588303089141846,-0.10562920570373535,-0.003960858370390952,0.005935370922088623,-0.08925768733024597,0.014645428125533044,-0.01757711172103882,-0.10275989770889282,0.0011891556985403895,-0.021133065223693848,-0.07890170812606812,-0.008561456847218096,-0.01543891429901123,-0.061517953872680664,-0.012800553153482497,0.012981176376342773,-0.08937647938728333,0.008617763136300027,-0.016647160053253174,-0.10413587093353271,-0.00641265818032366,-0.020084023475646973,-0.072654128074646,-0.012180451574948847,-0.010981261730194092,-0.05789816379547119,-0.011648765105036318,0.01969766616821289,-0.08854162693023682,0.00047130657711136337,-0.01266181468963623,-0.09974965453147888,-0.012983638133135855,-0.014933168888092041,-0.06924676895141602,-0.011499661292162955,-0.004142642021179199,-0.05615359544754028,-0.0061023754917357564,0.024602293968200684,-0.08480441570281982,-0.007896030592945635,-0.006421685218811035,-0.09214669466018677,-0.015876325118568957,-0.008294761180877686,-0.06990909576416016,-0.013616638529327929,0.0017604231834411621,-0.05803781747817993,-0.008546955223408759
2,0.0,0.0,0.0,-0.019618690013885498,-0.030514240264892578,0.0022758224890253587,-0.025842249393463135,-0.05982786417007446,0.001293201735677485,-0.0298345685005188,-0.08181804418563843,-0.002869249749494429,-0.03185790777206421,-0.10659849643707275,-0.005492869028387304,0.006378829479217529,-0.0907372534275055,0.01523622292137361,-0.01683676242828369,-0.10331204533576965,0.0016986780478305263,-0.021252036094665527,-0.08009040355682373,-0.008317773425517316,-0.01629483699798584,-0.06252998113632202,-0.012658796468315359,0.013177573680877686,-0.09044182300567627,0.009159443704845671,-0.016315579414367676,-0.10411682724952698,-0.00600520494350576,-0.020913302898406982,-0.0734894871711731,-0.01211970877790236,-0.012976527214050293,-0.058142781257629395,-0.011783646614787813,0.019769012928009033,-0.08943131566047668,0.0009007215643919153,-0.01267331838607788,-0.1003434956073761,-0.01254272759848618,-0.015681207180023193,-0.0706443190574646,-0.011202226588068243,-0.005874156951904297,-0.05681347846984863,-0.005843764366147752,0.02469611167907715,-0.08549591898918152,-0.00763171884187841,-0.006085455417633057,-0.09346091747283936,-0.01535230987661862,-0.008361279964447021,-0.07166934013366699,-0.01290736646348023,0.0011782050132751465,-0.05932742357254028,-0.007685939976511236
2,0.0,0.0,0.0,-0.01993560791015625,-0.029489338397979736,0.0017068602142842337,-0.026126861572265625,-0.05865371227264404,0.0005897839551778361,-0.029659271240234375,-0.08111000061035156,-0.003619950777107306,-0.03168982267379761,-0.10656821727752686,-0.006092882063427396,0.005136013031005859,-0.08959653973579407,0.015158711187353902,-0.017673492431640625,-0.10399144887924194,0.0005424028027789518,-0.021310031414031982,-0.08052319288253784,-0.009941140935012527,-0.01556861400604248,-0.06229788064956665,-0.014319981262275405,0.012003540992736816,-0.08934617042541504,0.00916296727936583,-0.016804218292236328,-0.10483407974243164,-0.007554368395545907,-0.020447611808776855,-0.07342976331710815,-0.014202956855484672,-0.011550068855285645,-0.05731654167175293,-0.013649417832681365,0.01890110969543457,-0.08852329850196838,0.0008053099269034192,-0.012682139873504639,-0.10043954849243164,-0.014034042880126663,-0.014995098114013672,-0.0698845386505127,-0.012903235666641422,-0.004343986511230469,-0.055976271629333496,-0.0071161792615441755,0.024526476860046387,-0.08483314514160156,-0.007841770351120658,-0.005845189094543457,-0.09363490343093872,-0.01642089877296371,-0.007691800594329834,-0.07114821672439575,-0.014156214706787296,0.002485990524291992,-0.05892813205718994,-0.008745005168208309
2,0.0,0.0,0.0,-0.019836783409118652,-0.029859185218811035,0.0015489357492413092,-0.02605348825454712,-0.05949866771697998,0.00025674948389564634,-0.029093682765960693,-0.0823127031326294,-0.004150928257359965,-0.030572593212127686,-0.1081051230430603,-0.006647307219310505,0.0058249831199646,-0.0892355740070343,0.014462133610294359,-0.018203556537628174,-0.10503140091896057,-0.0008895345645498764,-0.02120727300643921,-0.0807989239692688,-0.011585211640550597,-0.014650344848632812,-0.06231600046157837,-0.015933587475075228,0.012531161308288574,-0.08869069814682007,0.00831735760127117,-0.01692068576812744,-0.10600301623344421,-0.008864119908167822,-0.020274996757507324,-0.07359659671783447,-0.015205118133081896,-0.010697722434997559,-0.05764538049697876,-0.014316664336575968,0.01935875415802002,-0.08797919750213623,-0.00026824584077189684,-0.0127030611038208,-0.10169613361358643,-0.015268356798543437,-0.014762580394744873,-0.07040232419967651,-0.013412196448399527,-0.003551661968231201,-0.05669277906417847,-0.007114543373091919,0.024973809719085693,-0.08443683385848999,-0.009232498033298953,-0.005280435085296631,-0.09499967098236084,-0.017774795441283686,-0.006896793842315674,-0.07264083623886108,-0.015038740149094565,0.003672480583190918,-0.06053030490875244,-0.009273660628451807
2,0.0,0.0,0.0,-0.019266903400421143,-0.03149205446243286,0.002270374375513029,-0.024622201919555664,-0.06032949686050415,0.0008762484515330016,-0.0272255539894104,-0.08244627714157104,-0.0038611540355475427,-0.029100000858306885,-0.1080554723739624,-0.006876318321445751,0.006882607936859131,-0.09012007713317871,0.014675613886794281,-0.016362488269805908,-0.10541129112243652,7.745678686887913e-06,-0.0197526216506958,-0.08179765939712524,-0.010148995161870289,-0.013593137264251709,-0.064613938331604,-0.0143871592142375,0.013850152492523193,-0.08905312418937683,0.007985228135368061,-0.015108048915863037,-0.10592561960220337,-0.008892195836523342,-0.018306493759155273,-0.07406044006347656,-0.015095291265168953,-0.0090101957321167,-0.059053659439086914,-0.01430496720305996,0.021027863025665283,-0.08770200610160828,-0.0009863972215669037,-0.011035025119781494,-0.10087910294532776,-0.015687940248170662,-0.012852907180786133,-0.06984513998031616,-0.013670271799782086,-0.0021521449089050293,-0.05693674087524414,-0.007493062947759199,0.026823818683624268,-0.08347350358963013,-0.010285431125083733,-0.0038535594940185547,-0.0932435691356659,-0.01883581055037098,-0.005224466323852539,-0.07128560543060303,-0.016169163935700226,0.005199730396270752,-0.06002914905548096,-0.010593705416539478
2,0.0,0.0,0.0,-0.01958286762237549,-0.03174024820327759,0.0026512852570306222,-0.024623394012451172,-0.060614168643951416,0.0013920260759334724,-0.02691054344177246,-0.08256560564041138,-0.0033118691129345734,-0.028731584548950195,-0.10853308439254761,-0.006302161730985745,0.008357524871826172,-0.09161698818206787,0.015170000370432035,-0.016485273838043213,-0.106498122215271,0.0001867463658129509,-0.020473897457122803,-0.08236515522003174,-0.010432015296231612,-0.014336168766021729,-0.06440162658691406,-0.014894805971692904,0.015273749828338623,-0.09036675095558167,0.008228359620858328,-0.015579164028167725,-0.10703504085540771,-0.008762641001652582,-0.019758880138397217,-0.0745687484741211,-0.015174307052205904,-0.01030951738357544,-0.05868363380432129,-0.014476606745432719,0.0220300555229187,-0.08860155940055847,-0.00101529178877513,-0.011494040489196777,-0.10186520218849182,-0.015774356324385508,-0.014322876930236816,-0.07060527801513672,-0.013904482249330385,-0.003294706344604492,-0.05678778886795044,-0.007753035176705225,0.027168333530426025,-0.08380913734436035,-0.010563992086957796,-0.004005134105682373,-0.0945073664188385,-0.01898269367606531,-0.006177127361297607,-0.0723995566368103,-0.016181670252393587,0.004229724407196045,-0.0600849986076355,-0.010444120627056463
2,0.0,0.0,0.0,-0.020630300045013428,-0.03082937002182007,0.0016831699649628717,-0.027107059955596924,-0.060530781745910645,0.0004255172279954422,-0.030218183994293213,-0.08348798751831055,-0.004082568932062713,-0.031468868255615234,-0.10979518294334412,-0.006828879482782213,0.00510406494140625,-0.091726154088974,0.015344544302934082,-0.018328189849853516,-0.10688111186027527,0.0001744615910865832,-0.021890699863433838,-0.08260238170623779,-0.010687061596399872,-0.015771806240081787,-0.06395399570465088,-0.015237567025906174,0.012133002281188965,-0.09092766046524048,0.00906582268726197,-0.017263710498809814,-0.10729634761810303,-0.00810999051827821,-0.021303415298461914,-0.0750625729560852,-0.01473760605949792,-0.012318670749664307,-0.05870085954666138,-0.014056738476938335,0.019183635711669922,-0.08947375416755676,0.00032133695276570506,-0.012838125228881836,-0.10257869958877563,-0.014669878419226734,-0.015484094619750977,-0.07112264633178711,-0.01309596841383609,-0.005083799362182617,-0.05651688575744629,-0.006951484374440042,0.02490919828414917,-0.08480888605117798,-0.008814032200461952,-0.005723297595977783,-0.09464064240455627,-0.017633691441005794,-0.0070937275886535645,-0.07241737842559814,-0.015300264592951862,0.0033750534057617188,-0.06001889705657959,-0.009746358740812866
2,0.0,0.0,0.0,-0.02058619260787964,-0.031985580921173096,0.0021313270389669015,-0.026376187801361084,-0.06318157911300659,0.0008906186394028737,-0.029670000076293945,-0.08561557531356812,-0.003551118557936661,-0.03163492679595947,-0.11143451929092407,-0.006191520735285394,0.007016122341156006,-0.0951712429523468,0.014611563861706145,-0.018589138984680176,-0.10922950506210327,-8.02467275775598e-05,-0.022570908069610596,-0.0842139720916748,-0.010367237746379487,-0.016576290130615234,-0.06635850667953491,-0.014616317830643766,0.014489233493804932,-0.09403380751609802,0.008039138496258147,-0.017036139965057373,-0.10882076621055603,-0.008538616604766958,-0.020944952964782715,-0.07621729373931885,-0.014529732770881765,-0.011982440948486328,-0.060916006565093994,-0.013683092564008348,0.021257519721984863,-0.09169092774391174,-0.0008567466448425876,-0.012811779975891113,-0.10300153493881226,-0.015239776827058904,-0.015154004096984863,-0.0713120698928833,-0.013101147271356695,-0.004647016525268555,-0.05779075622558594,-0.0069128002670026945,0.02587682008743286,-0.08634471893310547,-0.010112504258415811,-0.00629192590713501,-0.09462910890579224,-0.018368248611352556,-0.007701277732849121,-0.07262957096099854,-0.01569225896861326,0.0025516152381896973,-0.061407268047332764,-0.010114749677143209
2,0.0,0.0,0.0,-0.020193099975585938,-0.033261001110076904,0.0010630429301556887,-0.027247309684753418,-0.06475162506103516,-0.0003162673687882034,-0.031012356281280518,-0.08692413568496704,-0.004592533661224252,-0.031165659427642822,-0.11116570234298706,-0.0070256730263906775,0.00444406270980835,-0.09515544772148132,0.013796865502200717,-0.018371999263763428,-0.10850825905799866,-0.0008025518922920583,-0.021901190280914307,-0.08357620239257812,-0.01129606316814602,-0.015274524688720703,-0.06672036647796631,-0.01592175613174618,0.011681914329528809,-0.09395387768745422,0.007830928573213214,-0.01667386293411255,-0.10799184441566467,-0.008482117643751508,-0.020481586456298828,-0.07703226804733276,-0.014664788237013227,-0.011683285236358643,-0.06244403123855591,-0.014231381444432145,0.01922374963760376,-0.09168162941932678,-0.000535007305614954,-0.011671662330627441,-0.10255339741706848,-0.014464367618955976,-0.014530420303344727,-0.07266128063201904,-0.01257396346906603,-0.004774868488311768,-0.05933195352554321,-0.006764925522901422,0.02560567855834961,-0.08608782291412354,-0.009408591753043538,-0.004385888576507568,-0.09508377313613892,-0.017510368926622277,-0.006557583808898926,-0.07359975576400757,-0.014958357876338368,0.002649545669555664,-0.06133788824081421,-0.009536109371282464
2,0.0,0.0,0.0,-0.02091270685195923,-0.03257483243942261,0.0015939386587717763,-0.027447998523712158,-0.06299984455108643,0.0003997383840044222,-0.03024381399154663,-0.08439290523529053,-0.003824387581261135,-0.03166002035140991,-0.10885488986968994,-0.006363666986288763,0.003270387649536133,-0.0950373113155365,0.013520872781811022,-0.02055567502975464,-0.1060885488986969,-0.0008370460916182765,-0.023009955883026123,-0.08043783903121948,-0.01121267620212052,-0.015049099922180176,-0.06453508138656616,-0.015800128129484392,0.011110246181488037,-0.09318077564239502,0.007397068294523024,-0.017238974571228027,-0.1050383448600769,-0.0085420733291528,-0.020086169242858887,-0.07468098402023315,-0.014485377256931997,-0.01105189323425293,-0.06058502197265625,-0.014095045064749456,0.01910400390625,-0.09014087915420532,-0.0009715348921588429,-0.011568963527679443,-0.10006996989250183,-0.014293885228397585,-0.013902008533477783,-0.07028669118881226,-0.0119162615362427,-0.00427854061126709,-0.056888580322265625,-0.006023133543493486,0.02635800838470459,-0.08361494541168213,-0.009822885875763632,-0.0030998587608337402,-0.09237101674079895,-0.01739334538316939,-0.0045539140701293945,-0.07210749387741089,-0.01450026724225495,0.0047242045402526855,-0.060591161251068115,-0.008974945542576052
2,0.0,0.0,0.0,-0.02415543794631958,-0.030530810356140137,0.0017057807168896488,-0.03173971176147461,-0.06326699256896973,0.0015535303142826251,-0.03524518013000488,-0.08748084306716919,-0.0015561974390436717,-0.037734389305114746,-0.11229580640792847,-0.0026243215209831305,-0.006418347358703613,-0.09396308660507202,0.014986317812741845,-0.02796757221221924,-0.10802799463272095,0.0010657158897231511,-0.028896868228912354,-0.08122032880783081,-0.00840518882191077,-0.02061307430267334,-0.06690949201583862,-0.012410736434816272,0.0030306577682495117,-0.09271365404129028,0.009072052522839158,-0.022616326808929443,-0.10597807168960571,-0.005527913362442405,-0.023992478847503662,-0.07447463274002075,-0.010169129610716254,-0.013480603694915771,-0.06427353620529175,-0.009217535868941695,0.013071835041046143,-0.09020990133285522,0.0006541267836439602,-0.014976680278778076,-0.10227930545806885,-0.012404766657112987,-0.017102301120758057,-0.07089650630950928,-0.009131824389754684,-0.006272315979003906,-0.06030535697937012,-0.002840647033139021,0.02228337526321411,-0.08488428592681885,-0.008261835925935657,-0.005333542823791504,-0.09418085217475891,-0.015561127827226073,-0.008048474788665771,-0.07250690460205078,-0.012240080886243732,0.0014746785163879395,-0.06221503019332886,-0.00668210096350208
2,0.0,0.0,0.0,-0.023702025413513184,-0.029230237007141113,0.002438309823645568,-0.03173375129699707,-0.06224346160888672,0.0029054863727822067,-0.03577238321304321,-0.08768594264984131,-0.00011963300201500715,-0.03963714838027954,-0.11373502016067505,-0.0016803620499388217,-0.006274104118347168,-0.09318310022354126,0.018007061199767804,-0.026565849781036377,-0.10684776306152344,0.004881591757310844,-0.02940821647644043,-0.08169448375701904,-0.0040971676469609974,-0.022431552410125732,-0.06577277183532715,-0.0075924836681053876,0.003002166748046875,-0.09197127819061279,0.011794070468766904,-0.021540045738220215,-0.10570493340492249,-0.0023466441896573542,-0.02458930015563965,-0.07479631900787354,-0.007437035220192456,-0.015047669410705566,-0.062095582485198975,-0.0065308779128656624,0.013263225555419922,-0.08950766921043396,0.003005473397223568,-0.014484167098999023,-0.10023540258407593,-0.010251303447859073,-0.017203152179718018,-0.06983679533004761,-0.008036580181197905,-0.006826341152191162,-0.058396995067596436,-0.002013021393196368,0.023667216300964355,-0.08376401662826538,-0.0061193385743365525,-0.004211723804473877,-0.09292912483215332,-0.013358116394357467,-0.007767140865325928,-0.07147455215454102,-0.010297616256849551,0.0012907981872558594,-0.06041198968887329,-0.004802549502329612
2,0.0,0.0,0.0,-0.021722733974456787,-0.029284298419952393,0.00261817332656733,-0.029607534408569336,-0.06122791767120361,0.0022589445144092224,-0.0333595871925354,-0.08659771084785461,-0.001466700035877011,-0.03770017623901367,-0.11297786235809326,-0.0040073183335209706,-0.005300343036651611,-0.09109488129615784,0.014488797824100175,-0.024308621883392334,-0.10480612516403198,0.001058048990756788,-0.025819718837738037,-0.07764655351638794,-0.008175962415322147,-0.018575310707092285,-0.06192582845687866,-0.012018699009701095,0.004723846912384033,-0.08870553970336914,0.008122898827508607,-0.016781091690063477,-0.10372674465179443,-0.006019849606587968,-0.018660128116607666,-0.07219517230987549,-0.010937025581284843,-0.010082542896270752,-0.05864459276199341,-0.01043409648983129,0.016025900840759277,-0.08598291873931885,-0.00045585232138023457,-0.00817638635635376,-0.10005056858062744,-0.012767572697981677,-0.010254979133605957,-0.06881970167160034,-0.00965207051186212,-0.0010315179824829102,-0.05562567710876465,-0.003720119173436842,0.028147339820861816,-0.0806228518486023,-0.009323880818470798,0.0032579898834228516,-0.09185734391212463,-0.016008664664610706,0.00019371509552001953,-0.07048457860946655,-0.012443546016498885,0.008616626262664795,-0.05890899896621704,-0.007007532098128877
2,0.0,0.0,0.0,-0.023084044456481934,-0.029787838459014893,0.0018911920870436916,-0.034111976623535156,-0.062314510345458984,0.0014092774745790848,-0.03965526819229126,-0.0867476761341095,-0.002122028343308102,-0.041778624057769775,-0.11274471879005432,-0.0044066389872909895,-0.008014678955078125,-0.09258383512496948,0.012901761490923036,-0.028372526168823242,-0.10412517189979553,0.0005055612219280192,-0.028090715408325195,-0.07766717672348022,-0.00799970150359286,-0.019937872886657715,-0.06385952234268188,-0.011691260229724776,0.0026055574417114258,-0.08984410762786865,0.007084360268038381,-0.01984316110610962,-0.101433664560318,-0.005921941794383656,-0.019980311393737793,-0.07163286209106445,-0.010135645124989878,-0.010985136032104492,-0.06029480695724487,-0.00962243795760287,0.014569580554962158,-0.08618530631065369,-0.0008498490987562946,-0.009569406509399414,-0.09801042079925537,-0.012524652372974288,-0.010831058025360107,-0.0682644248008728,-0.009478541169244181,-0.00196993350982666,-0.056231558322906494,-0.0038811846952171436,0.027407824993133545,-0.07952260971069336,-0.00907904383160485,0.002906203269958496,-0.09209862351417542,-0.015448516312915217,-0.0005391240119934082,-0.07146984338760376,-0.011832693669873606,0.006910145282745361,-0.059776365756988525,-0.006500945504683386
2,0.0,0.0,0.0,-0.023836135864257812,-0.02780461311340332,0.002171489716801034,-0.037378668785095215,-0.059815824031829834,0.00150995476107596,-0.04491907358169556,-0.0852937400341034,-0.0022474510322183505,-0.04755687713623047,-0.11230534315109253,-0.004818603788208975,-0.012049496173858643,-0.09154492616653442,0.013094557057428347,-0.03212076425552368,-0.10366180539131165,0.00034507281199580575,-0.030934572219848633,-0.07751953601837158,-0.008523252253127112,-0.022418558597564697,-0.06373268365859985,-0.012350647170734419,-0.0012474656105041504,-0.08895447850227356,0.007222674860912548,-0.02192455530166626,-0.10285916924476624,-0.005983077381443991,-0.021508872509002686,-0.07303458452224731,-0.010590729695451273,-0.013124406337738037,-0.06028062105178833,-0.010343888234984888,0.011144757270812988,-0.08614557981491089,-0.0007030118565864996,-0.011210441589355469,-0.1000591516494751,-0.012057075668764128,-0.011092603206634521,-0.06978487968444824,-0.008938065190505995,-0.002240419387817383,-0.056623876094818115,-0.0034090757096976176,0.024918437004089355,-0.08085319399833679,-0.008871271666777147,0.0017459392547607422,-0.09418785572052002,-0.014758521151435389,-0.000296175479888916,-0.07335269451141357,-0.010963704828810705,0.007784664630889893,-0.06195729970932007,-0.005637846347582354
2,0.0,0.0,0.0,-0.024850428104400635,-0.02384817600250244,-0.001750133092627948,-0.04015833139419556,-0.05773061513900757,-0.0028750574906553084,-0.04582560062408447,-0.08477908372879028,-0.006311931390428072,-0.048127830028533936,-0.11093845963478088,-0.008483019866162067,-0.014412343502044678,-0.09000539779663086,0.009047652386016125,-0.03060990571975708,-0.10318976640701294,-0.0033310579360659176,-0.031252384185791016,-0.07624006271362305,-0.010485867247098213,-0.024601101875305176,-0.0634620189666748,-0.013287930026763206,-0.002687811851501465,-0.08811673521995544,0.004773339513576502,-0.01875835657119751,-0.10218387842178345,-0.008484947703891521,-0.02080678939819336,-0.0710606575012207,-0.011470227711015468,-0.013793706893920898,-0.0598902702331543,-0.009973951824122196,0.010624110698699951,-0.08424487709999084,-0.0018957186016450578,-0.006770074367523193,-0.09890827536582947,-0.015010767825060611,-0.009366750717163086,-0.06714588403701782,-0.011051182843857532,-0.0026160478591918945,-0.05495041608810425,-0.004545297216736799,0.02542358636856079,-0.07744070887565613,-0.008979781739526516,0.0066759586334228516,-0.09157377481460571,-0.016525630116575485,0.002712547779083252,-0.06968605518341064,-0.012592490039878612,0.008980333805084229,-0.05884575843811035,-0.006974606052153831
2,0.0,0.0,0.0,-0.026439368724822998,-0.02182537317276001,-0.001776577916672295,-0.04350113868713379,-0.05655837059020996,-0.002106429904443985,-0.04964953660964966,-0.08475270867347717,-0.004804122855631476,-0.051558077335357666,-0.11127382516860962,-0.006528591865418321,-0.01913231611251831,-0.08912837505340576,0.011913390236230725,-0.03327596187591553,-0.10346272587776184,-5.546900959529921e-05,-0.034124016761779785,-0.08207526803016663,-0.00842612854924596,-0.029703259468078613,-0.06713563203811646,-0.011880582792429095,-0.0063523054122924805,-0.08749720454216003,0.007982500234874124,-0.019962191581726074,-0.10231161117553711,-0.005157909018663531,-0.020774483680725098,-0.0752372145652771,-0.010691381653515464,-0.016619980335235596,-0.05948537588119507,-0.010582732630638247,0.008353233337402344,-0.08426287770271301,0.0016801368792300764,-0.0072174072265625,-0.09868273138999939,-0.011180487123993998,-0.008182525634765625,-0.07034742832183838,-0.00972419105258382,-0.004059791564941406,-0.05442613363265991,-0.004462535621343022,0.024989187717437744,-0.07778042554855347,-0.004981494636950856,0.007015824317932129,-0.09295448660850525,-0.01255923662122882,0.004386544227600098,-0.07237446308135986,-0.009571868588892585,0.008927881717681885,-0.0593796968460083,-0.00433597726535595
2,0.0,0.0,0.0,-0.026084423065185547,-0.020259320735931396,-0.0036437478137685275,-0.04407161474227905,-0.054596006870269775,-0.004341201552890084,-0.049651384353637695,-0.08404383063316345,-0.0067493237310571885,-0.04996788501739502,-0.10860133171081543,-0.007739952927224181,-0.02262169122695923,-0.08899927139282227,0.009658225650198915,-0.03556549549102783,-0.10104513168334961,-0.0017707765090761995,-0.035373687744140625,-0.07937383651733398,-0.008819208642236731,-0.03041839599609375,-0.06831580400466919,-0.011609714640073321,-0.008888781070709229,-0.0881243348121643,0.006592723844804027,-0.020660340785980225,-0.10034260153770447,-0.005371389606736443,-0.022498667240142822,-0.07466703653335571,-0.008744803419105551,-0.019205689430236816,-0.06421607732772827,-0.007669148197166464,0.006190240383148193,-0.08414644002914429,0.0009634171274939263,-0.0056830644607543945,-0.09828630089759827,-0.011480491770200274,-0.008991777896881104,-0.07080668210983276,-0.007993932043902419,-0.006577193737030029,-0.059076547622680664,-0.0018180328642500854,0.023123621940612793,-0.07636433839797974,-0.005216255014531157,0.009612202644348145,-0.09183847904205322,-0.011918286954752944,0.005449116230010986,-0.0715596079826355,-0.007490220175824902,0.008240759372711182,-0.060911476612091064,-0.0016233878431393123
2,0.0,0.0,0.0,-0.02677100896835327,-0.01517951488494873,-0.005441516697899829,-0.04811137914657593,-0.04817461967468262,-0.006913196355597506,-0.05525863170623779,-0.08069366216659546,-0.009604103457675706,-0.05533713102340698,-0.1057668924331665,-0.010907145742820035,-0.028501451015472412,-0.08237951993942261,0.007721445928766002,-0.03934234380722046,-0.0967157781124115,-0.003927337997154723,-0.03885418176651001,-0.07643496990203857,-0.01174769789402319,-0.035863280296325684,-0.062210261821746826,-0.01510461938057972,-0.014236688613891602,-0.08358275890350342,0.005742391511304845,-0.02560216188430786,-0.0971534252166748,-0.005823719375328551,-0.02581191062927246,-0.07370984554290771,-0.010545065220938454,-0.02405571937561035,-0.06104987859725952,-0.010925384764121304,0.0010533928871154785,-0.08180022239685059,0.001226260965196957,-0.01070338487625122,-0.09700998663902283,-0.011327141490326653,-0.01216810941696167,-0.07122761011123657,-0.00939263642256094,-0.010849297046661377,-0.05614113807678223,-0.004480304256574641,0.017799973487854004,-0.07641762495040894,-0.0038713156846625907,0.0033121109008789062,-0.09098377823829651,-0.011892581884310971,0.0004718303680419922,-0.07033413648605347,-0.008751993593321572,0.0023412704467773438,-0.0563470721244812,-0.00378231686961783
2,0.0,0.0,0.0,-0.028303682804107666,-0.014061689376831055,-0.002723967507634484,-0.04934340715408325,-0.044139564037323,-0.003210379826057874,-0.05706322193145752,-0.0738946795463562,-0.005641955267790877,-0.05929923057556152,-0.09670928120613098,-0.0071153811553159585,-0.03638869524002075,-0.07807976007461548,0.010903725549425758,-0.04669904708862305,-0.09282782673835754,0.00029215999863652087,-0.04554563760757446,-0.0746731162071228,-0.007706353292022072,-0.042065441608428955,-0.06015294790267944,-0.01128303151593002,-0.022097527980804443,-0.08139419555664062,0.007450428474541582,-0.03144252300262451,-0.09392833709716797,-0.0028631310818383326,-0.03156781196594238,-0.07047241926193237,-0.008083776421997868,-0.029521524906158447,-0.05663567781448364,-0.008914411850426518,-0.006318628787994385,-0.08067631721496582,0.0017036286041474114,-0.016599714756011963,-0.09378206729888916,-0.008793460987661206,-0.01721256971359253,-0.06880038976669312,-0.006968135330978953,-0.014955699443817139,-0.054582178592681885,-0.0026332538948992124,0.01095050573348999,-0.07582664489746094,-0.0045205125027933946,-0.0015545487403869629,-0.08996710181236267,-0.010361187011156403,-0.0033965110778808594,-0.06995952129364014,-0.0061863063277343144,-0.00040149688720703125,-0.0572170615196228,-0.000938239009272479
2,0.0,0.0,0.0,-0.03002983331680298,-0.010280013084411621,-0.0042654680506188924,-0.053784728050231934,-0.03829890489578247,-0.005250338879307037,-0.06259763240814209,-0.07094943523406982,-0.007836469397773271,-0.06296032667160034,-0.09632962942123413,-0.00921884825908137,-0.04550844430923462,-0.07143962383270264,0.009026311389277453,-0.052474021911621094,-0.08970758318901062,-0.003980153188933855,-0.045161545276641846,-0.07172387838363647,-0.01342340739898873,-0.03826618194580078,-0.05419445037841797,-0.01729718870006991,-0.030041098594665527,-0.07660597562789917,0.006353743425677294,-0.03608626127243042,-0.09437122941017151,-0.005491307419617897,-0.02925950288772583,-0.07035404443740845,-0.010824743606974607,-0.02470022439956665,-0.05320262908935547,-0.01137843909197045,-0.01308983564376831,-0.07811462879180908,0.0011115143356050794,-0.019720077514648438,-0.09611347317695618,-0.01057285903476668,-0.01602727174758911,-0.0705028772354126,-0.008017917112340456,-0.013150274753570557,-0.05255556106567383,-0.0029015021351028736,0.005241096019744873,-0.075142502784729,-0.004818802648117071,-0.002767324447631836,-0.09193679690361023,-0.011570570939113622,-0.0025013089179992676,-0.07076066732406616,-0.007285247039874321,-0.0006170272827148438,-0.05495786666870117,-0.0018177435918573792
2,0.0,0.0,0.0,-0.027881205081939697,-0.007211506366729736,-0.003992531178965919,-0.05323469638824463,-0.0335811972618103,-0.004481296251043432,-0.06451290845870972,-0.0663648247718811,-0.006821655398681514,-0.0614585280418396,-0.089680016040802,-0.007715766979828231,-0.04692494869232178,-0.06386297941207886,0.010167298642471678,-0.051726698875427246,-0.08721944689750671,-0.003160491316094749,-0.046674132347106934,-0.06446939706802368,-0.011648133593126886,-0.04261362552642822,-0.04672771692276001,-0.014789831089302652,-0.03218871355056763,-0.06924575567245483,0.007195686725452788,-0.036662399768829346,-0.09137004613876343,-0.005466215974166744,-0.03144198656082153,-0.06303733587265015,-0.009198347302600496,-0.02876877784729004,-0.04685485363006592,-0.008015305931195371,-0.01637321710586548,-0.07204431295394897,0.001355763794407494,-0.021409213542938232,-0.09311968088150024,-0.011123497235104196,-0.01781529188156128,-0.06400531530380249,-0.007013110174312942,-0.016120731830596924,-0.04705679416656494,-0.00034197835296367884,0.0007146596908569336,-0.07129442691802979,-0.005183208464160316,-0.0056618452072143555,-0.08716034889221191,-0.011415125066861265,-0.004473209381103516,-0.06497591733932495,-0.006320358915701263,-0.0029445290565490723,-0.05151689052581787,-0.0003264610054714012
2,0.0,0.0,0.0,-0.028861045837402344,-0.005907595157623291,-0.004953555994646308,-0.0528755784034729,-0.03271108865737915,-0.0053562687234745,-0.06449174880981445,-0.060890138149261475,-0.007403462425784824,-0.0626746416091919,-0.07864302396774292,-0.007717995204941985,-0.04762458801269531,-0.061569809913635254,0.009937814670635703,-0.05181121826171875,-0.08650001883506775,-0.0028159401835665676,-0.04525858163833618,-0.06273186206817627,-0.009993474696742055,-0.04142463207244873,-0.04607456922531128,-0.012050284770296571,-0.034271955490112305,-0.06628608703613281,0.007706580451710465,-0.03860175609588623,-0.0900149941444397,-0.005189274203942773,-0.031150221824645996,-0.059933483600616455,-0.007918016751276014,-0.02761220932006836,-0.04575145244598389,-0.005474065662340877,-0.01995110511779785,-0.06911301612854004,0.0024983522026076344,-0.02430546283721924,-0.09071663022041321,-0.010514281456337926,-0.018353760242462158,-0.06104540824890137,-0.006350516107843873,-0.01555544137954712,-0.04570525884628296,0.0009131942652373937,-0.004723310470581055,-0.06884819269180298,-0.0034325045989618275,-0.009408712387084961,-0.08605384826660156,-0.009586455997990129,-0.006813466548919678,-0.06424444913864136,-0.004567926050143001,-0.004954159259796143,-0.051568567752838135,0.0015574963772877481
2,0.0,0.0,0.0,-0.027587413787841797,-0.001963675022125244,-0.00715394071545461,-0.05258840322494507,-0.029110074043273926,-0.007179017972759993,-0.06351006031036377,-0.060263216495513916,-0.008216629133187325,-0.059860169887542725,-0.08159595727920532,-0.007072293062321933,-0.05119967460632324,-0.05357825756072998,0.009356145418621509,-0.056582748889923096,-0.08089673519134521,-0.0047699304787443,-0.04745715856552124,-0.05999481678009033,-0.01190043925549844,-0.042635977268218994,-0.04545813798904419,-0.013310083516500981,-0.03686940670013428,-0.05933469533920288,0.008706778890825717,-0.04067111015319824,-0.08461040258407593,-0.006190962020866664,-0.030593454837799072,-0.05576199293136597,-0.00901012341734031,-0.028193652629852295,-0.04269975423812866,-0.005817824371717961,-0.022000610828399658,-0.06364423036575317,0.004690989989228456,-0.02542036771774292,-0.0855206847190857,-0.010686779723130257,-0.017326533794403076,-0.055993616580963135,-0.006866375778429301,-0.01562035083770752,-0.041768014430999756,0.0010349205903708025,-0.006577014923095703,-0.065906822681427,-0.00010924456825023299,-0.009868025779724121,-0.08176124095916748,-0.008191807523928674,-0.005022823810577393,-0.06004047393798828,-0.004035650615207942,-0.0033708810806274414,-0.04791492223739624,0.002093723181076257
2,0.0,0.0,0.0,-0.026999354362487793,-0.002301931381225586,-0.008310231904147258,-0.0519675612449646,-0.029641687870025635,-0.008188800478933445,-0.05918508768081665,-0.06255161762237549,-0.008563278766928306,-0.05403083562850952,-0.08394673466682434,-0.0064469851205331,-0.05665403604507446,-0.043213069438934326,0.007891377841474423,-0.06345534324645996,-0.07073289155960083,-0.006140340643582931,-0.052781522274017334,-0.05326056480407715,-0.012216769682822815,-0.04644060134887695,-0.04344654083251953,-0.012770200672207466,-0.04172873497009277,-0.05202096700668335,0.008087898080589184,-0.04642844200134277,-0.0806240439414978,-0.008590593526719204,-0.03329455852508545,-0.05237323045730591,-0.010918723011968723,-0.028809785842895508,-0.040799498558044434,-0.00631690310558497,-0.026082158088684082,-0.05979323387145996,0.004873755795301804,-0.029049456119537354,-0.08225572109222412,-0.011808434093950382,-0.019271016120910645,-0.0521388053894043,-0.008041035907922378,-0.016785860061645508,-0.03910863399505615,0.0006917568970266075,-0.010161638259887695,-0.06544512510299683,0.0008137182447853775,-0.012545645236968994,-0.08104556798934937,-0.007732099446116081,-0.007728517055511475,-0.05926400423049927,-0.004299207183180442,-0.006378591060638428,-0.04773390293121338,0.0016698723774197788
2,0.0,0.0,0.0,-0.025781333446502686,-0.004633188247680664,-0.011308173294409585,-0.04833328723907471,-0.03329521417617798,-0.012023933808549714,-0.05606144666671753,-0.06500899791717529,-0.012386617827459645,-0.05380183458328247,-0.08306354284286499,-0.010648179444714856,-0.05963653326034546,-0.04269987344741821,0.005919081513539481,-0.06418150663375854,-0.07455199956893921,-0.008379091154083085,-0.05356895923614502,-0.07233071327209473,-0.016271389666243863,-0.046203434467315674,-0.06497019529342651,-0.01795860717002995,-0.04439365863800049,-0.051822543144226074,0.007854986359134841,-0.045561254024505615,-0.0829169750213623,-0.009121415782018971,-0.03145277500152588,-0.060317277908325195,-0.01320562755618937,-0.02872288227081299,-0.04454892873764038,-0.009789389203533005,-0.029037535190582275,-0.05978739261627197,0.006376911774978566,-0.029348671436309814,-0.08427190780639648,-0.010737890954359841,-0.01892077922821045,-0.058080852031707764,-0.008942475187822652,-0.01856863498687744,-0.041971564292907715,-0.0014513099978188393,-0.015062153339385986,-0.06416982412338257,0.003888915414691496,-0.015297174453735352,-0.08225154876708984,-0.006335144973590445,-0.00940549373626709,-0.063498854637146,-0.003935753944560361,-0.0093536376953125,-0.049689531326293945,0.0017915617262502792
2,0.0,0.0,0.0,-0.02753615379333496,-0.005706071853637695,-0.010841277570108332,-0.04763561487197876,-0.03405839204788208,-0.010377338298241057,-0.05330926179885864,-0.06560516357421875,-0.009756905168870844,-0.0537869930267334,-0.0807877779006958,-0.006575583622435488,-0.05922001600265503,-0.04135322570800781,0.00926472604962214,-0.06415873765945435,-0.07505571842193604,-0.004855802424827971,-0.05121779441833496,-0.06630730628967285,-0.012148182049969591,-0.04411351680755615,-0.0545961856842041,-0.013086325631121554,-0.04386645555496216,-0.04952716827392578,0.011328736178001009,-0.045831501483917236,-0.08021235466003418,-0.00464575984759108,-0.031971752643585205,-0.05804109573364258,-0.008711261816898741,-0.030391931533813477,-0.04386615753173828,-0.0055718665501274245,-0.028918087482452393,-0.056978046894073486,0.009657760008593641,-0.03025144338607788,-0.08164101839065552,-0.007011089616099753,-0.019687652587890625,-0.056020915508270264,-0.005556276675889649,-0.02009439468383789,-0.04154050350189209,0.0015651408791370613,-0.015503883361816406,-0.06086951494216919,0.0069892097705803735,-0.016257286071777344,-0.07945960760116577,-0.003149219232255973,-0.009744346141815186,-0.06095564365386963,-0.001028088878484823,-0.009550988674163818,-0.04787200689315796,0.004498673460801683
2,0.0,0.0,0.0,-0.027133285999298096,-0.005412161350250244,-0.011294367525465532,-0.04629546403884888,-0.03286099433898926,-0.010722103330977006,-0.051741719245910645,-0.06429094076156616,-0.009824758197851224,-0.05431288480758667,-0.07863372564315796,-0.006350792746729894,-0.06131255626678467,-0.038365840911865234,0.010744422871880488,-0.06555145978927612,-0.0711408257484436,-0.002505946473888798,-0.05158036947250366,-0.06178724765777588,-0.010041812237091108,-0.04413270950317383,-0.04926943778991699,-0.01131940240759377,-0.04582929611206055,-0.04779917001724243,0.01321110894184585,-0.048398733139038086,-0.07873231172561646,-0.0023162037019801573,-0.03349214792251587,-0.05806005001068115,-0.007584283396340652,-0.03036665916442871,-0.042957961559295654,-0.005227235879488035,-0.030776381492614746,-0.055989623069763184,0.011962363694124178,-0.03216773271560669,-0.08098840713500977,-0.004943285405374809,-0.0203857421875,-0.05638682842254639,-0.004805993091054006,-0.01998847723007202,-0.0408780574798584,0.0016632220589372082,-0.01714789867401123,-0.059852421283721924,0.0098179068530726,-0.018311679363250732,-0.07928305864334106,-0.0007479601541717784,-0.010944008827209473,-0.060482561588287354,0.0009570584164748652,-0.01052635908126831,-0.045737624168395996,0.0063372847738492055
2,0.0,0.0,0.0,-0.025313854217529297,-0.0033020973205566406,-0.015923016178582827,-0.04683816432952881,-0.030621111392974854,-0.016781878131602923,-0.0560113787651062,-0.06225532293319702,-0.01594590063688628,-0.06115901470184326,-0.07687622308731079,-0.012027142974709193,-0.06467735767364502,-0.03461188077926636,0.004276655209089597,-0.06832599639892578,-0.07101958990097046,-0.009941300782536189,-0.05262798070907593,-0.06149262189865112,-0.01691098365483157,-0.04639458656311035,-0.049436986446380615,-0.017765915426586787,-0.049403369426727295,-0.045091331005096436,0.009219003435994466,-0.05000060796737671,-0.0788307785987854,-0.0073667791999625365,-0.033602237701416016,-0.057275474071502686,-0.011587159182106177,-0.032804012298583984,-0.04234480857849121,-0.00859545863715283,-0.034753382205963135,-0.054293692111968994,0.010244613108064016,-0.034318387508392334,-0.08102583885192871,-0.00849417171922795,-0.021020472049713135,-0.05526334047317505,-0.007897139000867526,-0.022378385066986084,-0.03967195749282837,-0.0009334075126545827,-0.022015631198883057,-0.059401094913482666,0.010185998459185441,-0.021593213081359863,-0.07989192008972168,-0.0018571033702912132,-0.012993872165679932,-0.06070590019226074,-0.00032739096570111315,-0.013285040855407715,-0.04545503854751587,0.00510945037456878
2,0.0,0.0,0.0,-0.024942219257354736,-0.004175782203674316,-0.014711595305179515,-0.045565128326416016,-0.029976606369018555,-0.01614741997507707,-0.05342578887939453,-0.062182843685150146,-0.01641393841889993,-0.056591689586639404,-0.078471839427948,-0.013738737606381335,-0.06432861089706421,-0.03334325551986694,0.005802730864907346,-0.06810051202774048,-0.06864553689956665,-0.008732357227181353,-0.05283552408218384,-0.059709012508392334,-0.016126794905339636,-0.046397268772125244,-0.04794961214065552,-0.017334301189457335,-0.049073219299316406,-0.04443866014480591,0.009496025576318345,-0.05123412609100342,-0.07734590768814087,-0.00715622275782124,-0.034972190856933594,-0.05627411603927612,-0.011471091003095069,-0.03360950946807861,-0.041776061058044434,-0.008576538578545012,-0.03448420763015747,-0.054271042346954346,0.009209325372303567,-0.03495919704437256,-0.07949888706207275,-0.009158779100452819,-0.02147972583770752,-0.05471158027648926,-0.008310361930107035,-0.022465527057647705,-0.040336012840270996,-0.0013549244514976522,-0.02149301767349243,-0.05958211421966553,0.007804673000300966,-0.02180260419845581,-0.07904332876205444,-0.003616120365386166,-0.01260751485824585,-0.060158729553222656,-0.0016949476459373614,-0.012498021125793457,-0.046148061752319336,0.0037963425955425123
2,0.0,0.0,0.0,-0.0253751277923584,-0.004273474216461182,-0.013753131072562041,-0.047044217586517334,-0.02912604808807373,-0.013866579200666251,-0.05561995506286621,-0.06079798936843872,-0.012874501797895732,-0.05886620283126831,-0.07843983173370361,-0.008878218981962505,-0.06542199850082397,-0.029561996459960938,0.007270226680148539,-0.07122331857681274,-0.0656735897064209,-0.007004400290142598,-0.05611681938171387,-0.05847734212875366,-0.014203623909097018,-0.049128830432891846,-0.047193706035614014,-0.01520725995634109,-0.050848543643951416,-0.04066425561904907,0.010760845575887856,-0.05424851179122925,-0.07435643672943115,-0.0060788938250055935,-0.037128329277038574,-0.054496169090270996,-0.010391155298393073,-0.034580230712890625,-0.03947228193283081,-0.007288164499740901,-0.03653675317764282,-0.0510675311088562,0.01027914505120009,-0.03839266300201416,-0.07646322250366211,-0.008250725496154132,-0.023845374584197998,-0.05286884307861328,-0.0074031083318999436,-0.024043500423431396,-0.03857904672622681,-0.00030449324968628844,-0.023443520069122314,-0.05709952116012573,0.008754808415133652,-0.02476203441619873,-0.07697367668151855,-0.0032171605094930555,-0.015045404434204102,-0.05869007110595703,-0.0015810544542631533,-0.014254093170166016,-0.044532954692840576,0.003842967288974819
2,0.0,0.0,0.0,-0.02470463514328003,-0.003370046615600586,-0.01456082402445702,-0.04670816659927368,-0.027267277240753174,-0.015568216095644516,-0.05526614189147949,-0.05872446298599243,-0.01515274285056023,-0.05728965997695923,-0.07653522491455078,-0.011480517449754757,-0.06646740436553955,-0.02836012840270996,0.005240159344893414,-0.07098054885864258,-0.06424987316131592,-0.008962326447445434,-0.05585283041000366,-0.05299574136734009,-0.015518815952319187,-0.05060446262359619,-0.04032367467880249,-0.01641126605399279,-0.051986634731292725,-0.04038268327713013,0.008914482084136921,-0.05525285005569458,-0.07344263792037964,-0.006865854605067057,-0.0386233925819397,-0.05278658866882324,-0.009936010229367298,-0.03784245252609253,-0.0398334264755249,-0.006643460362184328,-0.03784632682800293,-0.05114579200744629,0.008541713704389053,-0.03857576847076416,-0.07520562410354614,-0.009019648420590443,-0.0243685245513916,-0.05197727680206299,-0.007580222326296848,-0.025759100914001465,-0.03916013240814209,-0.0007662979741240861,-0.02461177110671997,-0.05713486671447754,0.0070010286318478165,-0.025503695011138916,-0.076144278049469,-0.004145059498924297,-0.015411078929901123,-0.05764085054397583,-0.002408843019011897,-0.01505500078201294,-0.04388982057571411,0.0025614521028813897
2,0.0,0.0,0.0,-0.026065349578857422,-0.0032115578651428223,-0.014721845253987453,-0.047774672508239746,-0.02810436487197876,-0.015487182862742088,-0.05634981393814087,-0.058824777603149414,-0.014793508663458965,-0.05942648649215698,-0.07497620582580566,-0.010960872262401722,-0.06685763597488403,-0.0294722318649292,0.005675738234387495,-0.0710037350654602,-0.06512558460235596,-0.008683558530790947,-0.0554279088973999,-0.054529786109924316,-0.015821941174252174,-0.04946666955947876,-0.04096794128417969,-0.016905708215816162,-0.05209791660308838,-0.041087567806243896,0.009614163101034023,-0.05561339855194092,-0.07464534044265747,-0.006990001048578165,-0.03780931234359741,-0.05458807945251465,-0.011122034839971207,-0.035636067390441895,-0.040095746517181396,-0.00801353061167731,-0.038097381591796875,-0.051809608936309814,0.00956193918766246,-0.03942233324050903,-0.0773242712020874,-0.008965099207742355,-0.024275124073028564,-0.0539402961730957,-0.008470149688108108,-0.02485668659210205,-0.039236247539520264,-0.0016355317557810167,-0.02524358034133911,-0.05803936719894409,0.00845560620011554,-0.026489078998565674,-0.07832473516464233,-0.0035208984982801894,-0.016176164150238037,-0.06024438142776489,-0.0021881954517795066,-0.015739262104034424,-0.04507589340209961,0.0029829801286922475
2,0.0,0.0,0.0,-0.02509063482284546,-0.0014809370040893555,-0.013585138300683752,-0.046609699726104736,-0.02356940507888794,-0.014912736768152968,-0.056388020515441895,-0.05345577001571655,-0.015203056091692702,-0.061360299587249756,-0.07073110342025757,-0.01256562786015536,-0.06545543670654297,-0.027302324771881104,0.0049934781358871305,-0.0714913010597229,-0.06086862087249756,-0.009127040559675947,-0.05662578344345093,-0.05096966028213501,-0.01621306145402457,-0.05029869079589844,-0.03835111856460571,-0.01737500184985663,-0.05098468065261841,-0.03958630561828613,0.008161108774814352,-0.0554620623588562,-0.0713992714881897,-0.007496563418087021,-0.03865855932235718,-0.05172443389892578,-0.011228244917717234,-0.03679633140563965,-0.038133323192596436,-0.00840362084868218,-0.036976635456085205,-0.050521910190582275,0.0076027324625584924,-0.03886890411376953,-0.07528811693191528,-0.009503116065886275,-0.024982571601867676,-0.052083730697631836,-0.008044917302456156,-0.025172054767608643,-0.03779566287994385,-0.001240526492026106,-0.02414041757583618,-0.05681347846984863,0.005987029356631979,-0.02584826946258545,-0.07599329948425293,-0.00442365247594978,-0.016428112983703613,-0.058200955390930176,-0.001996978817757622,-0.015578210353851318,-0.044376373291015625,0.003511440774175867
2,0.0,0.0,0.0,-0.02596038579940796,-0.0037634968757629395,-0.013873175000682636,-0.047574639320373535,-0.02560877799987793,-0.01488703790111856,-0.05696755647659302,-0.05542093515396118,-0.014850723771289154,-0.05868685245513916,-0.07420504093170166,-0.011724774008527561,-0.0670214295387268,-0.026741325855255127,0.007119563659742312,-0.07201617956161499,-0.061778128147125244,-0.006602382967159315,-0.05752968788146973,-0.05295443534851074,-0.013861057562664314,-0.05169397592544556,-0.041442036628723145,-0.015257239555850788,-0.052581727504730225,-0.03937947750091553,0.0106324756239502,-0.05605405569076538,-0.0706290602684021,-0.004743316890582605,-0.03983354568481445,-0.05197274684906006,-0.008850088557139202,-0.037876665592193604,-0.03926670551300049,-0.006274237511590286,-0.03851640224456787,-0.05107438564300537,0.010205431627198891,-0.040081024169921875,-0.07494056224822998,-0.006461530206635757,-0.02657097578048706,-0.052741169929504395,-0.005643977066412731,-0.026558339595794678,-0.03906691074371338,0.0007479702658912402,-0.025352835655212402,-0.05819666385650635,0.008619128512307839,-0.027198731899261475,-0.07694345712661743,-0.0013743564299346644,-0.018040597438812256,-0.0595281720161438,0.0005672858865892749,-0.01705986261367798,-0.04565107822418213,0.005725411484107212
2,0.0,0.0,0.0,-0.025777220726013184,-0.0038622021675109863,-0.013713614866958324,-0.04725515842437744,-0.026137471199035645,-0.014288247414754096,-0.05699437856674194,-0.055274248123168945,-0.013777174838708106,-0.05902445316314697,-0.07445031404495239,-0.010152563304529849,-0.06699371337890625,-0.026653587818145752,0.007258803266211089,-0.07240062952041626,-0.0625302791595459,-0.006293054987565938,-0.05754750967025757,-0.05297273397445679,-0.012962535806821052,-0.05165374279022217,-0.04054415225982666,-0.013924650699721042,-0.05230867862701416,-0.038682758808135986,0.010824298634304341,-0.05605107545852661,-0.07189631462097168,-0.004644048252032462,-0.039302170276641846,-0.05236607789993286,-0.008451062106416884,-0.03797030448913574,-0.03954744338989258,-0.00554644115351266,-0.037988245487213135,-0.049839675426483154,0.010459691434277829,-0.039533376693725586,-0.07520991563796997,-0.00674041811458892,-0.025758683681488037,-0.052591681480407715,-0.006139010974095527,-0.026596903800964355,-0.03919696807861328,0.0002603512284053977,-0.02477431297302246,-0.05635267496109009,0.009055083765758809,-0.02664846181869507,-0.07623851299285889,-0.0018230561082077656,-0.01736772060394287,-0.0588417649269104,-0.00039889279020144386,-0.016762495040893555,-0.04498213529586792,0.004488289038761195
2,0.0,0.0,0.0,-0.025678396224975586,-0.003805696964263916,-0.01453348930958498,-0.04697275161743164,-0.027086079120635986,-0.015302310064768676,-0.056384921073913574,-0.05705833435058594,-0.014854247980153445,-0.05920642614364624,-0.07364547252655029,-0.011482088193631057,-0.06651628017425537,-0.028155207633972168,0.006712744645440694,-0.07174032926559448,-0.06310200691223145,-0.006746501494532708,-0.05737638473510742,-0.05392402410507202,-0.013434171974992637,-0.051458120346069336,-0.0421256422996521,-0.014440525621509437,-0.05187636613845825,-0.04085409641265869,0.01061757344719183,-0.055539071559906006,-0.07241708040237427,-0.005025443453675393,-0.03887838125228882,-0.052242815494537354,-0.008852904029524211,-0.03717803955078125,-0.03940802812576294,-0.005843431055879478,-0.03757286071777344,-0.05215799808502197,0.010552875399255868,-0.039373695850372314,-0.07660931348800659,-0.006750780456101779,-0.025542020797729492,-0.05335897207260132,-0.005886334758585576,-0.025977909564971924,-0.03991645574569702,0.000748255690226074,-0.024331510066986084,-0.05837094783782959,0.009343486912214871,-0.02631986141204834,-0.07741987705230713,-0.0015558424129693549,-0.016742587089538574,-0.05941838026046753,0.00020582555585235696,-0.01603090763092041,-0.045707762241363525,0.00539443053271782
2,0.0,0.0,0.0,-0.025965452194213867,-0.0031888484954833984,-0.014769949333228283,-0.047627925872802734,-0.025506556034088135,-0.015984956489361934,-0.05799025297164917,-0.055137038230895996,-0.015952598617829494,-0.061464011669158936,-0.07508629560470581,-0.012854441383339577,-0.06863915920257568,-0.025526881217956543,0.006292027107022591,-0.0736435055732727,-0.06199312210083008,-0.007669165113426857,-0.058353424072265625,-0.05287611484527588,-0.01478805051878851,-0.05165398120880127,-0.041030168533325195,-0.015963882522143535,-0.05387997627258301,-0.03834211826324463,0.010454588255427666,-0.056886136531829834,-0.07165110111236572,-0.0056667987606005,-0.0395512580871582,-0.05169665813446045,-0.00980636695162218,-0.03709357976913452,-0.038286805152893066,-0.00696171339363616,-0.03955203294754028,-0.050143420696258545,0.01065110104396183,-0.04117172956466675,-0.07599079608917236,-0.007132144959129505,-0.027008652687072754,-0.05250740051269531,-0.006505533901460581,-0.026658952236175537,-0.03809821605682373,0.00015553177804861207,-0.02640712261199951,-0.057026803493499756,0.009758902399383373,-0.02851128578186035,-0.07706314325332642,-0.0014167890999914334,-0.01902073621749878,-0.059203386306762695,0.00013070798600267608,-0.01783806085586548,-0.04486250877380371,0.005313435720793791
2,0.0,0.0,0.0,-0.026207327842712402,-0.003400564193725586,-0.01501644666439006,-0.047939419746398926,-0.026426732540130615,-0.016210144228693935,-0.05799633264541626,-0.05568164587020874,-0.01606182924604127,-0.06161808967590332,-0.07314550876617432,-0.012781428947505447,-0.06801110506057739,-0.027115702629089355,0.005871787824275998,-0.07332783937454224,-0.06325912475585938,-0.00806148800199935,-0.0574650764465332,-0.05367922782897949,-0.014932161040064784,-0.051073431968688965,-0.041568636894226074,-0.015973999939319583,-0.053345322608947754,-0.03978419303894043,0.010047985397818593,-0.05651193857192993,-0.07281827926635742,-0.005846066243407222,-0.03927582502365112,-0.0529404878616333,-0.00996930881535718,-0.03777420520782471,-0.03976619243621826,-0.007235376007315608,-0.039406418800354004,-0.05114549398422241,0.010227396309915093,-0.04065638780593872,-0.07681280374526978,-0.007505143835601302,-0.026242852210998535,-0.053425133228302,-0.007229186437484714,-0.0265805721282959,-0.03902310132980347,-0.000918318826165887,-0.02660280466079712,-0.05773723125457764,0.009287269943001775,-0.027964234352111816,-0.07743853330612183,-0.0019567220764429294,-0.018210530281066895,-0.059762656688690186,-0.0007165747405224465,-0.017291486263275146,-0.04502838850021362,0.00417734232598832
2,0.0,0.0,0.0,-0.02711862325668335,-0.0025079846382141113,-0.015010828142095534,-0.04924201965332031,-0.02613520622253418,-0.016032083881128756,-0.059440016746520996,-0.05587458610534668,-0.015722238448489634,-0.06222569942474365,-0.07423388957977295,-0.012322938059497801,-0.06747943162918091,-0.02623802423477173,0.00658854750074056,-0.0732583999633789,-0.06305164098739624,-0.00696649447925779,-0.05768251419067383,-0.05428659915924072,-0.013640725043643442,-0.050943076610565186,-0.042424023151397705,-0.014487949189771143,-0.05257868766784668,-0.038789331912994385,0.0110561279682031,-0.0561903715133667,-0.0723831057548523,-0.004694544700015513,-0.03913789987564087,-0.05306345224380493,-0.008945828293491331,-0.03735905885696411,-0.039298415184020996,-0.0062168929623851454,-0.03867161273956299,-0.05041170120239258,0.011528354148339304,-0.040652573108673096,-0.0767558217048645,-0.006179239125032154,-0.026497483253479004,-0.05341976881027222,-0.006189580530900685,-0.026788771152496338,-0.038494110107421875,4.90250488098809e-05,-0.026349425315856934,-0.0575137734413147,0.010920367213856252,-0.028403639793395996,-0.07728773355484009,-0.00019213930207229168,-0.01859879493713379,-0.06015831232070923,0.0009062663404790783,-0.01723802089691162,-0.045634448528289795,0.005730489744763645
2,0.0,0.0,0.0,-0.026291847229003906,-0.002019047737121582,-0.015554863632459615,-0.049073100090026855,-0.026158571243286133,-0.01700292401834247,-0.06060260534286499,-0.055969417095184326,-0.017061234124739144,-0.06494337320327759,-0.07306289672851562,-0.01400489699913976,-0.06801193952560425,-0.02543771266937256,0.005316010537754323,-0.07400578260421753,-0.06223297119140625,-0.008993527524907563,-0.05774134397506714,-0.05296766757965088,-0.016009327628452752,-0.05094081163406372,-0.041478097438812256,-0.016972657897312615,-0.05372607707977295,-0.03851926326751709,0.009863862163584258,-0.05695301294326782,-0.07185232639312744,-0.006716173280764792,-0.039199888706207275,-0.051747143268585205,-0.011233938530821774,-0.03747105598449707,-0.03813910484313965,-0.00851462655587909,-0.04025280475616455,-0.05079156160354614,0.010459987773757007,-0.041783809661865234,-0.07680803537368774,-0.007786993541557763,-0.027027606964111328,-0.05284518003463745,-0.0075495980203044155,-0.02710038423538208,-0.03794306516647339,-0.0009715422860239187,-0.028166651725769043,-0.058521389961242676,0.009945731937150981,-0.029901444911956787,-0.07808995246887207,-0.0010161218454953769,-0.0196458101272583,-0.06056177616119385,0.0006499577208529672,-0.018034696578979492,-0.04606473445892334,0.005993620819609191
2,0.0,0.0,0.0,-0.027327358722686768,-0.002936840057373047,-0.01489702357240219,-0.049298107624053955,-0.0256577730178833,-0.016396171658115577,-0.060176193714141846,-0.055397748947143555,-0.01672948641963501,-0.06372058391571045,-0.07382804155349731,-0.014057760371642303,-0.067962646484375,-0.026146769523620605,0.0067272891636918075,-0.07330185174942017,-0.06255537271499634,-0.007267148944364976,-0.05786663293838501,-0.05402261018753052,-0.014636202028768253,-0.050379037857055664,-0.04216879606246948,-0.015870177431779098,-0.05334913730621338,-0.03928577899932861,0.011059089319033433,-0.05596727132797241,-0.07183736562728882,-0.0050190005105008595,-0.039412856101989746,-0.05260056257247925,-0.00988713862635393,-0.03700888156890869,-0.0382847785949707,-0.0075429955150951855,-0.0395510196685791,-0.05127882957458496,0.011423173115773011,-0.04053640365600586,-0.07652324438095093,-0.006366616359727573,-0.026665449142456055,-0.0531044602394104,-0.006729381403701495,-0.026358962059020996,-0.037458181381225586,-0.0006524325118419938,-0.027063608169555664,-0.0587385892868042,0.010711346508188058,-0.028545796871185303,-0.07787704467773438,-2.786718788172493e-05,-0.019061625003814697,-0.060321271419525146,0.001283326989224065,-0.017639756202697754,-0.04507666826248169,0.006351403647286702
2,0.0,0.0,0.0,-0.027691423892974854,-0.0032187700271606445,-0.014161476604499512,-0.04962867498397827,-0.026386559009552002,-0.015000281594552689,-0.05970203876495361,-0.05625814199447632,-0.014904296696045094,-0.06242728233337402,-0.07436418533325195,-0.011792426667966538,-0.06791704893112183,-0.026011526584625244,0.008682736456535167,-0.07419562339782715,-0.06239801645278931,-0.005138126406677657,-0.058775246143341064,-0.05424267053604126,-0.012490791007735425,-0.051625728607177734,-0.042997539043426514,-0.013725827187158757,-0.05326271057128906,-0.03907144069671631,0.012462187819323844,-0.05730777978897095,-0.07158714532852173,-0.0039259150809130006,-0.04035186767578125,-0.05259329080581665,-0.009288618080177002,-0.037709712982177734,-0.03890228271484375,-0.006985334418573075,-0.03942066431045532,-0.05119961500167847,0.012234585620603866,-0.04156452417373657,-0.07623821496963501,-0.005686088669904166,-0.02721226215362549,-0.05298507213592529,-0.006201593410082751,-0.02682405710220337,-0.03806406259536743,1.35519875357204e-05,-0.026789426803588867,-0.058974385261535645,0.01096290282919199,-0.02951580286026001,-0.07815182209014893,0.00031665511676237657,-0.01970893144607544,-0.06092900037765503,0.0017449184368842907,-0.017906606197357178,-0.04642033576965332,0.006960920319102115
2,0.0,0.0,0.0,-0.028201282024383545,-0.004161357879638672,-0.015234922887813696,-0.05044209957122803,-0.027040958404541016,-0.01659101703209842,-0.06170171499252319,-0.05599755048751831,-0.016867915997337946,-0.06504678726196289,-0.0730295181274414,-0.014107369715404161,-0.06930255889892578,-0.024759531021118164,0.008012862047124258,-0.07523202896118164,-0.06310242414474487,-0.005442174980473169,-0.05946606397628784,-0.054449498653411865,-0.01287680947227443,-0.05215752124786377,-0.04185563325881958,-0.014242612654399522,-0.054230332374572754,-0.03792548179626465,0.01267033825622832,-0.0572894811630249,-0.0718686580657959,-0.0033836722281392895,-0.0409201979637146,-0.052952468395233154,-0.009045434081983217,-0.038198113441467285,-0.03774237632751465,-0.007163238609265932,-0.040239036083221436,-0.05025213956832886,0.013334751231539599,-0.041925907135009766,-0.07620424032211304,-0.00400844532070721,-0.02859044075012207,-0.05312025547027588,-0.005103338407408842,-0.028196513652801514,-0.03654932975769043,0.0005154327814835824,-0.027890563011169434,-0.05796384811401367,0.012887439792919508,-0.030151844024658203,-0.07754099369049072,0.0029861988592330135,-0.02101755142211914,-0.06036102771759033,0.004159021759349457,-0.019691944122314453,-0.0446736216545105,0.00901317047880923
2,0.0,0.0,0.0,-0.02690446376800537,-0.0033392906188964844,-0.015595750810334152,-0.04843413829803467,-0.024980664253234863,-0.017868398615846104,-0.059949636459350586,-0.054138362407684326,-0.018859875315555996,-0.06571698188781738,-0.07142031192779541,-0.016885821634659237,-0.06951063871383667,-0.027131855487823486,0.005754085796198183,-0.07384294271469116,-0.06349790096282959,-0.008439241835603184,-0.057947754859924316,-0.05438727140426636,-0.016573985034355587,-0.04987555742263794,-0.04161655902862549,-0.018398377040156788,-0.054634809494018555,-0.04028487205505371,0.010341018511226707,-0.05721849203109741,-0.07222992181777954,-0.00572184279722876,-0.04082357883453369,-0.05341899394989014,-0.01137964327050156,-0.037592172622680664,-0.03877049684524536,-0.009801642896363205,-0.040865540504455566,-0.05226314067840576,0.011014571486285263,-0.041507601737976074,-0.07700109481811523,-0.006251313650736279,-0.02821505069732666,-0.05402296781539917,-0.00702396307302422,-0.02749878168106079,-0.0375940203666687,-0.0015349954336301153,-0.028259634971618652,-0.0595434308052063,0.010531573629251056,-0.02997976541519165,-0.07857692241668701,0.0005518661493084664,-0.020392417907714844,-0.06113612651824951,0.002081241298711234,-0.019107818603515625,-0.04563093185424805,0.00705942192884379
2,0.0,0.0,0.0,-0.02710336446762085,-0.0025432705879211426,-0.016428165781604775,-0.05029100179672241,-0.027007341384887695,-0.017832320827352532,-0.06224703788757324,-0.05615055561065674,-0.017549759420859345,-0.06687849760055542,-0.07155215740203857,-0.014020320671903619,-0.06964164972305298,-0.026151657104492188,0.005161257748198977,-0.07478362321853638,-0.06272560358047485,-0.009445846724617013,-0.05766093730926514,-0.05309247970581055,-0.016813684898721704,-0.050374627113342285,-0.04078066349029541,-0.017895486849653253,-0.05506342649459839,-0.03961724042892456,0.01025049230892705,-0.05771982669830322,-0.0726667046546936,-0.006649248014497289,-0.040081918239593506,-0.05300658941268921,-0.011454138617324361,-0.03814280033111572,-0.0384371280670166,-0.008771102587985524,-0.04132580757141113,-0.05192214250564575,0.011239124749494067,-0.042630553245544434,-0.07702863216400146,-0.007604769143569001,-0.02763134241104126,-0.0533328652381897,-0.007928130860733518,-0.027879655361175537,-0.03763622045516968,-0.0015014013660277215,-0.028894662857055664,-0.059415221214294434,0.011109721203041545,-0.03081345558166504,-0.07837611436843872,-0.0004654498806360152,-0.0203629732131958,-0.06046372652053833,0.000750035218601397,-0.019121408462524414,-0.04501998424530029,0.005927861489993802
2,0.0,0.0,0.0,-0.027232348918914795,-0.0029030442237854004,-0.015049923063031656,-0.04945749044418335,-0.02665048837661743,-0.01674198065023802,-0.05984699726104736,-0.05657142400741577,-0.01730783548276804,-0.06416893005371094,-0.07265979051589966,-0.014851334356478674,-0.06843292713165283,-0.028183162212371826,0.005993437635936516,-0.07359367609024048,-0.0641525387763977,-0.008298979923836214,-0.05693340301513672,-0.05320918560028076,-0.01594208259206198,-0.049740374088287354,-0.03973877429962158,-0.01750194359641455,-0.053573548793792725,-0.04102820158004761,0.010008315704055804,-0.056776225566864014,-0.0733557939529419,-0.006108322498164398,-0.04029881954193115,-0.053588032722473145,-0.011235208102277738,-0.03868776559829712,-0.03941160440444946,-0.009312670529595835,-0.03970521688461304,-0.05273008346557617,0.01005140148032524,-0.04090738296508789,-0.07796645164489746,-0.007960603424123747,-0.02719956636428833,-0.054306864738464355,-0.00850377217005871,-0.02774709463119507,-0.03869515657424927,-0.0027253053530671423,-0.027046561241149902,-0.060086607933044434,0.00902104578841545,-0.029155075550079346,-0.07971209287643433,-0.0018408115401484793,-0.019412100315093994,-0.06181347370147705,-0.0004285336153202479,-0.01854461431503296,-0.04624098539352417,0.004522792677619236
2,0.0,0.0,0.0,-0.028171658515930176,-0.005056262016296387,-0.015853181433286068,-0.050288498401641846,-0.030217289924621582,-0.016753788989390728,-0.06112629175186157,-0.05825227499008179,-0.01623023855349004,-0.06595027446746826,-0.07142549753189087,-0.012588425491358635,-0.06727170944213867,-0.029410362243652344,0.006950222469512823,-0.07313531637191772,-0.06616055965423584,-0.005978106007333395,-0.05693984031677246,-0.05636054277420044,-0.012684601310994026,-0.050192832946777344,-0.042402803897857666,-0.013500667129065391,-0.05235320329666138,-0.041647374629974365,0.01227674265543044,-0.055154263973236084,-0.07451212406158447,-0.0027070163734066455,-0.03913235664367676,-0.055884599685668945,-0.007799118709172603,-0.03777742385864258,-0.04014885425567627,-0.005890652023609277,-0.038867831230163574,-0.05309838056564331,0.013607904363070134,-0.040226757526397705,-0.07849818468093872,-0.0032616739146220652,-0.026943445205688477,-0.055781006813049316,-0.004374682855214473,-0.027557194232940674,-0.038845181465148926,0.0009805294001665743,-0.02730470895767212,-0.06011080741882324,0.013834679547343853,-0.029454529285430908,-0.08022046089172363,0.004202803644929531,-0.020082175731658936,-0.06372284889221191,0.005378592341784838,-0.019096970558166504,-0.04752618074417114,0.010041053454969529
2,0.0,0.0,0.0,-0.028549909591674805,-0.0053061842918396,-0.01525987242064275,-0.05069857835769653,-0.030110061168670654,-0.015821210338685887,-0.06186175346374512,-0.057791829109191895,-0.015188709131393807,-0.06762397289276123,-0.07169699668884277,-0.011478087163482087,-0.06737357378005981,-0.028863966464996338,0.00841127964952193,-0.0736311674118042,-0.06540501117706299,-0.00508058420098223,-0.05775541067123413,-0.05696147680282593,-0.012609182155642884,-0.05030238628387451,-0.04360496997833252,-0.01381840300462045,-0.05249541997909546,-0.040686607360839844,0.013382482112433536,-0.05600154399871826,-0.07373046875,-0.0023227462050954273,-0.039675116539001465,-0.055720746517181396,-0.008150251812253373,-0.03756672143936157,-0.040016889572143555,-0.006487909003112691,-0.03893458843231201,-0.052237629890441895,0.014306308471645934,-0.040934741497039795,-0.07813698053359985,-0.0030699002062419822,-0.027586936950683594,-0.055549561977386475,-0.0044373704557756355,-0.027920544147491455,-0.03852570056915283,0.0009484482026209662,-0.027431070804595947,-0.059654831886291504,0.01415753527828656,-0.029566049575805664,-0.0796155333518982,0.00415763701596461,-0.020125091075897217,-0.06291848421096802,0.005229707111652715,-0.01904153823852539,-0.04687535762786865,0.009963214167441947
2,0.0,0.0,0.0,-0.028867363929748535,-0.006522715091705322,-0.014252432689133343,-0.05177956819534302,-0.03221184015274048,-0.014327593214872536,-0.06168222427368164,-0.05946767330169678,-0.01343355241424149,-0.06776273250579834,-0.07019072771072388,-0.009521490030053315,-0.06713497638702393,-0.028821945190429688,0.008862354725536647,-0.07324939966201782,-0.06608802080154419,-0.004733706891599354,-0.05687469244003296,-0.05789780616760254,-0.01227078500396317,-0.049777448177337646,-0.04509347677230835,-0.01362114965176886,-0.05183696746826172,-0.040685296058654785,0.01293493241810495,-0.05572700500488281,-0.07455241680145264,-0.003401585223215875,-0.039276063442230225,-0.05578345060348511,-0.009258942745688614,-0.03754526376724243,-0.03968995809555054,-0.007476779699388203,-0.03788590431213379,-0.05197328329086304,0.013027870960470977,-0.04049128293991089,-0.07797771692276001,-0.0047915136181444495,-0.02669823169708252,-0.055272579193115234,-0.005668656036320385,-0.027557194232940674,-0.03899604082107544,0.0001057584506298781,-0.025931477546691895,-0.05872678756713867,0.012080795995828453,-0.028654754161834717,-0.07879579067230225,0.001749298701000157,-0.01879805326461792,-0.06181013584136963,0.0032286240513741404,-0.017729341983795166,-0.04605585336685181,0.008230062134501281
2,0.0,0.0,0.0,-0.028187811374664307,-0.007018387317657471,-0.014613009974254965,-0.05035680532455444,-0.033191680908203125,-0.015835207871987222,-0.059794723987579346,-0.06143975257873535,-0.016287605263187288,-0.06308430433273315,-0.07357543706893921,-0.013730244696034788,-0.06753069162368774,-0.030166685581207275,0.00794270170490563,-0.07365947961807251,-0.06777065992355347,-0.00650775896747291,-0.05708146095275879,-0.058071792125701904,-0.014613147809996008,-0.049735307693481445,-0.044784724712371826,-0.016360255874587892,-0.05205744504928589,-0.04208344221115112,0.01154129394899428,-0.05601567029953003,-0.07590919733047485,-0.005213528856529592,-0.03995007276535034,-0.05630040168762207,-0.011095161534740328,-0.037764906883239746,-0.040935218334198,-0.009343297205759882,-0.03770935535430908,-0.053354084491729736,0.01108695661287129,-0.04001128673553467,-0.07973206043243408,-0.007099122259660362,-0.026748180389404297,-0.05594468116760254,-0.0079417442752856,-0.0270116925239563,-0.03958255052566528,-0.0020727615187752235,-0.025034964084625244,-0.05993694067001343,0.009498151034222246,-0.027717292308807373,-0.08104544878005981,-0.0010061060161206115,-0.018320679664611816,-0.063099205493927,0.000472578235076071,-0.017160654067993164,-0.04670459032058716,0.005482347697125078
2,0.0,0.0,0.0,-0.027737736701965332,-0.007662475109100342,-0.01227281300667471,-0.048642635345458984,-0.03503739833831787,-0.012509202233886185,-0.05652451515197754,-0.06568020582199097,-0.01246247032973713,-0.05848008394241333,-0.08126556873321533,-0.009561195618843499,-0.06480389833450317,-0.03472036123275757,0.010322976276839313,-0.07082343101501465,-0.07181757688522339,-0.004396366070395175,-0.05585974454879761,-0.0635232925415039,-0.01276796089801735,-0.04819232225418091,-0.05191165208816528,-0.014623677007293168,-0.049331605434417725,-0.04596596956253052,0.01264014037009531,-0.05272585153579712,-0.07906454801559448,-0.004723827003871861,-0.03678858280181885,-0.05842089653015137,-0.010579613617991868,-0.03392833471298218,-0.04350137710571289,-0.00850346649382061,-0.03488641977310181,-0.05647003650665283,0.010952877231503066,-0.03706634044647217,-0.08228302001953125,-0.007419623549466792,-0.024180471897125244,-0.05775552988052368,-0.007528641376083556,-0.024127304553985596,-0.042346417903900146,-0.001074573023615244,-0.021775484085083008,-0.06300920248031616,0.008229482338393268,-0.023677170276641846,-0.08289080858230591,-0.0025829098870957523,-0.014751672744750977,-0.06399720907211304,-0.0008360557243207722,-0.01396113634109497,-0.048636674880981445,0.004473382492179212
2,0.0,0.0,0.0,-0.02760845422744751,-0.007451891899108887,-0.01307556798425935,-0.04929614067077637,-0.033294081687927246,-0.014355313235199674,-0.058224380016326904,-0.06285357475280762,-0.015268069894290193,-0.06257236003875732,-0.07788217067718506,-0.01350345762190841,-0.06702232360839844,-0.03311169147491455,0.007363025828027503,-0.07288628816604614,-0.07186907529830933,-0.007899427988803609,-0.05703866481781006,-0.06584608554840088,-0.01741915123281501,-0.04895812273025513,-0.053177714347839355,-0.020065422372198327,-0.05176013708114624,-0.04421502351760864,0.010107315874421374,-0.05377596616744995,-0.079037606716156,-0.007462961801564916,-0.03673660755157471,-0.06107926368713379,-0.014574399420297368,-0.03365826606750488,-0.043730735778808594,-0.013764736444926484,-0.037627339363098145,-0.05517268180847168,0.009130677005970256,-0.038701772689819336,-0.08223462104797363,-0.008927797169661744,-0.025049984455108643,-0.059591054916381836,-0.009731176511621698,-0.025164484977722168,-0.041523635387420654,-0.004083526523089631,-0.02525228261947632,-0.06202501058578491,0.007096621005558745,-0.026034235954284668,-0.0843084454536438,-0.00310619801027201,-0.01687633991241455,-0.06697911024093628,-0.0011862602245571452,-0.01656728982925415,-0.04911088943481445,0.004064495938592927
2,0.0,0.0,0.0,-0.02687925100326538,-0.006836652755737305,-0.014417705837487915,-0.048758089542388916,-0.03212326765060425,-0.01748346049696181,-0.058401525020599365,-0.061251699924468994,-0.01978339884787772,-0.06238913536071777,-0.07582050561904907,-0.019383239339887837,-0.06700342893600464,-0.0344548225402832,0.0033925918267669886,-0.07078975439071655,-0.07145857810974121,-0.012241811271607617,-0.05394291877746582,-0.06188011169433594,-0.021988327395021656,-0.046796560287475586,-0.04734694957733154,-0.02517958615332816,-0.05162578821182251,-0.04493725299835205,0.006176690790951511,-0.05381232500076294,-0.07862365245819092,-0.010768152553438881,-0.03692346811294556,-0.06132996082305908,-0.017562989856898525,-0.03425782918930054,-0.0448039174079895,-0.017290458794533947,-0.03770023584365845,-0.05527383089065552,0.005394439432919285,-0.03860241174697876,-0.08107203245162964,-0.011970562640428284,-0.02476435899734497,-0.06007903814315796,-0.01203680295854781,-0.02491694688796997,-0.04321068525314331,-0.0066054437904057295,-0.025387227535247803,-0.06132054328918457,0.003391226740703246,-0.025496184825897217,-0.08209598064422607,-0.0061039950361845285,-0.01557469367980957,-0.06550443172454834,-0.0035509832797941954,-0.015040159225463867,-0.049160897731781006,0.0016111129533129542
2,0.0,0.0,0.0,-0.02967137098312378,-0.00959789752960205,-0.009232539008863228,-0.051581382751464844,-0.036506831645965576,-0.010257479991324203,-0.05685824155807495,-0.06550365686416626,-0.01217090177864577,-0.05194443464279175,-0.08108043670654297,-0.011816199194200294,-0.057496845722198486,-0.04804182052612305,0.00953311354338382,-0.06586772203445435,-0.0794324278831482,-0.004875700246103065,-0.053198277950286865,-0.06822794675827026,-0.013592920522697227,-0.04710650444030762,-0.05503964424133301,-0.016377565707571762,-0.04268288612365723,-0.05724865198135376,0.009400201704792721,-0.04508763551712036,-0.08454787731170654,-0.005744896620072382,-0.03269535303115845,-0.06243455410003662,-0.010843860242076175,-0.03297334909439087,-0.048139333724975586,-0.009922238323397892,-0.028600990772247314,-0.06413519382476807,0.0055781088066027,-0.030133843421936035,-0.08613216876983643,-0.009232538077540653,-0.020734965801239014,-0.0616421103477478,-0.008268973115391987,-0.022145748138427734,-0.04770857095718384,-0.0030894449684097935,-0.015313982963562012,-0.06805044412612915,0.0005928500666954051,-0.01623225212097168,-0.0849311351776123,-0.006341333757646339,-0.009961426258087158,-0.06603354215621948,-0.0032081406335606744,-0.01022958755493164,-0.05261021852493286,0.001532499305412216
2,0.0,0.0,0.0,-0.029623031616210938,-0.010032951831817627,-0.00821058332468283,-0.05325186252593994,-0.040126144886016846,-0.008363937693786738,-0.05994713306427002,-0.07001549005508423,-0.009615184473943827,-0.05372262001037598,-0.08506536483764648,-0.008407574813020346,-0.05626946687698364,-0.051253437995910645,0.010299394172477605,-0.06306463479995728,-0.08366715908050537,-0.004144913717311738,-0.049375832080841064,-0.06886416673660278,-0.012586584049415706,-0.0440182089805603,-0.05432426929473877,-0.014952475871098159,-0.04221808910369873,-0.05784028768539429,0.010045573380637052,-0.04390603303909302,-0.08670985698699951,-0.0054838175095142105,-0.031124770641326904,-0.06431818008422852,-0.010470850127887843,-0.031056702136993408,-0.049661219120025635,-0.00906824759687197,-0.029140174388885498,-0.0640103816986084,0.006235503391224029,-0.029939115047454834,-0.08824944496154785,-0.008592833499562857,-0.020652472972869873,-0.0637781023979187,-0.0073217011197925785,-0.02145630121231079,-0.048265695571899414,-0.001516112908859668,-0.016827642917633057,-0.0681111216545105,0.001350078065740945,-0.01605302095413208,-0.08618545532226562,-0.005702149323326466,-0.010236501693725586,-0.06751835346221924,-0.0029591298337550143,-0.010618984699249268,-0.053450047969818115,0.0017609683888508698
2,0.0,0.0,0.0,-0.02924060821533203,-0.014467000961303711,-0.00755778538778884,-0.04950660467147827,-0.044518351554870605,-0.00690503722772462,-0.054160237312316895,-0.07403653860092163,-0.007481006689076253,-0.047003746032714844,-0.08912688493728638,-0.005796791769270726,-0.055483102798461914,-0.05026620626449585,0.013139513537581138,-0.06345421075820923,-0.08424848318099976,-0.0005592528778919359,-0.050883471965789795,-0.07557040452957153,-0.009578675746624299,-0.044131338596343994,-0.06220811605453491,-0.012215783603195973,-0.040251195430755615,-0.056684136390686035,0.012897488877470664,-0.04286932945251465,-0.08782821893692017,-0.0020745864768372257,-0.03061884641647339,-0.06864035129547119,-0.008324042677585908,-0.029154837131500244,-0.05323225259780884,-0.007616785138552018,-0.026055097579956055,-0.06284672021865845,0.009152895056004695,-0.02830570936203003,-0.08876824378967285,-0.005099861666266747,-0.019638121128082275,-0.0664110779762268,-0.005012306168381997,-0.019462287425994873,-0.050518155097961426,0.00011899242043966751,-0.012685298919677734,-0.06662827730178833,0.004408668477381639,-0.014139652252197266,-0.08636069297790527,-0.0021198888008342465,-0.008767008781433105,-0.06907719373703003,0.0006043682641490022,-0.008118093013763428,-0.05453205108642578,0.005356156017924718
2,0.0,0.0,0.0,-0.029017925262451172,-0.015364348888397217,-0.007868581876806502,-0.048832058906555176,-0.04741072654724121,-0.007805534598134045,-0.053379714488983154,-0.07796263694763184,-0.008958168753139262,-0.043990373611450195,-0.09351921081542969,-0.007708521053842787,-0.051648855209350586,-0.0588112473487854,0.012187134049185033,-0.05622321367263794,-0.09228736162185669,-0.00262462483411241,-0.04648411273956299,-0.07492166757583618,-0.011249105871371512,-0.04187512397766113,-0.05959320068359375,-0.013401122257761244,-0.03561824560165405,-0.06299370527267456,0.011710600502141233,-0.037092626094818115,-0.09400719404220581,-0.004412332975022082,-0.027673304080963135,-0.06713199615478516,-0.009226152167371993,-0.026340246200561523,-0.05247640609741211,-0.00699325320934463,-0.020703792572021484,-0.06681913137435913,0.007521655916519876,-0.021929621696472168,-0.092185378074646,-0.007470389787755494,-0.016079068183898926,-0.06449240446090698,-0.005959290505103354,-0.015755295753479004,-0.049984633922576904,0.0005339276798110859,-0.006445348262786865,-0.06902241706848145,0.002304498146571632,-0.008259177207946777,-0.08820343017578125,-0.00376270963502634,-0.004830002784729004,-0.0682632327079773,-5.656709586787656e-05,-0.003833591938018799,-0.05543649196624756,0.005479852243610139
2,0.0,0.0,0.0,-0.02727055549621582,-0.015844404697418213,-0.008167071958226302,-0.04583775997161865,-0.04789769649505615,-0.008868446332556346,-0.05060857534408569,-0.08019763231277466,-0.010623189379614928,-0.0443759560585022,-0.10117471218109131,-0.009865484890681842,-0.0501895546913147,-0.06346505880355835,0.012842891047554872,-0.05319976806640625,-0.09338134527206421,-0.0013017123482796933,-0.04443544149398804,-0.0725412368774414,-0.009315257650953868,-0.040860652923583984,-0.05901306867599487,-0.011191641670805552,-0.034443676471710205,-0.06838953495025635,0.012483860607105157,-0.034649789333343506,-0.09843999147415161,-0.002703820579839089,-0.026796698570251465,-0.06880468130111694,-0.006982656886023619,-0.02613651752471924,-0.056155264377593994,-0.004420516305756905,-0.01876276731491089,-0.07168817520141602,0.008407909664171598,-0.018541574478149414,-0.09600049257278442,-0.006992405505073407,-0.01395505666732788,-0.06573766469955444,-0.004889567607236245,-0.014279305934906006,-0.052640318870544434,0.002262237024339697,-0.0034770965576171875,-0.0726320743560791,0.003447798787462375,-0.005048573017120361,-0.09003418684005737,-0.002843557848748901,-0.002746284008026123,-0.06815183162689209,0.0016088488128360723,-0.002697467803955078,-0.05687934160232544,0.007936265560644529
2,0.0,0.0,0.0,-0.026949822902679443,-0.016364872455596924,-0.007278413285106922,-0.044558584690093994,-0.04951822757720947,-0.007194292039216066,-0.04719209671020508,-0.08199691772460938,-0.008218148030877614,-0.041078150272369385,-0.10148811340332031,-0.006702371646255756,-0.047926485538482666,-0.06711912155151367,0.013088689878046011,-0.0491868257522583,-0.09686511754989624,-0.0005728403982487862,-0.0419769287109375,-0.07412213087081909,-0.008067156427145505,-0.0388798713684082,-0.05965447425842285,-0.009706073679566884,-0.032014548778533936,-0.070820152759552,0.012538324802576994,-0.030849158763885498,-0.10051077604293823,-0.002268863149524236,-0.02458101511001587,-0.06863957643508911,-0.0060148828258519416,-0.024086833000183105,-0.055942416191101074,-0.003127963986784721,-0.016140460968017578,-0.07274240255355835,0.008345816976785159,-0.014652371406555176,-0.09794455766677856,-0.006792281527609134,-0.011886417865753174,-0.06601381301879883,-0.004468598641992116,-0.012630224227905273,-0.052404701709747314,0.002757865230947232,-0.0006725788116455078,-0.07220244407653809,0.0033525014234925266,-0.0013791918754577637,-0.09081357717514038,-0.0035573171978597884,-0.0007974505424499512,-0.0685340166091919,0.00044076458404163077,-0.0015160441398620605,-0.05694258213043213,0.006558485555856919
2,0.0,0.0,0.0,-0.02752077579498291,-0.015692949295043945,-0.006484330269614702,-0.044800758361816406,-0.04875600337982178,-0.006032004590252882,-0.0466802716255188,-0.08243590593338013,-0.006932644742647653,-0.04005908966064453,-0.10299736261367798,-0.005369924112329727,-0.04615849256515503,-0.06708049774169922,0.014750062384536022,-0.04847073554992676,-0.09657871723175049,0.0018516056136093084,-0.04217076301574707,-0.0744355320930481,-0.005618843353460079,-0.03923720121383667,-0.05961662530899048,-0.007383127800295597,-0.0301705002784729,-0.07007348537445068,0.014081108280350918,-0.030173182487487793,-0.09991037845611572,-0.0001753726408253442,-0.024059057235717773,-0.06838113069534302,-0.004302729024658447,-0.02294987440109253,-0.053952932357788086,-0.0017165911720269378,-0.014179587364196777,-0.0711660385131836,0.009889022343685383,-0.013943493366241455,-0.09693348407745361,-0.004283252275655514,-0.011212706565856934,-0.06550157070159912,-0.001771905795777684,-0.011303246021270752,-0.05025970935821533,0.005437197525878901,0.0016428828239440918,-0.07018691301345825,0.004889676243891472,-0.00018852949142456055,-0.08924287557601929,-0.0013245367315732892,0.00017845630645751953,-0.0675879716873169,0.002885150619675869,-6.902217864990234e-05,-0.05528736114501953,0.009057494708230251
2,0.0,0.0,0.0,-0.0272829532623291,-0.0145072340965271,-0.007600401738656615,-0.04526960849761963,-0.04755908250808716,-0.007552175527436589,-0.047957003116607666,-0.0825156569480896,-0.00853211919404373,-0.04088526964187622,-0.10328972339630127,-0.006879182742906664,-0.04672706127166748,-0.06752699613571167,0.013004842003809358,-0.04925888776779175,-0.09704452753067017,-0.00046197185967855603,-0.0424993634223938,-0.07342898845672607,-0.007901488082481478,-0.03872901201248169,-0.0600551962852478,-0.009734204249454592,-0.030132591724395752,-0.07069146633148193,0.012640533758329298,-0.03151434659957886,-0.10011589527130127,-0.0018245358727853045,-0.025918662548065186,-0.06770175695419312,-0.005423461297525023,-0.024205267429351807,-0.05595874786376953,-0.002604529704896663,-0.013921201229095459,-0.07168644666671753,0.008644222071396257,-0.014883697032928467,-0.09792596101760864,-0.006085104985160683,-0.012799203395843506,-0.06542378664016724,-0.0029202908985297427,-0.012119770050048828,-0.052047133445739746,0.0047170866969992176,0.0022539496421813965,-0.07078760862350464,0.003724630013110186,-0.00037491321563720703,-0.08884704113006592,-0.0030330181829612,-0.000513911247253418,-0.06630104780197144,0.0013410883480702296,-0.00027048587799072266,-0.055215299129486084,0.007652100896464731
2,0.0,0.0,0.0,-0.02898305654525757,-0.014114201068878174,-0.006718249976216839,-0.04802417755126953,-0.04832577705383301,-0.005932785555302189,-0.049437761306762695,-0.0825115442276001,-0.0064123030598750574,-0.04129147529602051,-0.1018531322479248,-0.00436240479680805,-0.04679369926452637,-0.06781262159347534,0.013367302731097652,-0.048896193504333496,-0.09844821691513062,9.451782611336057e-05,-0.0422709584236145,-0.07399046421051025,-0.00710094578894882,-0.03949183225631714,-0.059952378273010254,-0.008835138737737225,-0.0303993821144104,-0.07044613361358643,0.012655443527222587,-0.030544161796569824,-0.09985858201980591,-0.001983426263137744,-0.025538265705108643,-0.06738412380218506,-0.00589885002332835,-0.025592684745788574,-0.055474042892456055,-0.0033378088693609698,-0.014690160751342773,-0.07153105735778809,0.008393239245236828,-0.014320135116577148,-0.09720045328140259,-0.0061322413231721384,-0.012251138687133789,-0.0648297667503357,-0.0033642563350042565,-0.013218402862548828,-0.05173683166503906,0.003865773106412007,0.0007230043411254883,-0.07081305980682373,0.0032571209747800367,-7.855892181396484e-05,-0.08863168954849243,-0.003448488641112135,0.00013810396194458008,-0.06649363040924072,0.0005860692625390129,-0.0006142854690551758,-0.05541127920150757,0.006571574151934101
2,0.0,0.0,0.0,-0.028445899486541748,-0.01699841022491455,-0.00824504316121022,-0.046414971351623535,-0.05182445049285889,-0.008140026296374003,-0.04924565553665161,-0.08598381280899048,-0.009154556955095927,-0.040289342403411865,-0.10578775405883789,-0.007534317842569749,-0.04542660713195801,-0.07160931825637817,0.014724469107690652,-0.046451449394226074,-0.1012691855430603,0.0016241608579861122,-0.04053664207458496,-0.07685166597366333,-0.0058296515446869535,-0.03796684741973877,-0.06324398517608643,-0.007662919520285527,-0.028798937797546387,-0.07408332824707031,0.014784169678691228,-0.028203904628753662,-0.1032763123512268,0.00039324438397159156,-0.024214088916778564,-0.07068109512329102,-0.004011734559085767,-0.023910224437713623,-0.05917161703109741,-0.0016408628391815228,-0.012961208820343018,-0.07463908195495605,0.011035946493151982,-0.011847257614135742,-0.09990912675857544,-0.0035454432320563,-0.011330246925354004,-0.06786036491394043,-0.0016702352397857112,-0.011970758438110352,-0.055214762687683105,0.005225721576366027,0.002520442008972168,-0.07333332300186157,0.006341163364353974,0.0013009309768676758,-0.09163528680801392,0.00040559645707105574,0.0005301833152770996,-0.06994974613189697,0.004541341510716279,7.748603820800781e-05,-0.059294283390045166,0.010644029189947446
2,0.0,0.0,0.0,-0.028355538845062256,-0.014699280261993408,-0.0057621571689594475,-0.047089219093322754,-0.04822039604187012,-0.004074178308968612,-0.04918581247329712,-0.08151984214782715,-0.003759793377270171,-0.03940922021865845,-0.09943699836730957,-0.0007806368160743204,-0.045793116092681885,-0.06882905960083008,0.01491356301235669,-0.047469258308410645,-0.09904289245605469,0.0015694220561783823,-0.040925025939941406,-0.07432734966278076,-0.005629528918092319,-0.038459599018096924,-0.059485435485839844,-0.0072752634517598835,-0.029121756553649902,-0.07045578956604004,0.013934390946502617,-0.029121339321136475,-0.09966886043548584,-0.0008321082208055941,-0.024253785610198975,-0.06683498620986938,-0.004632556949530908,-0.02524048089981079,-0.054893434047698975,-0.001955658801620075,-0.013169348239898682,-0.07106047868728638,0.009378186754162243,-0.012238025665283203,-0.0965263843536377,-0.00558559796658642,-0.010543584823608398,-0.06381052732467651,-0.0027964181720960823,-0.012572288513183594,-0.0508570671081543,0.004494702304924658,0.0023261308670043945,-0.06994760036468506,0.004047064903403452,0.002243220806121826,-0.08747392892837524,-0.003332530985375115,0.0024098753929138184,-0.0653076171875,0.0003494935005221578,0.0010561347007751465,-0.05430638790130615,0.006124231825793913
2,0.0,0.0,0.0,-0.028878509998321533,-0.01682901382446289,-0.008042820133681516,-0.04584193229675293,-0.052102088928222656,-0.007482043803150873,-0.04925072193145752,-0.0863233208656311,-0.008045696989114504,-0.041621625423431396,-0.10678905248641968,-0.005726415999646406,-0.04551905393600464,-0.07376670837402344,0.01515708643901803,-0.04692995548248291,-0.10335791110992432,0.0011598486588866308,-0.04026585817337036,-0.07857018709182739,-0.006471315734501104,-0.03746020793914795,-0.06440144777297974,-0.00818053945940278,-0.02898097038269043,-0.07550948858261108,0.014965823515836973,-0.027996361255645752,-0.10474181175231934,-0.0004364299976202801,-0.023542046546936035,-0.07075905799865723,-0.004524912555183391,-0.024290859699249268,-0.059017062187194824,-0.0016535787009104297,-0.012975096702575684,-0.07502245903015137,0.010793356820528288,-0.010949492454528809,-0.10066568851470947,-0.005180493332858305,-0.010309994220733643,-0.06733119487762451,-0.0027021086872025535,-0.011838316917419434,-0.05434918403625488,0.00493969967547514,0.0031888484954833984,-0.07253760099411011,0.0056829356025502875,0.003601551055908203,-0.09227263927459717,-0.0020728093669220016,0.0026056766510009766,-0.07010132074356079,0.00173033845103987,0.0009801387786865234,-0.05873221158981323,0.007989371791069289
2,0.0,0.0,0.0,-0.02787601947784424,-0.01433718204498291,-0.00892448066298357,-0.04523265361785889,-0.05195575952529907,-0.008479748987895164,-0.048184752464294434,-0.08750700950622559,-0.008669435181957397,-0.04042750597000122,-0.10783296823501587,-0.005893826620024356,-0.04477357864379883,-0.07595181465148926,0.01185548385109314,-0.04530733823776245,-0.10616445541381836,-0.0024971234568624823,-0.039103150367736816,-0.0798271894454956,-0.009585210257512244,-0.036734044551849365,-0.06471443176269531,-0.010990407453220996,-0.028054237365722656,-0.07758522033691406,0.011941953426855889,-0.02654033899307251,-0.10670524835586548,-0.00394394401956788,-0.02254462242126465,-0.07140862941741943,-0.00718725299958578,-0.02393442392349243,-0.06004601716995239,-0.0038386589338301746,-0.01180720329284668,-0.07674533128738403,0.008114363862830487,-0.008796215057373047,-0.10197067260742188,-0.008384392732125434,-0.008868992328643799,-0.06774604320526123,-0.0053010360759913056,-0.011619210243225098,-0.05546468496322632,0.002490104972082463,0.003871917724609375,-0.07399678230285645,0.003311025774735299,0.004616260528564453,-0.09178227186203003,-0.005277812616270694,0.003743588924407959,-0.06850701570510864,-0.0017119696320264666,0.0020123720169067383,-0.057863473892211914,0.004218305325764504
2,0.0,0.0,0.0,-0.02843153476715088,-0.014930009841918945,-0.008199244195878919,-0.046483397483825684,-0.052138566970825195,-0.007988543639243062,-0.04969841241836548,-0.08843320608139038,-0.008611246401727612,-0.04149448871612549,-0.10970771312713623,-0.006396078428537066,-0.04378873109817505,-0.07769495248794556,0.012288889458119456,-0.04360973834991455,-0.10652804374694824,-0.001731692737251933,-0.037425994873046875,-0.07999634742736816,-0.008995560387432988,-0.03471386432647705,-0.06457364559173584,-0.010682471486092027,-0.027384400367736816,-0.07939112186431885,0.011983407271742408,-0.025560319423675537,-0.1077074408531189,-0.003363088395730074,-0.02147519588470459,-0.07235074043273926,-0.0066509520805482225,-0.022421598434448242,-0.060402870178222656,-0.00356101400060993,-0.011309206485748291,-0.07838714122772217,0.007875866798400466,-0.008270025253295898,-0.1031528115272522,-0.008032440597474988,-0.008066833019256592,-0.0691072940826416,-0.004834162926584895,-0.01014721393585205,-0.055995285511016846,0.0028476429467048092,0.00446707010269165,-0.07511717081069946,0.0028544409030075713,0.004821479320526123,-0.09194475412368774,-0.005070214549363072,0.004029750823974609,-0.06916123628616333,-0.0012221289037768202,0.002839326858520508,-0.05886107683181763,0.004748040420651023
2,0.0,0.0,0.0,-0.02796173095703125,-0.017032325267791748,-0.007182132568090083,-0.04626321792602539,-0.05119132995605469,-0.007672972626863839,-0.05135864019393921,-0.08627885580062866,-0.009523731306074978,-0.042779743671417236,-0.10828220844268799,-0.008801011018334748,-0.04294872283935547,-0.07846373319625854,0.013350971393407463,-0.043434739112854004,-0.10572147369384766,-0.0012925515173662916,-0.036308467388153076,-0.08017557859420776,-0.009260390534876706,-0.03400701284408569,-0.06475085020065308,-0.01125534588831556,-0.02690178155899048,-0.07998901605606079,0.012197392411650299,-0.025712311267852783,-0.10640895366668701,-0.003236684830739023,-0.020661652088165283,-0.07183289527893066,-0.006851723998664738,-0.02246624231338501,-0.0599973201751709,-0.003969094365714909,-0.010916054248809814,-0.0790051817893982,0.00728124275443065,-0.008794546127319336,-0.10350894927978516,-0.009186829089998128,-0.007257580757141113,-0.06922698020935059,-0.005920596070467354,-0.010078966617584229,-0.055573999881744385,0.002119794139758824,0.004970371723175049,-0.07490885257720947,0.0015973811979677066,0.004606187343597412,-0.09388315677642822,-0.0067443560099889055,0.004947006702423096,-0.07046693563461304,-0.002271098898603441,0.003422558307647705,-0.058886051177978516,0.004453602131576417
2,0.0,0.0,0.0,-0.02853691577911377,-0.016193628311157227,-0.005863965603111865,-0.04561567306518555,-0.04866456985473633,-0.006057061834781052,-0.05051463842391968,-0.08435410261154175,-0.007850440798847558,-0.04414421319961548,-0.10774350166320801,-0.007489367967991711,-0.04137003421783447,-0.07686156034469604,0.013484383353443263,-0.04242229461669922,-0.10372060537338257,-0.0013640767406286614,-0.03746920824050903,-0.0810135006904602,-0.009846930040566804,-0.03465932607650757,-0.06406563520431519,-0.012069748363046529,-0.025225460529327393,-0.0785905122756958,0.011704202161581634,-0.025998830795288086,-0.10576474666595459,-0.0035160764796273725,-0.022298455238342285,-0.07110017538070679,-0.0070265188091980235,-0.021810829639434814,-0.05701178312301636,-0.003975279277710797,-0.009016096591949463,-0.07754510641098022,0.006349254751057742,-0.008619189262390137,-0.10322999954223633,-0.00988431146606672,-0.008345425128936768,-0.06871825456619263,-0.0060961154499636905,-0.00891256332397461,-0.0534629225730896,0.0024221352091444714,0.007675647735595703,-0.07271784543991089,0.00030217709945645765,0.005879521369934082,-0.09236735105514526,-0.008303820735363843,0.004681110382080078,-0.06911534070968628,-0.003594353676362516,0.004427731037139893,-0.05681222677230835,0.0034716719551397546
2,0.0,0.0,0.0,-0.02894490957260132,-0.014047622680664062,-0.005391131763587964,-0.04749244451522827,-0.04570502042770386,-0.004983016898165715,-0.05191481113433838,-0.08331048488616943,-0.006209944517593158,-0.04223453998565674,-0.10616004467010498,-0.005330019773225558,-0.04005396366119385,-0.07360541820526123,0.014455634026546704,-0.04329758882522583,-0.09938609600067139,0.0006988286941691513,-0.03937500715255737,-0.0769798755645752,-0.007224299156348479,-0.036153316497802734,-0.06151998043060303,-0.009424507760684264,-0.02389669418334961,-0.07519614696502686,0.012950495674033391,-0.02725011110305786,-0.10194635391235352,-0.0013171539439440494,-0.023302555084228516,-0.0664970874786377,-0.00440710657579757,-0.021416306495666504,-0.05245429277420044,-0.0013316184312657242,-0.007655143737792969,-0.07401484251022339,0.007964703111667859,-0.009823620319366455,-0.10149139165878296,-0.007551465791891587,-0.009266257286071777,-0.0657656192779541,-0.003072809570710433,-0.008139073848724365,-0.04890251159667969,0.005698721247483718,0.009874939918518066,-0.0691612958908081,0.002280643532742488,0.0062201619148254395,-0.08877164125442505,-0.005991098148058427,0.0043718814849853516,-0.06480783224105835,-0.0012278543117076879,0.004710197448730469,-0.052034199237823486,0.005690289052893149
2,0.0,0.0,0.0,-0.028923630714416504,-0.01302725076675415,-0.004998633186261259,-0.0474931001663208,-0.0446893572807312,-0.004883594359199606,-0.05213332176208496,-0.08163440227508545,-0.006525624557326637,-0.04228639602661133,-0.1043548583984375,-0.006299731801192365,-0.03878289461135864,-0.07273882627487183,0.012664802358557381,-0.0415380597114563,-0.0981566309928894,-0.0014473055628343445,-0.03848344087600708,-0.07477754354476929,-0.009162307730804287,-0.035678863525390625,-0.0600857138633728,-0.01129466482896646,-0.02290576696395874,-0.07417702674865723,0.010442377985526718,-0.026265382766723633,-0.10067003965377808,-0.0038657535472168547,-0.023649930953979492,-0.06545418500900269,-0.006584301139156423,-0.02153545618057251,-0.053244829177856445,-0.003362563219781123,-0.006764352321624756,-0.07331836223602295,0.0048615848506585735,-0.00890660285949707,-0.0999147891998291,-0.010768341845761142,-0.009326517581939697,-0.06425350904464722,-0.0061571174440189225,-0.00805366039276123,-0.04911404848098755,0.002631369032968678,0.010475099086761475,-0.06876713037490845,-0.0013698608520655853,0.007075905799865723,-0.0883331298828125,-0.00966940169681152,0.0049381256103515625,-0.06396108865737915,-0.0046390555937989575,0.005729615688323975,-0.051211774349212646,0.002425026833151378
2,0.0,0.0,0.0,-0.027131080627441406,-0.008718729019165039,-0.0062841170771719135,-0.04837918281555176,-0.043777406215667725,-0.00556036302137386,-0.05231499671936035,-0.08270817995071411,-0.0062252109243274845,-0.04208540916442871,-0.10501110553741455,-0.0049681978604496635,-0.03998464345932007,-0.07048135995864868,0.01186214030471433,-0.043788254261016846,-0.09596747159957886,-0.0027431888344437994,-0.04010128974914551,-0.07599341869354248,-0.010487000302106253,-0.03662717342376709,-0.06245380640029907,-0.012427314960092417,-0.023729324340820312,-0.07187050580978394,0.010422807342678198,-0.027577579021453857,-0.09880244731903076,-0.005565623596936575,-0.024061620235443115,-0.06368952989578247,-0.00840446151110541,-0.02202659845352173,-0.04990696907043457,-0.00452841430220019,-0.007515549659729004,-0.07110321521759033,0.005436508140832075,-0.010101675987243652,-0.09716379642486572,-0.011562256917983404,-0.009331822395324707,-0.06139564514160156,-0.006912445959329716,-0.008257508277893066,-0.04559808969497681,0.0024491585021166884,0.00955212116241455,-0.06790661811828613,-0.00031705342249210844,0.00621873140335083,-0.08589601516723633,-0.009710551083713881,0.005093812942504883,-0.0617254376411438,-0.005246905919790379,0.005822241306304932,-0.04961317777633667,0.001650660803846904
2,0.0,0.0,0.0,-0.028765380382537842,-0.013500690460205078,-0.006001282898353111,-0.04821997880935669,-0.044087111949920654,-0.005376306777463924,-0.053246498107910156,-0.08281075954437256,-0.005995948748307001,-0.04378300905227661,-0.10641103982925415,-0.0041714594192967525,-0.04133349657058716,-0.07367855310440063,0.014228933075798977,-0.04331237077713013,-0.0994529128074646,-0.0002804319158826729,-0.039906442165374756,-0.07620590925216675,-0.008496080008910667,-0.03823727369308472,-0.06199181079864502,-0.010930187483893405,-0.02520209550857544,-0.0754401683807373,0.012959172534181107,-0.027941524982452393,-0.10144579410552979,-0.0018719967413858285,-0.024432063102722168,-0.06554388999938965,-0.005033607078360092,-0.024477839469909668,-0.05369323492050171,-0.0020902933977708926,-0.009234189987182617,-0.07403093576431274,0.008061674008501996,-0.010516107082366943,-0.09940820932388306,-0.008088261304067146,-0.010020434856414795,-0.06377172470092773,-0.0031426366843447795,-0.01016080379486084,-0.04943126440048218,0.0059464220464064965,0.008108079433441162,-0.06882041692733765,0.002405983213691343,0.005308985710144043,-0.08820247650146484,-0.006016970095799934,0.0040236711502075195,-0.06383389234542847,-0.0006341186893337181,0.003553032875061035,-0.05216103792190552,0.006732753062976826
2,0.0,0.0,0.0,-0.029289543628692627,-0.016445398330688477,-0.006629937006493947,-0.04859435558319092,-0.0468253493309021,-0.00655066236328139,-0.0544399619102478,-0.08497899770736694,-0.00785911982353582,-0.04417276382446289,-0.10968655347824097,-0.006612882161846301,-0.04151201248168945,-0.07611215114593506,0.015738653340974906,-0.043284475803375244,-0.10192424058914185,0.0012808283517529162,-0.03919297456741333,-0.07670313119888306,-0.007110085482111117,-0.03768986463546753,-0.06241166591644287,-0.009623100659212014,-0.025937795639038086,-0.07766944169998169,0.01465931380693064,-0.02811872959136963,-0.10329622030258179,-0.0001770609506479559,-0.024384677410125732,-0.0671621561050415,-0.0037456868722642866,-0.0248032808303833,-0.0555533766746521,-0.0009817674563805667,-0.009875118732452393,-0.07610201835632324,0.00974100580964432,-0.010592997074127197,-0.10143774747848511,-0.006145271150728604,-0.010011076927185059,-0.06613010168075562,-0.0017574527574311105,-0.011011123657226562,-0.05199629068374634,0.007003001724967817,0.007229626178741455,-0.07067525386810303,0.0039844893344138654,0.004809558391571045,-0.09057700634002686,-0.0038184445857609717,0.003560185432434082,-0.066261887550354,0.0015360464767013582,0.002682328224182129,-0.05430042743682861,0.008886744590142825
2,0.0,0.0,0.0,-0.030299782752990723,-0.015595018863677979,-0.0054837696333862596,-0.049289703369140625,-0.048014819622039795,-0.004900833413515215,-0.05517834424972534,-0.08471709489822388,-0.006174562320623522,-0.046529173851013184,-0.10839712619781494,-0.005331829011950617,-0.0413171648979187,-0.07372784614562988,0.0162768463524543,-0.043204426765441895,-0.10045862197875977,0.002595103756945605,-0.038837552070617676,-0.07771193981170654,-0.005462909870360022,-0.03669130802154541,-0.06222659349441528,-0.00762549676797164,-0.025835394859313965,-0.07471001148223877,0.014780980247493858,-0.027793824672698975,-0.10207390785217285,-3.6608038456620307e-05,-0.023819446563720703,-0.06715953350067139,-0.004169327959928637,-0.02311122417449951,-0.052157044410705566,-0.0014628111930079513,-0.009953320026397705,-0.07380074262619019,0.009717747281726474,-0.01145172119140625,-0.10116326808929443,-0.006045972284439927,-0.010067582130432129,-0.06595170497894287,-0.002638090689245587,-0.00974130630493164,-0.04866909980773926,0.005811342682179088,0.006659328937530518,-0.06960129737854004,0.003982675905760402,0.004172563552856445,-0.09109222888946533,-0.0040059669954217725,0.0033431649208068848,-0.06788492202758789,0.0005474017271325238,0.003449738025665283,-0.053981125354766846,0.007536128807302589
2,0.0,0.0,0.0,-0.02987569570541382,-0.012630283832550049,-0.006750956323855917,-0.05019068717956543,-0.04502314329147339,-0.006914143131041328,-0.05603104829788208,-0.08219999074935913,-0.008423950203621189,-0.04830199480056763,-0.10617512464523315,-0.007809808623903791,-0.043450355529785156,-0.07050973176956177,0.012341668217516144,-0.0463290810585022,-0.09833180904388428,-0.0014016081410659353,-0.04054725170135498,-0.07583367824554443,-0.008795106463992397,-0.038803935050964355,-0.06241112947463989,-0.010724519059920112,-0.027433156967163086,-0.07294178009033203,0.011261310747897824,-0.02966541051864624,-0.10080516338348389,-0.0036276079778758685,-0.024863481521606445,-0.06635719537734985,-0.006987082452440063,-0.025434792041778564,-0.05317193269729614,-0.004060101841503183,-0.011598765850067139,-0.07281112670898438,0.006714414193368157,-0.01311337947845459,-0.09979760646820068,-0.009415891633295814,-0.01095426082611084,-0.06473767757415771,-0.005590001267307798,-0.011828839778900146,-0.048995137214660645,0.002881427615022858,0.004926860332489014,-0.06959062814712524,0.0014605010795207818,0.0027664899826049805,-0.08999955654144287,-0.007040026278161804,0.0027400851249694824,-0.06696206331253052,-0.002560041292497317,0.0019333958625793457,-0.05414861440658569,0.004200060705727537
2,0.0,0.0,0.0,-0.030834853649139404,-0.01667410135269165,-0.005801236589164205,-0.048564612865448,-0.04533064365386963,-0.005919238418996997,-0.05595195293426514,-0.08111870288848877,-0.0077693172327286675,-0.04850947856903076,-0.10627210140228271,-0.007361554407239623,-0.04214048385620117,-0.07008057832717896,0.017803627199768357,-0.04491323232650757,-0.09667134284973145,0.004925307951211266,-0.03953319787979126,-0.07497984170913696,-0.0033533623038835003,-0.036834001541137695,-0.05992865562438965,-0.005936451588482328,-0.026751399040222168,-0.07315737009048462,0.016584723389982514,-0.030371248722076416,-0.10108739137649536,0.0028953218304508255,-0.02583414316177368,-0.06757867336273193,-0.0015864582794762327,-0.024784088134765625,-0.05359071493148804,0.00044002790194497265,-0.0112839937210083,-0.07297664880752563,0.011763421952068143,-0.013236403465270996,-0.10070633888244629,-0.003013911756411858,-0.012019455432891846,-0.06685835123062134,0.00016357547677614548,-0.011573553085327148,-0.05034250020980835,0.008063770964085393,0.005410671234130859,-0.06870496273040771,0.006218406039565139,0.0029283761978149414,-0.08911007642745972,-0.0006507960909090116,0.0017609000205993652,-0.0666571855545044,0.004201504069655471,0.0014458298683166504,-0.054009318351745605,0.011072220414220624
2,0.0,0.0,0.0,-0.030493736267089844,-0.01324152946472168,-0.004906233145433703,-0.050154030323028564,-0.04315835237503052,-0.004054805474865475,-0.057168543338775635,-0.07924848794937134,-0.00507085977731947,-0.05015462636947632,-0.10433697700500488,-0.003828393506395855,-0.04483962059020996,-0.06690090894699097,0.01797009517760273,-0.04800361394882202,-0.09378606081008911,0.004842083690178356,-0.04185241460800171,-0.07334321737289429,-0.0033324348987520125,-0.03838843107223511,-0.059337496757507324,-0.005741874432700911,-0.028738439083099365,-0.07049530744552612,0.016388428186488113,-0.03258025646209717,-0.09907042980194092,0.0021074181641012046,-0.027339398860931396,-0.06530660390853882,-0.001999908570709863,-0.025660991668701172,-0.05079561471939087,0.0005961612551033113,-0.012917160987854004,-0.07122683525085449,0.011200759348881206,-0.01521754264831543,-0.09905624389648438,-0.004229375372219124,-0.013287842273712158,-0.06410878896713257,-0.0006335757570781198,-0.01217186450958252,-0.0468105673789978,0.007844260682773552,0.004376769065856934,-0.06861752271652222,0.005349254024636707,0.00208890438079834,-0.08836644887924194,-0.002182724863800445,0.0008972287178039551,-0.0648108720779419,0.0024691780781864736,0.00023066997528076172,-0.05139148235321045,0.00931412053616043
2,0.0,0.0,0.0,-0.030103862285614014,-0.012750327587127686,-0.004912867045675284,-0.05040639638900757,-0.043682992458343506,-0.0037019926334664888,-0.05817997455596924,-0.08066165447235107,-0.004082222304020888,-0.049357473850250244,-0.10454320907592773,-0.0021487638099983997,-0.044261038303375244,-0.06865924596786499,0.01672344624745392,-0.04669225215911865,-0.09587448835372925,0.003849133082951539,-0.042293012142181396,-0.07323461771011353,-0.003886088098113305,-0.039464592933654785,-0.05845797061920166,-0.006333967971329457,-0.02803516387939453,-0.07214796543121338,0.015171064694698089,-0.031635820865631104,-0.1000794768333435,0.000812235919113391,-0.02726757526397705,-0.06636375188827515,-0.003212850841407544,-0.02523064613342285,-0.05245238542556763,-0.0009005661799506015,-0.012265622615814209,-0.07250285148620605,0.010161431205744975,-0.014324963092803955,-0.09862083196640015,-0.0048808654050276346,-0.013114452362060547,-0.06479102373123169,-0.001200895125691659,-0.01160043478012085,-0.049131810665130615,0.006827292197669976,0.0049689412117004395,-0.07015258073806763,0.004458523054893249,0.0020862221717834473,-0.08897542953491211,-0.002797704723377592,0.001523435115814209,-0.0657532811164856,0.0018077267355351978,0.002056121826171875,-0.05405712127685547,0.008259185289318793
2,0.0,0.0,0.0,-0.028943240642547607,-0.00958627462387085,-0.004612418189225309,-0.04890620708465576,-0.043804049491882324,-0.0035076700798697402,-0.05515223741531372,-0.08196747303009033,-0.004131913948384636,-0.04874354600906372,-0.1061963438987732,-0.0026687305137045314,-0.042315781116485596,-0.06931620836257935,0.014381881040009148,-0.04467785358428955,-0.0977867841720581,0.0013516073165931175,-0.04026681184768677,-0.07278352975845337,-0.005996622442779653,-0.037386953830718994,-0.057559311389923096,-0.0081670412975825,-0.02627354860305786,-0.07217836380004883,0.01231987046119798,-0.0293043851852417,-0.1004520058631897,-0.0015331179085649183,-0.025304138660430908,-0.06577414274215698,-0.00497750129508745,-0.023094117641448975,-0.052210450172424316,-0.002592796058905833,-0.010575294494628906,-0.07202005386352539,0.006965641100379116,-0.012725651264190674,-0.0981563925743103,-0.007731762080965154,-0.011340856552124023,-0.06352698802947998,-0.003391081532043927,-0.008942365646362305,-0.04789978265762329,0.004667534195306189,0.007122993469238281,-0.06980568170547485,0.0009222282613166044,0.003779113292694092,-0.08812403678894043,-0.006073976698843353,0.0030748844146728516,-0.06395995616912842,-0.0010196644063569238,0.0043885111808776855,-0.051815032958984375,0.005448209755542166
2,0.0,0.0,0.0,-0.02998507022857666,-0.014635980129241943,-0.0038000959656301347,-0.04816406965255737,-0.04696685075759888,-0.0027327195028874485,-0.054987549781799316,-0.08193260431289673,-0.003634713798305711,-0.04867267608642578,-0.10548639297485352,-0.0023469917695138065,-0.04195749759674072,-0.07234442234039307,0.01658014280394582,-0.043498098850250244,-0.10018116235733032,0.0036589750335451754,-0.03820115327835083,-0.07555729150772095,-0.0043608539025399295,-0.035151004791259766,-0.05880534648895264,-0.006885393730840406,-0.026025474071502686,-0.07532650232315063,0.014172066726246157,-0.027486145496368408,-0.10227364301681519,0.0008455719463427158,-0.023329854011535645,-0.06806004047393799,-0.0032725471290859787,-0.022147834300994873,-0.05351865291595459,-0.0014057542183536498,-0.010443508625030518,-0.07464104890823364,0.00851205343053607,-0.01096433401107788,-0.0998350977897644,-0.005420718084565124,-0.009902775287628174,-0.06586796045303345,-0.0013621413135069815,-0.009015440940856934,-0.049866557121276855,0.006454625890114585,0.00685495138168335,-0.07014691829681396,0.002208054323205033,0.004875004291534424,-0.08877456188201904,-0.004048400766691884,0.0038203001022338867,-0.06535333395004272,0.0014861986520600112,0.003971219062805176,-0.053614914417266846,0.00838045289413003
2,0.0,0.0,0.0,-0.02984440326690674,-0.012388169765472412,-0.0046208766376309995,-0.05020594596862793,-0.042451441287994385,-0.0032521726185166244,-0.05739331245422363,-0.07880657911300659,-0.003691176426940501,-0.050976574420928955,-0.10351216793060303,-0.0018321412004240756,-0.04584014415740967,-0.06868720054626465,0.01737292761973208,-0.04833829402923584,-0.09614419937133789,0.00414189043513602,-0.04261904954910278,-0.07466280460357666,-0.00363949617312187,-0.04041069746017456,-0.06129598617553711,-0.005931325265549958,-0.029506027698516846,-0.07216650247573853,0.015394229433155715,-0.03226882219314575,-0.09913551807403564,0.0006440432538568075,-0.027217328548431396,-0.06497335433959961,-0.0035012988460891847,-0.027199506759643555,-0.05207943916320801,-0.0010670203569986825,-0.013345003128051758,-0.07275724411010742,0.00987832154206103,-0.014496147632598877,-0.09812933206558228,-0.006211427049123586,-0.012362658977508545,-0.063010573387146,-0.002639300198637784,-0.013034462928771973,-0.048062920570373535,0.00560290132708019,0.003927767276763916,-0.06983870267868042,0.0037574868096328373,0.00252532958984375,-0.0883094072341919,-0.0048012174753182535,0.0020633339881896973,-0.06393444538116455,-0.0003703794005502914,0.0010200738906860352,-0.05182236433029175,0.006278675506479203
2,0.0,0.0,0.0,-0.02942425012588501,-0.012956023216247559,-0.0071109684058399125,-0.050270676612854004,-0.044924020767211914,-0.007362177769181244,-0.05871105194091797,-0.08051139116287231,-0.008934359705534689,-0.0534290075302124,-0.10406309366226196,-0.008144669874099009,-0.04593944549560547,-0.07218998670578003,0.01314480911335636,-0.04504978656768799,-0.10000532865524292,-0.0015919017014027759,-0.038890540599823,-0.07392781972885132,-0.010260860143688433,-0.03772115707397461,-0.05691826343536377,-0.013052563822355978,-0.029533982276916504,-0.07441097497940063,0.011852048629435785,-0.029356777667999268,-0.10084795951843262,-0.0033779485956699773,-0.024831771850585938,-0.06628096103668213,-0.007574571935919039,-0.026240289211273193,-0.05313515663146973,-0.005600094968912117,-0.014003098011016846,-0.07453292608261108,0.006858897221746929,-0.013205409049987793,-0.09989255666732788,-0.009023096120444052,-0.011484324932098389,-0.06530296802520752,-0.005409289790776484,-0.013377010822296143,-0.05031418800354004,0.002408985340508707,0.0019020438194274902,-0.07165259122848511,0.000993667345966287,0.0018277168273925781,-0.09089833498001099,-0.0072682804302246495,0.0020442605018615723,-0.06688940525054932,-0.002627925888162963,0.0005444884300231934,-0.054416120052337646,0.0039701203941433505
2,0.0,0.0,0.0,-0.030308008193969727,-0.011998474597930908,-0.007153538786226932,-0.050252318382263184,-0.04288548231124878,-0.007380826663577977,-0.05782264471054077,-0.07900947332382202,-0.008984327115470592,-0.049940407276153564,-0.10199570655822754,-0.00812213847821397,-0.04447519779205322,-0.07101047039031982,0.013874044842665967,-0.04654824733734131,-0.09886497259140015,-0.0008614721911754941,-0.04065752029418945,-0.07430171966552734,-0.009466111459190074,-0.03778630495071411,-0.05792123079299927,-0.012012288704866592,-0.02779597043991089,-0.07287836074829102,0.012790698758905705,-0.03001457452774048,-0.10046941041946411,-0.0029950421623681223,-0.025524258613586426,-0.06543314456939697,-0.007187523212635938,-0.025052189826965332,-0.05150330066680908,-0.004668373413736049,-0.01193469762802124,-0.07208949327468872,0.0079677842702921,-0.01263958215713501,-0.09810423851013184,-0.008402139678949538,-0.01146024465560913,-0.06296306848526001,-0.004696373161280576,-0.011660933494567871,-0.046880364418029785,0.0037480541184748972,0.00433272123336792,-0.06822729110717773,0.0022812615759875143,0.0027556419372558594,-0.08753663301467896,-0.005717014227414552,0.002195894718170166,-0.0641176700592041,-0.0008984974439982807,0.0018074512481689453,-0.05192083120346069,0.006033917624151286
2,0.0,0.0,0.0,-0.029791712760925293,-0.01329493522644043,-0.006540955607221122,-0.04977327585220337,-0.04456758499145508,-0.006552156158164735,-0.05748879909515381,-0.0801321268081665,-0.008010070868209596,-0.051335930824279785,-0.10253459215164185,-0.006907886922732587,-0.04501497745513916,-0.07256126403808594,0.013904821961745029,-0.046437621116638184,-0.10009723901748657,-7.082838683913906e-05,-0.040043413639068604,-0.07418400049209595,-0.007937161349133248,-0.03804886341094971,-0.058958351612091064,-0.010210373536125417,-0.02859175205230713,-0.07502138614654541,0.012546613715215926,-0.02954322099685669,-0.10139000415802002,-0.0023100938223308276,-0.024923980236053467,-0.06637263298034668,-0.006280851181969638,-0.025724470615386963,-0.0550084114074707,-0.004043381292746062,-0.012836992740631104,-0.07497251033782959,0.007627730160578494,-0.01251208782196045,-0.10030221939086914,-0.008178657949343915,-0.011018633842468262,-0.0652158260345459,-0.004394372556731696,-0.012290894985198975,-0.05098837614059448,0.0037014304153615285,0.0032876133918762207,-0.07193523645401001,0.0019408567069092442,0.00253450870513916,-0.09124636650085449,-0.005966473933682437,0.0025066137313842773,-0.0676831603050232,-0.0010041892336687397,0.0016592144966125488,-0.05655544996261597,0.005917312480136161
2,0.0,0.0,0.0,-0.03035914897918701,-0.01482093334197998,-0.005175753935986904,-0.05068773031234741,-0.046842336654663086,-0.004350367441588787,-0.05788064002990723,-0.08242946863174438,-0.005279589883798508,-0.04933685064315796,-0.10525256395339966,-0.003753229250946788,-0.045025646686553955,-0.07361823320388794,0.016031997770255657,-0.047241926193237305,-0.10135883092880249,0.002431522382607909,-0.04137301445007324,-0.07663440704345703,-0.0054783713741244355,-0.03845328092575073,-0.0602344274520874,-0.0076944501807929555,-0.02882307767868042,-0.07573473453521729,0.014251055687850567,-0.03077101707458496,-0.10342472791671753,-0.00040070747775189375,-0.025869369506835938,-0.06901711225509644,-0.004275131944382338,-0.024759531021118164,-0.05501312017440796,-0.0016944538539291898,-0.012990295886993408,-0.07504063844680786,0.008917868629282566,-0.01350337266921997,-0.1005052924156189,-0.006288324456477312,-0.011882245540618896,-0.06650084257125854,-0.0025693992821516076,-0.011441588401794434,-0.050568997859954834,0.005607201278394314,0.0037907958030700684,-0.07133758068084717,0.0028641617653875073,0.0015991926193237305,-0.09092211723327637,-0.004362050883287338,0.0014120936393737793,-0.06810206174850464,0.0005362087075582167,0.001692056655883789,-0.056212544441223145,0.0073587340565381965
2,0.0,0.0,0.0,-0.03091830015182495,-0.015188515186309814,-0.005548901012815577,-0.05182194709777832,-0.048810482025146484,-0.004401092971392018,-0.05862712860107422,-0.08691316843032837,-0.004748432053901297,-0.049416959285736084,-0.10930109024047852,-0.002473250119663817,-0.04492396116256714,-0.07455319166183472,0.016104115550689357,-0.04729652404785156,-0.10402649641036987,0.0027689769913479267,-0.04136037826538086,-0.07721829414367676,-0.005043685990102631,-0.03840291500091553,-0.061293065547943115,-0.007363972807951313,-0.028810083866119385,-0.07708293199539185,0.014959370163552421,-0.030641913414001465,-0.10573101043701172,0.0005714047865978955,-0.025993824005126953,-0.07066571712493896,-0.00366720309918378,-0.025354385375976562,-0.058050572872161865,-0.0016917404436469496,-0.012959063053131104,-0.07644498348236084,0.010344451670817989,-0.013404011726379395,-0.10295319557189941,-0.004687058361895424,-0.01216059923171997,-0.06781154870986938,-0.0010073922757953824,-0.011830329895019531,-0.05244368314743042,0.006860997905306476,0.0039383769035339355,-0.07291853427886963,0.005003614728622097,0.0018346905708312988,-0.09154397249221802,-0.001806906861901325,0.0009257793426513672,-0.06736510992050171,0.0031045823407396256,0.0008519291877746582,-0.05592644214630127,0.009662081864945549
2,0.0,0.0,0.0,-0.02932298183441162,-0.011236369609832764,-0.006599847894875666,-0.051955342292785645,-0.048358917236328125,-0.006094428912518879,-0.057683587074279785,-0.08742380142211914,-0.007083779402790924,-0.04809314012527466,-0.1101921796798706,-0.005866510064123531,-0.04414254426956177,-0.07321971654891968,0.01302289150956426,-0.04601842164993286,-0.10287874937057495,-0.0006102207971423468,-0.04007446765899658,-0.0778319239616394,-0.00852750494775023,-0.03653895854949951,-0.062127768993377686,-0.01105203732547011,-0.02766793966293335,-0.07555544376373291,0.011800335052640776,-0.028391659259796143,-0.10585516691207886,-0.003935103506563564,-0.023994147777557373,-0.07120466232299805,-0.008197499175338407,-0.022563159465789795,-0.05558919906616211,-0.005847447753666302,-0.011559665203094482,-0.075131356716156,0.007131316962869505,-0.01193910837173462,-0.10212975740432739,-0.008500953872470518,-0.010601460933685303,-0.06724506616592407,-0.0049452783696040115,-0.009922325611114502,-0.050120651721954346,0.002955251404301862,0.005336105823516846,-0.07288539409637451,0.0016069900321156183,0.00332719087600708,-0.09081846475601196,-0.005576876193998714,0.0024657845497131348,-0.06693422794342041,-0.001072917684695085,0.0026976466178894043,-0.054677486419677734,0.00509534709456716
2,0.0,0.0,0.0,-0.031106889247894287,-0.01860147714614868,-0.00543724768562015,-0.0507279634475708,-0.049681782722473145,-0.005054776321628651,-0.057396769523620605,-0.08804893493652344,-0.006492346290031037,-0.047215282917022705,-0.11370867490768433,-0.005333778213241658,-0.044403791427612305,-0.07549053430557251,0.01883853948908154,-0.047068774700164795,-0.10365718603134155,0.00536909862654511,-0.04132986068725586,-0.07937890291213989,-0.003380277657413444,-0.0384293794631958,-0.06397891044616699,-0.006296012315431199,-0.028132200241088867,-0.07884782552719116,0.01729932031827275,-0.030080080032348633,-0.10695213079452515,0.002935763683638015,-0.025170981884002686,-0.07214164733886719,-0.00206176214618381,-0.024503469467163086,-0.058315396308898926,-0.00042517613968584556,-0.012167394161224365,-0.07812094688415527,0.012086990058890024,-0.012473762035369873,-0.10522675514221191,-0.002893310270735583,-0.01125955581665039,-0.07013839483261108,0.0006880260794446258,-0.011379778385162354,-0.05372709035873413,0.008715316422751584,0.005151689052581787,-0.07330560684204102,0.00609277212294046,0.0033674240112304688,-0.09397083520889282,-0.0004540067724860819,0.0021800994873046875,-0.07016152143478394,0.004978409272155204,0.0013031363487243652,-0.05796927213668823,0.012084910415580907
2,0.0,0.0,0.0,-0.030592739582061768,-0.019589543342590332,-0.0060606820477175916,-0.04926717281341553,-0.04840344190597534,-0.005810694113932868,-0.05728256702423096,-0.08407914638519287,-0.007247812856547853,-0.049692630767822266,-0.10889565944671631,-0.005985002775304338,-0.04580211639404297,-0.07599842548370361,0.018440646308846453,-0.047746241092681885,-0.1038159728050232,0.004840006309933642,-0.04121744632720947,-0.07904255390167236,-0.0037716029180216992,-0.038961172103881836,-0.06331270933151245,-0.0064033789528537,-0.028954267501831055,-0.078494131565094,0.017194000262207965,-0.030597209930419922,-0.10609215497970581,0.00218005311060665,-0.02549564838409424,-0.07071733474731445,-0.002996544862725159,-0.02601754665374756,-0.05641835927963257,-0.0011267504157501662,-0.01261448860168457,-0.07741338014602661,0.012225137281603793,-0.012474775314331055,-0.1029406189918518,-0.0035859658816832507,-0.010981857776641846,-0.068034827709198,-0.0005662367181855643,-0.012381434440612793,-0.05170869827270508,0.007510581708885411,0.004033327102661133,-0.07239800691604614,0.006533812455273846,0.002432584762573242,-0.09289467334747314,-0.0006715839697051251,0.0023463964462280273,-0.069705069065094,0.004541917427815179,0.0013257265090942383,-0.05747115612030029,0.011845264773256758
2,0.0,0.0,0.0,-0.0303804874420166,-0.01881355047225952,-0.007612869933339539,-0.04893535375595093,-0.05139303207397461,-0.007461149104031506,-0.056567370891571045,-0.08739125728607178,-0.008639796495529595,-0.04878103733062744,-0.11301678419113159,-0.007089171417149487,-0.04481327533721924,-0.0779416561126709,0.017030640646723327,-0.04690098762512207,-0.10613059997558594,0.003800768313837466,-0.040622711181640625,-0.08106184005737305,-0.003925431378277722,-0.03777754306793213,-0.06592947244644165,-0.005968696761968317,-0.027999520301818848,-0.08022475242614746,0.016705076351669845,-0.029416322708129883,-0.108650803565979,0.0018657746509660456,-0.02471923828125,-0.0725630521774292,-0.0023954662942315963,-0.0240250825881958,-0.05827319622039795,0.0003653239069052461,-0.011546194553375244,-0.07891845703125,0.012473948441353855,-0.011131882667541504,-0.10525190830230713,-0.003508996775465789,-0.010414361953735352,-0.06956642866134644,-0.0006482398352574137,-0.01075965166091919,-0.053521037101745605,0.0075589987932715985,0.0056313276290893555,-0.07419437170028687,0.007449106920418558,0.0037514567375183105,-0.09486961364746094,9.470998661242902e-05,0.002698242664337158,-0.07103890180587769,0.004773117743340549,0.0023353099822998047,-0.05855029821395874,0.011802673481312809
2,0.0,0.0,0.0,-0.03085428476333618,-0.018520891666412354,-0.006758471867300386,-0.0497589111328125,-0.0513843297958374,-0.006839143494374866,-0.05694335699081421,-0.08728736639022827,-0.008482350418574924,-0.048900723457336426,-0.11203265190124512,-0.0075078824630452345,-0.043280959129333496,-0.0789986252784729,0.01653603146760929,-0.04509890079498291,-0.10665744543075562,0.0033265809433089544,-0.03941100835800171,-0.08086538314819336,-0.004361669449366445,-0.03687161207199097,-0.06536680459976196,-0.006407974204279299,-0.026729106903076172,-0.0803670883178711,0.01564101929753292,-0.027798175811767578,-0.10839658975601196,0.0013642962693722893,-0.024018466472625732,-0.07234001159667969,-0.0024168362470788907,-0.02385169267654419,-0.05938023328781128,0.00035983498301561667,-0.010675251483917236,-0.07848268747329712,0.010985097465805893,-0.010231375694274902,-0.10480111837387085,-0.004097669301785345,-0.0102461576461792,-0.07003366947174072,-0.0007259347222259294,-0.010907292366027832,-0.055210649967193604,0.007372252726696615,0.0059702396392822266,-0.07314085960388184,0.005537427579753285,0.004609584808349609,-0.09307575225830078,-0.0010568962062222909,0.0027543306350708008,-0.06991308927536011,0.0039885529221521665,0.001994788646697998,-0.05797076225280762,0.01099623328983057
2,0.0,0.0,0.0,-0.030899226665496826,-0.016713201999664307,-0.006350031122281052,-0.051129817962646484,-0.05032050609588623,-0.0058919377622146385,-0.05766516923904419,-0.08720248937606812,-0.0071322773580391186,-0.04858112335205078,-0.11102688312530518,-0.005823381710513331,-0.04330754280090332,-0.0777972936630249,0.016877040732936166,-0.04514586925506592,-0.10579168796539307,0.0032590387857567293,-0.04006725549697876,-0.07973712682723999,-0.004517790861143567,-0.038193583488464355,-0.06494563817977905,-0.00663852505357454,-0.026957690715789795,-0.07870900630950928,0.015639707912043832,-0.027902722358703613,-0.10580980777740479,0.0010074506283785922,-0.024563729763031006,-0.06977647542953491,-0.0029993955974418895,-0.025258421897888184,-0.05786848068237305,-0.00042291535618232956,-0.010661184787750244,-0.07723027467727661,0.010624818038479589,-0.010414719581604004,-0.1027064323425293,-0.004949928726716735,-0.010274410247802734,-0.06734877824783325,-0.0015456893012810724,-0.011431753635406494,-0.05345374345779419,0.006603630725578569,0.006045997142791748,-0.07263582944869995,0.004856680985824369,0.004265248775482178,-0.09139430522918701,-0.0021711515725542085,0.0029607415199279785,-0.06754100322723389,0.002929522889019154,0.0025400519371032715,-0.05610954761505127,0.010019771289364598
2,0.0,0.0,0.0,-0.030680060386657715,-0.018374979496002197,-0.00670058033252019,-0.05014908313751221,-0.05083996057510376,-0.006615447670313301,-0.057215213775634766,-0.0876232385635376,-0.008250002142133894,-0.048432886600494385,-0.11245566606521606,-0.007345039721670332,-0.04290437698364258,-0.07947534322738647,0.01832493548458558,-0.04524046182632446,-0.10660773515701294,0.004979015935120401,-0.039927780628204346,-0.08218240737915039,-0.0031576422956760553,-0.0375407338142395,-0.06635469198226929,-0.00543075227001566,-0.026800334453582764,-0.08071345090866089,0.01734049958353978,-0.0281447172164917,-0.10764408111572266,0.0031367353181366298,-0.02445167303085327,-0.07239633798599243,-0.001150633416230562,-0.02492755651473999,-0.05894827842712402,0.00133334859451395,-0.010751307010650635,-0.07839745283126831,0.012437568653282938,-0.010546386241912842,-0.10375648736953735,-0.002908008264469686,-0.010262489318847656,-0.06918466091156006,8.718900384963035e-05,-0.011308848857879639,-0.054005324840545654,0.008109530109820184,0.006249547004699707,-0.07227689027786255,0.006751265983936605,0.004251837730407715,-0.09221374988555908,-0.0001989649212674749,0.0028832554817199707,-0.06927818059921265,0.004744799017814216,0.002378523349761963,-0.05731254816055298,0.011837154302654085
2,0.0,0.0,0.0,-0.030579745769500732,-0.017842233180999756,-0.0074619444917516375,-0.04982346296310425,-0.049098849296569824,-0.007873263572491851,-0.05706137418746948,-0.08680069446563721,-0.009773115989901271,-0.048402369022369385,-0.11179012060165405,-0.009046173085607734,-0.04297095537185669,-0.07827329635620117,0.016883534016869817,-0.045857012271881104,-0.10470753908157349,0.0031167213905973767,-0.0402752161026001,-0.08033758401870728,-0.005098376785554137,-0.037184834480285645,-0.06522971391677856,-0.007345388540215936,-0.026776254177093506,-0.07937812805175781,0.01641125847663716,-0.028213024139404297,-0.10571563243865967,0.002073037308491621,-0.02439981698989868,-0.06982690095901489,-0.001903277718611207,-0.024476349353790283,-0.05735278129577637,0.0007014727902969753,-0.010773062705993652,-0.07740825414657593,0.011991930763088021,-0.010379791259765625,-0.10304558277130127,-0.0035539212535695697,-0.010268628597259521,-0.0677686333656311,-0.0002505995930732752,-0.010963022708892822,-0.05271172523498535,0.00795771424736813,0.00591731071472168,-0.07193422317504883,0.006718300386182818,0.004600167274475098,-0.09169232845306396,-0.00046274803617052385,0.0027348995208740234,-0.0685696005821228,0.004370564698092494,0.00208437442779541,-0.0566137433052063,0.011420185315273557
2,0.0,0.0,0.0,-0.030700981616973877,-0.016924619674682617,-0.0067648234631292326,-0.05037963390350342,-0.048861145973205566,-0.006741951577680538,-0.05766797065734863,-0.08565855026245117,-0.008244214006083439,-0.0496864914894104,-0.10846191644668579,-0.007233514342772196,-0.042443811893463135,-0.0780060887336731,0.01587290746687131,-0.04437154531478882,-0.10536408424377441,0.0024909014959462183,-0.03862732648849487,-0.07927948236465454,-0.00534789951922221,-0.03661412000656128,-0.0638853907585144,-0.007569610499160717,-0.026067674160003662,-0.07908570766448975,0.014843557603342106,-0.027390778064727783,-0.10628902912139893,0.0005112882849402922,-0.02351480722427368,-0.07014703750610352,-0.0035894151165507537,-0.024154067039489746,-0.05784797668457031,-0.0012368623952738744,-0.009991109371185303,-0.07741588354110718,0.010153258792740871,-0.010130643844604492,-0.1034325361251831,-0.004986989204155634,-0.009815037250518799,-0.06838029623031616,-0.0014525605452604395,-0.011059880256652832,-0.053969621658325195,0.006609375696314146,0.00646519660949707,-0.0722694993019104,0.004675475988221933,0.004530966281890869,-0.09177881479263306,-0.0020575072936139804,0.0034487247467041016,-0.06840378046035767,0.003280303315875699,0.00293123722076416,-0.057031452655792236,0.010445075682980587
2,0.0,0.0,0.0,-0.03040212392807007,-0.01630401611328125,-0.006701690488782219,-0.04991978406906128,-0.047576725482940674,-0.00654411070915728,-0.05728417634963989,-0.08548307418823242,-0.007878039376166157,-0.04966694116592407,-0.10679113864898682,-0.006632170052554898,-0.044150352478027344,-0.07674962282180786,0.016611628821763702,-0.04682272672653198,-0.10438859462738037,0.0029287418636414486,-0.040851056575775146,-0.08213204145431519,-0.004978124396231465,-0.03786277770996094,-0.0662584900856018,-0.006874543958630852,-0.02750009298324585,-0.07875436544418335,0.015945492899689384,-0.029214978218078613,-0.10606116056442261,0.0016314419970768768,-0.0245550274848938,-0.07033473253250122,-0.0019871174537655634,-0.024611711502075195,-0.05741661787033081,0.0009858587344098169,-0.011105954647064209,-0.07779991626739502,0.0115009691852066,-0.011290490627288818,-0.10420382022857666,-0.003826230875503711,-0.010668039321899414,-0.06903266906738281,-2.4112096227213442e-05,-0.01169729232788086,-0.053590595722198486,0.008472066960010238,0.005586981773376465,-0.07295936346054077,0.006259048479321905,0.003896355628967285,-0.09331274032592773,-0.0007888833589930755,0.0029230117797851562,-0.07003813982009888,0.004388792096349903,0.0025380849838256836,-0.05843287706375122,0.011624449520084568
2,0.0,0.0,0.0,-0.02911090850830078,-0.01048499345779419,-0.008091258149136138,-0.05134052038192749,-0.04729992151260376,-0.007847627888907027,-0.05828726291656494,-0.08707010746002197,-0.008510777059484553,-0.04799872636795044,-0.10612034797668457,-0.006581456198830438,-0.043853163719177246,-0.07704424858093262,0.011481917199205327,-0.044994473457336426,-0.10548657178878784,-0.002648768046412897,-0.039411187171936035,-0.07955396175384521,-0.010239066820133758,-0.037222087383270264,-0.06292027235031128,-0.012340254414368701,-0.026727616786956787,-0.0782894492149353,0.011117731888305116,-0.028060615062713623,-0.10610741376876831,-0.004083902839113307,-0.023589372634887695,-0.06928503513336182,-0.0073741202089081526,-0.02371501922607422,-0.055473506450653076,-0.0044550642217586756,-0.010269582271575928,-0.07702356576919556,0.007117558006655145,-0.010390758514404297,-0.10417139530181885,-0.008759666498292518,-0.009513139724731445,-0.06800675392150879,-0.004687723036397529,-0.010433316230773926,-0.05238509178161621,0.003597331434946227,0.006390750408172607,-0.07316052913665771,0.0022028565560390234,0.004877567291259766,-0.09136384725570679,-0.005834154583055806,0.004663407802581787,-0.0672006607055664,-0.001383194032598567,0.004530847072601318,-0.05578410625457764,0.005060014516573119
2,0.0,0.0,0.0,-0.030393123626708984,-0.014812111854553223,-0.0062594210460531485,-0.050959646701812744,-0.04881775379180908,-0.0054442772373306525,-0.05827254056930542,-0.08542525768280029,-0.006077809418712832,-0.04950916767120361,-0.10637694597244263,-0.0041958695940422785,-0.04353487491607666,-0.07773417234420776,0.015755155895675443,-0.04519164562225342,-0.10602438449859619,0.002724723498175763,-0.03978097438812256,-0.08061295747756958,-0.0047882959909486544,-0.0377117395401001,-0.06392431259155273,-0.00678311443996904,-0.02722632884979248,-0.07931596040725708,0.014911707331265234,-0.02868366241455078,-0.10674482583999634,0.0012163212092843878,-0.024486541748046875,-0.07140916585922241,-0.0023100100654858124,-0.02462857961654663,-0.05815386772155762,0.0003131602577184367,-0.011160850524902344,-0.07824552059173584,0.010461876009429716,-0.011312484741210938,-0.10476726293563843,-0.004096528208975769,-0.01058584451675415,-0.07017296552658081,-0.00047765458228354873,-0.011378228664398193,-0.05474931001663208,0.0074261890992772805,0.0054100751876831055,-0.07385557889938354,0.005232878335590385,0.0035143494606018066,-0.09369975328445435,-0.0016535827155905736,0.0027637481689453125,-0.0702710747718811,0.0031683606364083516,0.0024822354316711426,-0.05832928419113159,0.00986730663927915
2,0.0,0.0,0.0,-0.030544519424438477,-0.01473456621170044,-0.007650735765849959,-0.05184519290924072,-0.0472453236579895,-0.008069002047335516,-0.05876833200454712,-0.08524888753890991,-0.00970691533402146,-0.04991239309310913,-0.10745823383331299,-0.008795239009117495,-0.044021010398864746,-0.07816284894943237,0.012949846707130064,-0.0458950400352478,-0.1066632866859436,-0.0013014004576632487,-0.04007476568222046,-0.07998454570770264,-0.009153955593859564,-0.03817468881607056,-0.06392025947570801,-0.01131701839730681,-0.0276222825050354,-0.07974076271057129,0.01211201494916736,-0.028905808925628662,-0.10718405246734619,-0.0029578935132974493,-0.024448037147521973,-0.07028800249099731,-0.006570821140115868,-0.025131523609161377,-0.057795047760009766,-0.003855431197365533,-0.011489331722259521,-0.07860881090164185,0.007607138737881769,-0.011615991592407227,-0.10508465766906738,-0.008338556602751623,-0.010440230369567871,-0.06878906488418579,-0.0041212388092333185,-0.011874139308929443,-0.05391734838485718,0.004435963019574274,0.004780292510986328,-0.07369065284729004,0.002235302956620444,0.0028160810470581055,-0.09369713068008423,-0.0055583650024289,0.002687513828277588,-0.06926947832107544,-0.00019066538479250994,0.0022354722023010254,-0.05765557289123535,0.0070918831264918936
2,0.0,0.0,0.0,-0.030534327030181885,-0.011974334716796875,-0.006649857026786776,-0.0526505708694458,-0.04785656929016113,-0.006147972413600655,-0.06009453535079956,-0.08527183532714844,-0.007121330698282691,-0.05287325382232666,-0.10395944118499756,-0.005721615732909413,-0.04377853870391846,-0.07766139507293701,0.013706959678529529,-0.04483240842819214,-0.10695916414260864,0.0002993481575686019,-0.03989988565444946,-0.07945823669433594,-0.006797172234655591,-0.038405537605285645,-0.06283557415008545,-0.008585441963077756,-0.027356326580047607,-0.07843559980392456,0.012439685768185882,-0.028834819793701172,-0.10625308752059937,-0.0020076817490917165,-0.025385797023773193,-0.06975376605987549,-0.005439447344542714,-0.02603214979171753,-0.05746042728424072,-0.002705643990339013,-0.011389851570129395,-0.07749313116073608,0.0076232826213527005,-0.011919915676116943,-0.10408633947372437,-0.0076709795866918284,-0.011383295059204102,-0.06838977336883545,-0.0038828231517982204,-0.0128059983253479,-0.05397886037826538,0.004100532165466575,0.00472569465637207,-0.07384973764419556,0.002018417126237182,0.0025576353073120117,-0.0934177041053772,-0.005397240736783715,0.002532064914703369,-0.06895095109939575,-0.0003834695271507371,0.002695620059967041,-0.057051658630371094,0.006404159950761823
2,0.0,0.0,0.0,-0.030480027198791504,-0.013464808464050293,-0.006295672285830278,-0.05179780721664429,-0.04682403802871704,-0.005778567533468504,-0.05904650688171387,-0.08585602045059204,-0.006793057213997145,-0.0511472225189209,-0.10651689767837524,-0.005218281544273395,-0.043420374393463135,-0.0787888765335083,0.015313192137057285,-0.04489785432815552,-0.1067955493927002,0.0018453034400067736,-0.03978538513183594,-0.07852405309677124,-0.0058410699884348105,-0.0375896692276001,-0.0619276762008667,-0.008082633971696396,-0.027117371559143066,-0.08014076948165894,0.014023309439892273,-0.028971970081329346,-0.10696953535079956,-0.00022726677974560516,-0.025453686714172363,-0.06970572471618652,-0.003838553925504584,-0.025690913200378418,-0.057325124740600586,-0.0013699566652007888,-0.011439502239227295,-0.07870268821716309,0.00909773060726593,-0.012060046195983887,-0.1048230528831482,-0.005677998665248651,-0.01177668571472168,-0.06900292634963989,-0.001420463103329439,-0.012457132339477539,-0.05431544780731201,0.006749993056530457,0.004911661148071289,-0.07388544082641602,0.0033181897425151874,0.0026741623878479004,-0.09355705976486206,-0.0034179833191387843,0.001753389835357666,-0.06955581903457642,0.0019905095514900495,0.0016793608665466309,-0.058100879192352295,0.008991860650951367
2,0.0,0.0,0.0,-0.032338857650756836,-0.01791203022003174,-0.0031153465619695453,-0.05202317237854004,-0.048178136348724365,-0.001759088388496366,-0.05899345874786377,-0.08544480800628662,-0.0026238827499014405,-0.050823330879211426,-0.10687369108200073,-0.0007147321825300423,-0.04408818483352661,-0.07829928398132324,0.019088027160762522,-0.0452389121055603,-0.10858893394470215,0.005908071622400257,-0.040008366107940674,-0.0821574330329895,-0.0029111294074368743,-0.037601590156555176,-0.06341981887817383,-0.005945348553211716,-0.028103113174438477,-0.08007919788360596,0.016644897963999483,-0.029714643955230713,-0.10924756526947021,0.002931465022413704,-0.025620222091674805,-0.07386225461959839,-0.0020129526032519607,-0.02587372064590454,-0.057805001735687256,-0.0007237211333972482,-0.012639164924621582,-0.07878619432449341,0.010902698245047304,-0.013198137283325195,-0.10740011930465698,-0.0023307960013312368,-0.012487411499023438,-0.07360416650772095,0.0018740670989814134,-0.012950003147125244,-0.055504798889160156,0.009683922957776758,0.004036128520965576,-0.07307994365692139,0.0044483594597863885,0.0022758841514587402,-0.09527158737182617,-0.0008256790692371396,0.0010601282119750977,-0.07285267114639282,0.005191691778748009,0.0003008842468261719,-0.05997276306152344,0.012461229320763323
2,0.0,0.0,0.0,-0.03214383125305176,-0.017243921756744385,-0.006002844388959261,-0.056039273738861084,-0.045428574085235596,-0.0070640953102980575,-0.06493890285491943,-0.08288657665252686,-0.009572451080558153,-0.054075539112091064,-0.10390645265579224,-0.00922305796611056,-0.050134479999542236,-0.07896053791046143,0.012136599902632383,-0.05038714408874512,-0.1123960018157959,-0.0018502622455258688,-0.043293297290802,-0.0871042013168335,-0.011130056421635004,-0.041293323040008545,-0.06589728593826294,-0.01470793698298678,-0.03172731399536133,-0.08272159099578857,0.010114218030693678,-0.03261774778366089,-0.11345648765563965,-0.0033157622286950073,-0.026231586933135986,-0.0798187255859375,-0.00770665387007341,-0.027887582778930664,-0.06262826919555664,-0.006733016654280277,-0.013952791690826416,-0.08162862062454224,0.0049427756263042966,-0.014661192893981934,-0.11206477880477905,-0.00775464585366592,-0.011881649494171143,-0.08085405826568604,-0.0025161966526781043,-0.01389169692993164,-0.062032878398895264,0.005236449108096508,0.003835737705230713,-0.07413893938064575,-0.001219782939543279,0.0019081830978393555,-0.09834903478622437,-0.006522325876531454,0.0021335482597351074,-0.07759881019592285,0.000474156501340417,0.0006792545318603516,-0.06346249580383301,0.00808068729621425
2,0.0,0.0,0.0,-0.029828011989593506,-0.016517579555511475,-0.006468797440334129,-0.05651730298995972,-0.047648847103118896,-0.008625930512948798,-0.06873160600662231,-0.08161753416061401,-0.011957650410636234,-0.059204161167144775,-0.1052820086479187,-0.012873108836515712,-0.04922598600387573,-0.07612806558609009,0.007185955659792853,-0.05153864622116089,-0.11780822277069092,-0.004790712020053434,-0.04238158464431763,-0.1067819595336914,-0.014116251247628497,-0.03827071189880371,-0.08347100019454956,-0.018223199399812984,-0.031337618827819824,-0.08209013938903809,0.0053932966080765254,-0.031207919120788574,-0.1208881139755249,-0.005090549925967025,-0.022239327430725098,-0.10112810134887695,-0.010589807632072734,-0.022891879081726074,-0.07874983549118042,-0.01181686610232191,-0.013129055500030518,-0.08148109912872314,0.0010793092775429614,-0.01311182975769043,-0.11955058574676514,-0.008171225304408836,-0.007961034774780273,-0.10061407089233398,-0.006027969403817224,-0.010503888130187988,-0.07846188545227051,-0.002015771449237036,0.004658222198486328,-0.07480448484420776,-0.004187373316540288,0.005014002323150635,-0.10257726907730103,-0.008542770857616233,0.0062103271484375,-0.09173721075057983,-0.00410713382314043,0.0032773613929748535,-0.07595705986022949,0.000677421642308218
2,0.0,0.0,0.0,-0.03233611583709717,-0.017253577709197998,-0.003059421691787634,-0.058178603649139404,-0.0504721999168396,-0.0026405356151286696,-0.06897866725921631,-0.08020997047424316,-0.004088368758303318,-0.0646011233329773,-0.09897440671920776,-0.003738364463416133,-0.04770606756210327,-0.0823206901550293,0.010682515774178114,-0.05226784944534302,-0.12217015027999878,0.0017341341332297588,-0.04378044605255127,-0.12060832977294922,-0.006852362330747042,-0.03767406940460205,-0.10296159982681274,-0.010886452186596784,-0.030613481998443604,-0.08819502592086792,0.007885504488157835,-0.03182011842727661,-0.12825947999954224,0.0005918608836594785,-0.024439871311187744,-0.12108463048934937,-0.005542878087354097,-0.02215719223022461,-0.10080599784851074,-0.008087391059589777,-0.012618660926818848,-0.08601206541061401,0.0028745901978339816,-0.013483822345733643,-0.1255391240119934,-0.003216903915372882,-0.009762346744537354,-0.11799353361129761,-0.00426526277114192,-0.009556353092193604,-0.09689205884933472,-0.003489845923823509,0.006260812282562256,-0.07836300134658813,-0.0028829043989304637,0.006657123565673828,-0.10783624649047852,-0.006145022835326586,0.005894303321838379,-0.10455572605133057,-0.004799805141729507,0.003525257110595703,-0.08931130170822144,-0.002885266698640976
2,0.0,0.0,0.0,-0.03422635793685913,-0.02260357141494751,-0.0033532568704965904,-0.059201717376708984,-0.04901331663131714,-0.0045910604749503925,-0.07355087995529175,-0.07795119285583496,-0.007609105341571887,-0.07571476697921753,-0.1027795672416687,-0.009602663711148818,-0.04388868808746338,-0.08834606409072876,0.011427111319762151,-0.04740661382675171,-0.12386608123779297,0.0030101156807806895,-0.045848309993743896,-0.1357690691947937,-0.00725711663110884,-0.04266798496246338,-0.13160830736160278,-0.013361288838523944,-0.026704609394073486,-0.09203159809112549,0.008278815403145234,-0.029512345790863037,-0.13159096240997314,0.00012812711790433085,-0.027638494968414307,-0.13967949151992798,-0.01065008868320616,-0.025570154190063477,-0.12853026390075684,-0.017092886053461154,-0.008716940879821777,-0.088966965675354,0.0032091067186859057,-0.010071396827697754,-0.12641078233718872,-0.005071687184709628,-0.010262906551361084,-0.13598984479904175,-0.01294355806751879,-0.010171055793762207,-0.12320142984390259,-0.0168627990861121,0.010818839073181152,-0.08021920919418335,-0.0022485129520926073,0.013360023498535156,-0.1098671555519104,-0.00885493089302214,0.011265814304351807,-0.11937946081161499,-0.012496617295283396,0.008597373962402344,-0.11268025636672974,-0.013887132190603335
2,0.0,0.0,0.0,-0.03322577476501465,-0.018886685371398926,-0.00484482316427276,-0.05866330862045288,-0.044645726680755615,-0.006702988651919817,-0.07257324457168579,-0.07170349359512329,-0.009683802501637195,-0.07620179653167725,-0.09619259834289551,-0.011195108072239612,-0.043381690979003906,-0.09026843309402466,0.010760462133806492,-0.04790222644805908,-0.12501245737075806,0.004338957125913645,-0.04829442501068115,-0.134121835231781,-0.003110069559294437,-0.047648727893829346,-0.1305934190750122,-0.007342779786664699,-0.026021957397460938,-0.09372174739837646,0.008707752673548008,-0.029480040073394775,-0.12724977731704712,0.003698497068729545,-0.029540717601776123,-0.135745108127594,-0.0025534862758253563,-0.029987633228302002,-0.13215863704681396,-0.006054290813732599,-0.008699119091033936,-0.09046012163162231,0.004265697429549242,-0.009446918964385986,-0.12121576070785522,-0.0008641929704357731,-0.010111749172210693,-0.1313648223876953,-0.0035599158251319873,-0.011488080024719238,-0.13020271062850952,-0.0044418524590914,0.010767221450805664,-0.0810924768447876,-0.001034577736969744,0.01371389627456665,-0.10664153099060059,-0.004570536093193744,0.01200258731842041,-0.11838531494140625,-0.004807412402111744,0.009164094924926758,-0.12317758798599243,-0.004073834290135359
2,0.0,0.0,0.0,-0.03039419651031494,-0.017201244831085205,-0.004932821755565087,-0.05600595474243164,-0.044696152210235596,-0.005438501508242766,-0.06988716125488281,-0.07146281003952026,-0.006608889465487877,-0.0734967589378357,-0.09532707929611206,-0.006886201006627957,-0.03765857219696045,-0.08199727535247803,0.008428157745592912,-0.04185205698013306,-0.11374557018280029,0.004378399784409126,-0.042151689529418945,-0.12568479776382446,-0.0008336866430820322,-0.04298192262649536,-0.13374590873718262,-0.004571660914725939,-0.019275188446044922,-0.08561539649963379,0.006672313409589847,-0.021658360958099365,-0.11924827098846436,0.004974601297371706,-0.022663593292236328,-0.13516342639923096,0.0010591865011608803,-0.024944067001342773,-0.14781945943832397,-0.002443513161770383,-0.0018978118896484375,-0.08268994092941284,0.002746717744239291,-0.002546548843383789,-0.1144605278968811,-0.0006474289384552634,-0.004283547401428223,-0.12939441204071045,-0.0022037641883709824,-0.007270097732543945,-0.14150190353393555,-0.0035687599138238824,0.016759634017944336,-0.0748634934425354,-0.002040980411029736,0.019333958625793457,-0.10045063495635986,-0.00457630309209911,0.018461227416992188,-0.11320286989212036,-0.0038664851144769585,0.016059160232543945,-0.12396305799484253,-0.003476295414648334
2,0.0,0.0,0.0,-0.02137356996536255,0.0035723447799682617,-0.00944311075916815,-0.0405619740486145,-0.00970536470413208,-0.014566360945611478,-0.05087369680404663,-0.027811169624328613,-0.018791704411416532,-0.052442729473114014,-0.048535943031311035,-0.022873104522734167,-0.02129518985748291,-0.034530460834503174,-0.008332801955550195,-0.02280062437057495,-0.05550670623779297,-0.012791540446489336,-0.02301722764968872,-0.0681157112121582,-0.016777702580004217,-0.022789955139160156,-0.07944494485855103,-0.020217667306571485,-0.003614485263824463,-0.03909742832183838,-0.008085686686246873,-0.004278838634490967,-0.06292253732681274,-0.010699105421810629,-0.005435764789581299,-0.07797425985336304,-0.014063760611026765,-0.005797207355499268,-0.09259378910064697,-0.01804393247774172,0.013061761856079102,-0.03864234685897827,-0.009049523594587328,0.014140427112579346,-0.061727702617645264,-0.01426435352376032,0.013681292533874512,-0.0739099383354187,-0.016438058550267698,0.01357722282409668,-0.08713442087173462,-0.01895858437827158,0.03018587827682495,-0.03296935558319092,-0.010620807270317556,0.0373152494430542,-0.04747098684310913,-0.0160560970853858,0.04010629653930664,-0.05457574129104614,-0.01674293444564867,0.040688157081604004,-0.06094706058502197,-0.017668114016561987
2,0.0,0.0,0.0,-0.03307747840881348,-0.03771764039993286,-0.0030344435210192255,-0.04859745502471924,-0.08362728357315063,-0.003876661109816437,-0.0527116060256958,-0.12782126665115356,-0.00464305763233841,-0.05412572622299194,-0.16075921058654785,-0.0047747480413729,-0.028609156608581543,-0.11280167102813721,6.699164151524606e-05,-0.028051316738128662,-0.17195385694503784,-0.0034224797702246956,-0.02739131450653076,-0.20349502563476562,-0.005352844177823668,-0.026742100715637207,-0.2260846495628357,-0.006304653986435538,-0.004742443561553955,-0.11290448904037476,-0.0006788833263182692,-0.003837108612060547,-0.1754477620124817,-0.003878935632374292,-0.004397034645080566,-0.21087610721588135,-0.00679598764617384,-0.004646599292755127,-0.23800790309906006,-0.008674117430191641,0.0161135196685791,-0.10456866025924683,-0.002221008689221149,0.019444763660430908,-0.1607147455215454,-0.005233460730951434,0.020137786865234375,-0.19329148530960083,-0.008043291672211295,0.019894719123840332,-0.21758431196212769,-0.009693845800202494,0.034581899642944336,-0.08978360891342163,-0.00385152564485014,0.038655996322631836,-0.12642055749893188,-0.0043393747611755185,0.04045605659484863,-0.14973706007003784,-0.0041639699331337265,0.04080122709274292,-0.16696804761886597,-0.003728036695238357
